state,district,market,commodity,modal_price
Uttarakhand,Haridwar,Roorkee APMC,Carrot,750.0
Uttarakhand,Haridwar,Roorkee APMC,Tomato,1600.0
Gujarat,Mehsana,Mehsana APMC,Wheat,2250.0
Gujarat,Mehsana,Mehsana APMC,Castor Seed,6450.0
Madhya Pradesh,Indore,Indore(F&V) APMC,Banana,800.0
Madhya Pradesh,Indore,Indore(F&V) APMC,Drumstick,3000.0
Madhya Pradesh,Indore,Indore(F&V) APMC,Cabbage,600.0
Madhya Pradesh,Indore,Indore(F&V) APMC,Water Melon,600.0
Madhya Pradesh,Indore,Indore(F&V) APMC,Chikoos(Sapota),3500.0
Madhya Pradesh,Indore,Indore(F&V) APMC,Ginger(Green),3000.0
Madhya Pradesh,Indore,Indore(F&V) APMC,Bottle gourd,1600.0
Uttar Pradesh,Balrampur,Utraula APMC,Wood,450.0
Uttar Pradesh,Balrampur,Utraula APMC,Paddy(Common),2116.71
Gujarat,Gandhinagar,Kalol APMC,Mustard,6575.0
Madhya Pradesh,Badwani,Sendhwa APMC,Wheat,2180.0
Rajasthan,Kota,Manohararthana APMC,Wheat,2220.0
Uttar Pradesh,Sitapur,Sidhauli APMC,Rab/Liquid Jaggery/Molasses,3000.0
Uttar Pradesh,Sitapur,Sidhauli APMC,Wood,700.0
Uttar Pradesh,Sitapur,Sidhauli APMC,Mustard,5939.01
Uttar Pradesh,Aligarh,Aligarh APMC,Wheat,2451.68
Uttar Pradesh,Aligarh,Aligarh APMC,Paddy(Common),4000.0
Madhya Pradesh,Shivpuri,Karera(F&V) APMC,Banana,1700.0
Madhya Pradesh,Shivpuri,Karera(F&V) APMC,Water Melon,1200.0
Madhya Pradesh,Rewa,Rewa(F&V) APMC,Potato,500.0
Madhya Pradesh,Morena,Sabalgarh(F&V) APMC,Tomato,1000.0
Madhya Pradesh,Morena,Sabalgarh(F&V) APMC,Green Chilli,2750.0
Madhya Pradesh,Morena,Sabalgarh(F&V) APMC,Cucumbar(Kheera),1000.0
Rajasthan,Ganganagar,Sriganganagar (F&V) APMC,Green Chilli,5000.0
Rajasthan,Ganganagar,Sriganganagar (F&V) APMC,Cucumbar(Kheera),600.0
Rajasthan,Ganganagar,Sriganganagar (F&V) APMC,Pineapple,4600.0
Rajasthan,Ganganagar,Sriganganagar (F&V) APMC,Beetroot,1500.0
Rajasthan,Ganganagar,Sriganganagar (F&V) APMC,Spinach,1200.0
Rajasthan,Ganganagar,Sriganganagar (F&V) APMC,Potato,700.0
Rajasthan,Ganganagar,Sriganganagar (F&V) APMC,Sponge gourd,4800.0
Rajasthan,Ganganagar,Sriganganagar (F&V) APMC,Bhindi(Ladies Finger),6000.0
Rajasthan,Ganganagar,Sriganganagar (F&V) APMC,Raddish,1300.0
Uttar Pradesh,Aligarh,Atrauli APMC,Cabbage,1050.0
Assam,Kamrup,Fancy Bazaar APMC,Turmeric(raw),17000.0
Assam,Kamrup,Fancy Bazaar APMC,Green Gram Dal(Moong Dal),7100.0
Assam,Kamrup,Fancy Bazaar APMC,Mustard Oil,18333.33425
Uttar Pradesh,Ayodhya,Ayodhya APMC,Mustard,5000.0
Uttar Pradesh,Ayodhya,Ayodhya APMC,Firewood,390.0
Uttar Pradesh,Ayodhya,Ayodhya APMC,Rice,2300.0
Uttar Pradesh,Azamgarh,Azamgarh APMC,Mustard,9180.0
Uttar Pradesh,Badaun,Babrala APMC,Wheat,2600.0
Gujarat,Surat,Vyra APMC,"Sesamum(Sesame,Gingelly,Til)",17875.0
Gujarat,Gandhinagar,Dehgam APMC,Bajra(Pearl Millet/Cumbu),2062.0
Gujarat,Banaskanth,Palanpur APMC,Castor Seed,6362.0
Gujarat,Navsari,Bilimora APMC,Bhindi(Ladies Finger),2800.0
Gujarat,Navsari,Bilimora APMC,Cabbage,700.0
Gujarat,Navsari,Bilimora APMC,Cauliflower,1800.0
Gujarat,Gandhinagar,Mansa APMC,Kabuli Chana(Chickpeas-White),5040.0
Gujarat,Sabarkantha,APMCKHEDBRAHMA,Castor Seed,6250.0
West Bengal,Nadia,Karimpur APMC,Rice,4900.0
West Bengal,Nadia,Karimpur APMC,Jute,11200.0
West Bengal,Nadia,Karimpur APMC,Mustard,6500.0
Madhya Pradesh,Badwani,Sendhwa(F&V) APMC,Carrot,1500.0
West Bengal,Bankura,Bishnupur(Bankura) APMC,Mustard,6400.0
Gujarat,Mehsana,Kadi APMC,Kulthi(Horse Gram),5000.0
Gujarat,Mehsana,Kadi APMC,Wheat,2300.0
Tamil Nadu,Dharmapuri,Karimangalam(Uzhavar Sandhai),Chikoos(Sapota),3900.0
Tamil Nadu,Dharmapuri,Karimangalam(Uzhavar Sandhai),Bitter gourd,3400.0
Tamil Nadu,Dharmapuri,Karimangalam(Uzhavar Sandhai),Amaranthus,2400.0
Tamil Nadu,Dharmapuri,Karimangalam(Uzhavar Sandhai),Green Chilli,3900.0
Tamil Nadu,Dharmapuri,Karimangalam(Uzhavar Sandhai),Raddish,1300.0
Tamil Nadu,Dharmapuri,Karimangalam(Uzhavar Sandhai),Mint(Pudina),5750.0
Tamil Nadu,Salem,Mecheri(Uzhavar Sandhai),Cauliflower,2750.0
Tamil Nadu,Salem,Mecheri(Uzhavar Sandhai),Coriander(Leaves),2250.0
Tamil Nadu,Salem,Mecheri(Uzhavar Sandhai),Papaya,2750.0
Tamil Nadu,Salem,Mecheri(Uzhavar Sandhai),Tomato,1550.0
Tamil Nadu,Salem,Mecheri(Uzhavar Sandhai),Pumpkin,1750.0
Tamil Nadu,Salem,Mecheri(Uzhavar Sandhai),Beetroot,4750.0
Tamil Nadu,Vellore,Pallikonda(Uzhavar Sandhai),Ginger(Green),6500.0
Tamil Nadu,Vellore,Pallikonda(Uzhavar Sandhai),Beetroot,2500.0
Tamil Nadu,Vellore,Pallikonda(Uzhavar Sandhai),Cucumbar(Kheera),2250.0
Tamil Nadu,Vellore,Pallikonda(Uzhavar Sandhai),Mango(Raw-Ripe),2750.0
Tamil Nadu,Vellore,Pallikonda(Uzhavar Sandhai),Tender Coconut,2500.0
Tamil Nadu,Vellore,Pallikonda(Uzhavar Sandhai),Colacasia,3000.0
Tamil Nadu,Vellore,Perampet(Uzhavar Sandhai),Coriander(Leaves),3600.0
Tamil Nadu,Vellore,Perampet(Uzhavar Sandhai),Tomato,1400.0
Tamil Nadu,Vellore,Perampet(Uzhavar Sandhai),Cluster beans,4000.0
Tamil Nadu,Vellore,Perampet(Uzhavar Sandhai),Bitter gourd,3600.0
Tamil Nadu,Vellore,Perampet(Uzhavar Sandhai),Bhindi(Ladies Finger),3600.0
Tamil Nadu,Vellore,Perampet(Uzhavar Sandhai),Green Chilli,4600.0
Tamil Nadu,Vellore,Perampet(Uzhavar Sandhai),Cowpea(Veg),4000.0
Tamil Nadu,Vellore,Perampet(Uzhavar Sandhai),Banana - Green,3500.0
Tamil Nadu,Vellore,Perampet(Uzhavar Sandhai),Beans,4600.0
Tamil Nadu,Vellore,Perampet(Uzhavar Sandhai),Carrot,3600.0
Tamil Nadu,Vellore,Perampet(Uzhavar Sandhai),Ridgeguard(Tori),3600.0
Tamil Nadu,Vellore,Perampet(Uzhavar Sandhai),Lemon,10000.0
Tamil Nadu,Thanjavur,Peravurani(Uzhavar Sandhai),Banana - Green,3000.0
Tamil Nadu,Thanjavur,Peravurani(Uzhavar Sandhai),Onion Green,5000.0
Tamil Nadu,Pudukkottai,Ponnamaravathi(Uzhavar Sandhai),Drumstick,2750.0
Tamil Nadu,Pudukkottai,Ponnamaravathi(Uzhavar Sandhai),Mint(Pudina),4750.0
Tamil Nadu,Salem,Vazhapadi(Uzhavar Sandhai),Garlic,16500.0
Tamil Nadu,Salem,Vazhapadi(Uzhavar Sandhai),Coriander(Leaves),2900.0
Tamil Nadu,Salem,Vazhapadi(Uzhavar Sandhai),Water Melon,1650.0
Tamil Nadu,Salem,Vazhapadi(Uzhavar Sandhai),Cucumbar(Kheera),4850.0
Tamil Nadu,Salem,Vazhapadi(Uzhavar Sandhai),Capsicum,6700.0
Tamil Nadu,Salem,Vazhapadi(Uzhavar Sandhai),Drumstick,2250.0
Tamil Nadu,Salem,Vazhapadi(Uzhavar Sandhai),Mango(Raw-Ripe),4750.0
Tamil Nadu,Karur,Gandhigramam(Uzhavar Sandhai),Papaya,3250.0
Tamil Nadu,Karur,Gandhigramam(Uzhavar Sandhai),Tomato,1750.0
Tamil Nadu,Karur,Gandhigramam(Uzhavar Sandhai),Ashgourd,1750.0
Tamil Nadu,Karur,Gandhigramam(Uzhavar Sandhai),Raddish,2750.0
Tamil Nadu,Karur,Gandhigramam(Uzhavar Sandhai),Lemon,15750.0
Punjab,Ropar (Rupnagar),Morinda APMC,Banana,2500.0
Punjab,Ropar (Rupnagar),Morinda APMC,Cabbage,400.0
Punjab,Ropar (Rupnagar),Morinda APMC,Chikoos(Sapota),4000.0
Punjab,Ropar (Rupnagar),Morinda APMC,Bottle gourd,1500.0
Punjab,Ropar (Rupnagar),Morinda APMC,Cucumbar(Kheera),2250.0
Punjab,Ropar (Rupnagar),Morinda APMC,Raddish,700.0
Punjab,Ropar (Rupnagar),Morinda APMC,Sweet Pumpkin,1000.0
Madhya Pradesh,Ratlam,Jawra(F&V) APMC,Methi(Leaves),1400.0
Madhya Pradesh,Ratlam,Jawra(F&V) APMC,Ginger(Green),3800.0
Uttar Pradesh,Bahraich,Bahraich APMC,Paddy(Common),1850.0
Uttar Pradesh,Bahraich,Bahraich APMC,Wheat,2430.0
Uttar Pradesh,Bahraich,Bahraich APMC,Rice,2735.09
Uttar Pradesh,Bahraich,Bahraich APMC,Wood,584.93
Uttar Pradesh,Bahraich,Bahraich APMC,Wheat,2442.07
Uttar Pradesh,Bahraich,Bahraich APMC,Paddy(Common),1850.0
West Bengal,Medinipur(W),Ghatal APMC,Onion,1630.0
West Bengal,Coochbehar,Haldibari APMC,Potato,800.0
West Bengal,Bankura,Indus(Bankura Sadar) APMC,Green Chilli,5200.0
West Bengal,Medinipur(E),Kolaghat APMC,Rice,3700.0
West Bengal,Medinipur(E),Kolaghat APMC,Tube Rose(Loose),7500.0
Uttar Pradesh,Balrampur,Balrampur APMC,Paddy(Common),1800.0
Uttar Pradesh,Balrampur,Balrampur APMC,Wood,523.05
Uttar Pradesh,Balrampur,Balrampur APMC,Paddy(Common),1750.65
Uttar Pradesh,Banda,Banda APMC,Masur Dal,6400.0
Uttar Pradesh,Banda,Banda APMC,Wheat,2600.0
Uttar Pradesh,Banda,Banda APMC,Peas(Dry),4292.19
Uttar Pradesh,Barabanki,Barabanki APMC,Wood,575.0
Uttar Pradesh,Barabanki,Barabanki APMC,Paddy(Common),2200.0
Uttar Pradesh,Barabanki,Barabanki APMC,Paddy(Common),2000.0
Uttar Pradesh,Bareilly,Bareilly APMC,Mentha Oil,105000.0
Uttar Pradesh,Bareilly,Bareilly APMC,Khandsari(Desi Khand),4082.18
Uttar Pradesh,Basti,Basti APMC,Wheat,2450.0
Uttar Pradesh,Basti,Basti APMC,Wheat,2450.0
Uttar Pradesh,Hamirpur,Bharuasumerpur APMC,Firewood,400.0
Uttar Pradesh,Hamirpur,Bharuasumerpur APMC,Wheat,2250.14
Uttar Pradesh,Fatehpur,Bindki APMC,Bajra(Pearl Millet/Cumbu),2000.0
Uttar Pradesh,Fatehpur,Bindki APMC,Wheat,2350.0
Uttar Pradesh,Pillibhit,Bishalpur APMC,Firewood,500.0
Uttar Pradesh,Sitapur,Viswan APMC,Onion,1200.0
Uttar Pradesh,Sambhal,Chandausi APMC,Masur Dal,8651.0
Uttar Pradesh,Sambhal,Chandausi APMC,Green Gram Dal(Moong Dal),9527.56
Uttar Pradesh,Sambhal,Chandausi APMC,Wheat,2450.0
Uttar Pradesh,Aligarh,Charra APMC,Mustard,6100.0
Uttar Pradesh,Saharanpur,Chutmalpur APMC,Ginger(Green),3450.0
Uttar Pradesh,Saharanpur,Chutmalpur APMC,Onion,1700.0
Uttar Pradesh,Gautam Budh Nagar,Dadri APMC,Wheat,2650.0
Uttar Pradesh,Deoria,Devariya APMC,Garlic,4000.0
Uttar Pradesh,Deoria,Devariya APMC,Wheat,2570.0
Uttar Pradesh,Gonda,Colonelganj APMC,Maize,1900.0
Uttar Pradesh,Gonda,Colonelganj APMC,Masur Dal,5251.66
Uttar Pradesh,Gonda,Colonelganj APMC,Firewood,296.28
Uttar Pradesh,Mau(Maunathbhanjan),Doharighat APMC,Paddy(Common),2300.0
Uttar Pradesh,Mau(Maunathbhanjan),Doharighat APMC,Rice,2500.0
Maharashtra,Ahmednagar,Parner APMC,Onion,975.0
Maharashtra,Akola,Akola APMC,Arhar(Tur/Red Gram)(Whole),7675.0
Maharashtra,Akola,Akola APMC,Onion,700.0
Maharashtra,Akola,Akola APMC,Garlic,7500.0
Maharashtra,Chattrapati Sambhajinagar,Paithan APMC,Bajra(Pearl Millet/Cumbu),1800.0
Maharashtra,Chattrapati Sambhajinagar,Paithan APMC,Soyabean,3200.0
Maharashtra,Beed,Beed APMC,Jowar(Sorghum),2300.0
Maharashtra,Hingoli,Sengoan APMC,Arhar(Tur/Red Gram)(Whole),7300.0
Maharashtra,Hingoli,Sengoan APMC,Soyabean,5250.0
Maharashtra,Jalgaon,Bhusaval APMC,Lime,9500.0
Maharashtra,Jalgaon,Bhusaval APMC,Beetroot,1000.0
Maharashtra,Jalgaon,Bhusaval APMC,Onion Green,3000.0
Maharashtra,Jalgaon,Bhusaval APMC,Drumstick,2500.0
Maharashtra,Mumbai,Mumbai- Fruit Market APMC,Chikoos(Sapota),5000.0
Maharashtra,Mumbai,Mumbai- Fruit Market APMC,Water Melon,1900.0
Maharashtra,Mumbai,Mumbai APMC,Bhindi(Ladies Finger),3300.0
Maharashtra,Mumbai,Mumbai APMC,French Beans(Frasbean),3700.0
Maharashtra,Mumbai,Mumbai APMC,Cucumbar(Kheera),1600.0
Maharashtra,Mumbai,Mumbai APMC,Bitter gourd,2000.0
Maharashtra,Mumbai,Mumbai APMC,Chilly Capsicum,2900.0
Maharashtra,Mumbai,Mumbai APMC,Elephant Yam(Suran)/Amorphophallus,3900.0
Maharashtra,Mumbai,Mumbai APMC,Brinjal,1400.0
Maharashtra,Mumbai,Mumbai APMC,Green Chilli,5300.0
Maharashtra,Nagpur,Katol APMC,Wheat,2350.0
Maharashtra,Nagpur,Katol APMC,Bengal Gram(Gram)(Whole),5250.0
Maharashtra,Nashik,Pimpalgaon APMC,Onion,1350.0
Maharashtra,Nashik,Pimpalgaon APMC,Onion,900.0
Maharashtra,Pune,Junnar(Alephata) APMC,Onion,1150.0
Maharashtra,Pune,Junnar(Otur) APMC,Bhindi(Ladies Finger),2500.0
Maharashtra,Pune,Junnar(Otur) APMC,Bottle gourd,500.0
Maharashtra,Pune,Junnar(Otur) APMC,Chilly Capsicum,3000.0
Maharashtra,Pune,Junnar(Otur) APMC,Green Chilli,3300.0
Maharashtra,Pune,Khed APMC,Cauliflower,800.0
Maharashtra,Pune,Khed APMC,Cabbage,400.0
Maharashtra,Pune,Khed APMC,Coriander(Leaves),800.0
Maharashtra,Pune,Khed(Chakan) APMC,Water Melon,700.0
Maharashtra,Pune,Khed(Chakan) APMC,Bottle gourd,1000.0
Maharashtra,Pune,Khed(Chakan) APMC,Cucumbar(Kheera),1200.0
Maharashtra,Pune,Khed(Chakan) APMC,Onion,1200.0
Maharashtra,Pune,Pune APMC,Potato,950.0
Maharashtra,Pune,Pune APMC,Methi(Leaves),7.0
Maharashtra,Pune,Pune APMC,Spinach,6.0
Maharashtra,Pune,Pune APMC,Ridgeguard(Tori),2250.0
Maharashtra,Pune,Pune APMC,Black Gram(Urd Beans)(Whole),9700.0
Maharashtra,Pune,Pune APMC,Pomegranate,8700.0
Maharashtra,Pune,Pune(Manjri) APMC,Water Melon,1200.0
Maharashtra,Pune,Pune(Manjri) APMC,Bitter gourd,2500.0
Maharashtra,Pune,Pune(Manjri) APMC,Ridgeguard(Tori),2500.0
Maharashtra,Pune,Pune(Moshi) APMC,Mango,12500.0
Maharashtra,Pune,Pune(Moshi) APMC,Pineapple,5000.0
Maharashtra,Pune,Pune(Moshi) APMC,Water Melon,1000.0
Maharashtra,Pune,Pune(Moshi) APMC,Chilly Capsicum,3000.0
Maharashtra,Pune,Pune(Moshi) APMC,Spinach,10.0
Maharashtra,Pune,Pune(Moshi) APMC,Brinjal,2500.0
Maharashtra,Pune,Pune(Pimpri) APMC,Onion,1100.0
Maharashtra,Satara,Patan APMC,Green Chilli,3000.0
Maharashtra,Satara,Vai APMC,Ginger(Green),4500.0
Maharashtra,Sholapur,Akluj APMC,Potato,1100.0
Maharashtra,Sholapur,Akluj APMC,Cauliflower,1200.0
Maharashtra,Sholapur,Akluj APMC,Chilly Capsicum,3000.0
Maharashtra,Sholapur,Akluj APMC,Tomato,1000.0
Maharashtra,Sholapur,Mangal Wedha APMC,Ridgeguard(Tori),3000.0
Maharashtra,Sholapur,Mangal Wedha APMC,Tomato,1000.0
Maharashtra,Sholapur,Solapur APMC,Karbuja(Musk Melon),1000.0
Maharashtra,Sholapur,Solapur APMC,Carrot,2000.0
Maharashtra,Sholapur,Solapur APMC,Guar,3000.0
Maharashtra,Sholapur,Solapur APMC,Bitter gourd,2500.0
Maharashtra,Sholapur,Solapur APMC,Coriander(Leaves),600.0
Maharashtra,Sholapur,Solapur APMC,Soyabean,5615.0
Maharashtra,Sholapur,Solapur APMC,Mango,10000.0
Maharashtra,Thane,Murbad APMC,Bhindi(Ladies Finger),3500.0
Maharashtra,Thane,Murbad APMC,Bitter gourd,2500.0
Maharashtra,Wardha,Pulgaon APMC,Cotton,7600.0
Uttar Pradesh,Lakhimpur,Golagokarnath APMC,Paddy(Common),1800.0
Uttar Pradesh,Lakhimpur,Golagokarnath APMC,Wood,600.0
Uttar Pradesh,Bhadohi(Sant Ravi Nagar),Gopiganj APMC,Paddy(Common),2200.0
Uttar Pradesh,Jhansi,Gurusarai APMC,Peas(Dry),3600.0
Uttar Pradesh,Jhansi,Gurusarai APMC,Bengal Gram(Gram)(Whole),5056.44
Uttar Pradesh,Ghaziabad,Hapur APMC,Firewood,523.59
Uttar Pradesh,Sitapur,Hargaon (Laharpur) APMC,Khandsari(Desi Khand),4011.0
Uttar Pradesh,Sitapur,Hargaon (Laharpur) APMC,Wood,550.0
Uttar Pradesh,Sitapur,Hargaon (Laharpur) APMC,Gur(Jaggery),3709.18
Uttar Pradesh,Amethi,Jafarganj APMC,Wood,500.0
Uttar Pradesh,Amethi,Jafarganj APMC,Wheat,2343.64
Uttar Pradesh,Raebarelli,Jayas APMC,Onion,1200.0
Uttar Pradesh,Jalaun (Orai),Jalaun APMC,Raddish,2000.0
Uttar Pradesh,Jalaun (Orai),Jalaun APMC,Tomato,800.0
Uttar Pradesh,Ghazipur,Jangipura APMC,Bengal Gram Dal(Chana Dal),6625.0
Uttar Pradesh,Ghazipur,Jangipura APMC,Paddy(Common),2100.0
Uttar Pradesh,Prayagraj,Jasra APMC,Mustard,6147.5
Uttar Pradesh,Prayagraj,Jasra APMC,Wheat,2300.0
Uttar Pradesh,Jhansi,Jhansi APMC,Barley(Jau),2000.0
Uttar Pradesh,Jhansi,Jhansi APMC,Green Chilli,2200.0
Uttar Pradesh,Jhansi,Jhansi APMC,Wheat,2305.56
Uttar Pradesh,Jhansi,Jhansi APMC,Tomato,1500.0
Uttar Pradesh,Jhansi,Jhansi APMC,Groundnut,6931.21
Uttar Pradesh,Kanpur Dehat,Jhijhank APMC,Rice,2655.0
Uttar Pradesh,Kanpur Dehat,Jhijhank APMC,Wood,500.0
Uttar Pradesh,Kanpur Dehat,Jhijhank APMC,Maize,1801.24
Uttar Pradesh,Farukhabad,Kayamganj APMC,Wood,700.0
Uttar Pradesh,Jalaun (Orai),Kalpi APMC,Peas(Dry),4000.0
Uttar Pradesh,Chitrakut,Karvi APMC,Barley(Jau),2300.0
Uttar Pradesh,Kasganj,Kasganj APMC,Bajra(Pearl Millet/Cumbu),1755.4
Uttar Pradesh,Aligarh,Khair APMC,Wheat,2278.52
Uttar Pradesh,Bulandshahar,Khurja APMC,Wheat,2590.0
Uttar Pradesh,Bijnor,Kiratpur APMC,Bottle gourd,1450.0
Uttar Pradesh,Jalaun (Orai),Konch APMC,Peas(Dry),3395.49
Uttar Pradesh,Mathura,Kosikalan APMC,Mustard,5951.03
Uttar Pradesh,Mathura,Kosikalan APMC,Green Chilli,3272.73
Uttar Pradesh,Mathura,Kosikalan APMC,Wheat,2450.06
Uttar Pradesh,Hamirpur,Kurara APMC,Peas(Dry),4000.0
Uttar Pradesh,Prayagraj,Lediyari APMC,Firewood,400.0
Uttar Pradesh,Hardoi,Madhoganj APMC,Paddy(Common),1800.0
Uttar Pradesh,Hardoi,Madhoganj APMC,Mustard,6234.05
Uttar Pradesh,Sitapur,Mehmoodabad APMC,Wheat,2303.74
Uttar Pradesh,Mahoba,Mahoba APMC,Mustard,6209.37
Uttar Pradesh,Mahoba,Mahoba APMC,Groundnut,6566.29
Uttar Pradesh,Jhansi,Moth APMC,Paddy(Common),4048.53
Uttar Pradesh,Muzaffarnagar,Muzzafarnagar APMC,Rab/Liquid Jaggery/Molasses,2300.0
Uttar Pradesh,Bahraich,Naanpara APMC,Wheat,2300.0
Uttar Pradesh,Bahraich,Naanpara APMC,Wood,514.02
Uttar Pradesh,Maharajganj,Nautnava APMC,Rice,2100.0
Uttar Pradesh,Maharajganj,Nautnava APMC,Firewood,400.0
Uttar Pradesh,Gonda,Nawabganj APMC,Wood,541.85
Uttar Pradesh,Gonda,Nawabganj APMC,Wheat,2350.0
Uttar Pradesh,Balrampur,Panchpedwa APMC,Paddy(Common),2000.0
Uttar Pradesh,Lakhimpur,Paliakala APMC,Potato,686.44
Uttar Pradesh,Lakhimpur,Paliakala APMC,Wheat,2300.0
Uttar Pradesh,Pratapgarh,Pratapgarh APMC,Paddy(Common),2073.04
Uttar Pradesh,Prayagraj,Prayagraj APMC,Ginger(Green),4000.0
Uttar Pradesh,Sonbhadra,Robertsganj APMC,Arhar Dal(Tur Dal),6041.67
Uttar Pradesh,Ayodhya,Rudauli APMC,Firewood,366.17
Uttar Pradesh,Kanpur Dehat,Rura APMC,Wheat,2300.0
Uttar Pradesh,Kanpur Dehat,Rura APMC,Wheat,2300.0
Uttar Pradesh,Kanpur Dehat,Rura APMC,Wheat,2300.0
Uttar Pradesh,Hathras,Shadabad APMC,Onion,950.0
Uttar Pradesh,Barabanki,Safdarganj APMC,Mustard,5645.89
Uttar Pradesh,Barabanki,Safdarganj APMC,Potato,500.0
Uttar Pradesh,Badaun,Shahaswan APMC,Bajra(Pearl Millet/Cumbu),1850.67
Uttar Pradesh,Badaun,Shahaswan APMC,Wood,550.0
Uttar Pradesh,Raebarelli,Salon APMC,Wheat,2325.0
Uttar Pradesh,Sambhal,Sambhal APMC,Wood,460.0
Uttar Pradesh,Sambhal,Sambhal APMC,Potato,400.0
Uttar Pradesh,Hardoi,Sandi APMC,Wood,450.0
Uttar Pradesh,Hardoi,Shahabad(New Mandi) APMC,Rice,2000.0
Uttar Pradesh,Hardoi,Shahabad(New Mandi) APMC,Mustard,6450.0
Uttar Pradesh,Jaunpur,Shahganj APMC,Wood,500.0
Uttar Pradesh,Jaunpur,Shahganj APMC,Wheat,2370.0
Uttar Pradesh,Shamli,Shamli APMC,Rice,3500.0
Uttar Pradesh,Shamli,Shamli APMC,Pegeon Pea(Arhar Fali),6250.0
Uttar Pradesh,Shamli,Shamli APMC,Garlic,7000.0
Uttar Pradesh,Bulandshahar,Sikarpur APMC,Cucumbar(Kheera),1300.0
Uttar Pradesh,Bulandshahar,Sikarpur APMC,Onion,1100.0
Uttar Pradesh,Prayagraj,Sirsa APMC,Wood,409.18
Uttar Pradesh,Firozabad,Sirsaganj APMC,Mustard,6700.0
Uttar Pradesh,Amethi,Sultanpur APMC,Firewood,325.0
Uttar Pradesh,Ghazipur,Saidpur APMC,Wood,350.0
Uttar Pradesh,Khiri (Lakhimpur),Tikonia APMC,Gur(Jaggery),3600.0
Uttar Pradesh,Balrampur,Tulsipur APMC,Green Chilli,5730.0
Uttar Pradesh,Balrampur,Tulsipur APMC,Bottle gourd,2350.0
Uttar Pradesh,Firozabad,Tundla APMC,Wheat,2550.0
Uttar Pradesh,Firozabad,Tundla APMC,Potato,500.0
Uttar Pradesh,Firozabad,Tundla APMC,Wheat,2550.0
Uttar Pradesh,Unnao,Unnao APMC,Wheat,2590.0
Uttar Pradesh,Unnao,Unnao APMC,Wheat,2597.51
Uttar Pradesh,Unnao,Unnao APMC,Wheat,2590.0
Uttar Pradesh,Ambedkarnagar,Tanda Akbarpur APMC,Rice,2400.0
Uttar Pradesh,Ghaziabad,Muradnagar APMC,Gur(Jaggery),4060.0
Uttar Pradesh,Hardoi,Sandila APMC,Green Chilli,3700.0
Uttar Pradesh,Hardoi,Sandila APMC,Ginger(Green),3000.0
Uttar Pradesh,Hardoi,Sandila APMC,Wheat,2382.34
Tripura,Dhalai,Kulai APMC,Green Chilli,7500.0
Tripura,Dhalai,Kulai APMC,Bhindi(Ladies Finger),5700.0
Tripura,Dhalai,Kulai APMC,Tomato,2500.0
Tripura,West District,Champaknagar APMC,Brinjal,3800.0
Tripura,West District,Champaknagar APMC,Potato,1900.0
Tripura,Dhalai,Chowmanu APMC,Potato,2000.0
Tripura,Dhalai,Chowmanu APMC,Cucumbar(Kheera),3500.0
Tripura,Dhalai,Chowmanu APMC,Green Chilli,9000.0
Tripura,Dhalai,Gandacharra APMC,Cucumbar(Kheera),4900.0
Nagaland,Longleng,Longleng APMC,Cabbage,2200.0
West Bengal,Kolkata,Sealdah Koley Market APMC,Cauliflower,2200.0
West Bengal,North 24 Parganas,Habra APMC,Green Chilli,3000.0
West Bengal,North 24 Parganas,Habra APMC,Potato,700.0
West Bengal,North 24 Parganas,Habra APMC,Onion,1000.0
West Bengal,North 24 Parganas,Habra APMC,Tomato,1300.0
Uttar Pradesh,Meerut,Sardhana APMC,Rab/Liquid Jaggery/Molasses,2750.0
Madhya Pradesh,Sehore,Shyampur APMC,Wheat,2200.0
Tamil Nadu,Coimbatore,Sulur(Uzhavar Sandhai ) APMC,Garlic,15000.0
Tamil Nadu,Coimbatore,Sulur(Uzhavar Sandhai ) APMC,Cabbage,1900.0
Tamil Nadu,Coimbatore,Sulur(Uzhavar Sandhai ) APMC,Mint(Pudina),3250.0
Tamil Nadu,Pudukkottai,Gandarvakottai(Uzhavar Sandhai ) APMC,Brinjal,3500.0
Tamil Nadu,Pudukkottai,Gandarvakottai(Uzhavar Sandhai ) APMC,Pumpkin,1000.0
Tamil Nadu,Pudukkottai,Gandarvakottai(Uzhavar Sandhai ) APMC,Amaranthus,1350.0
Tamil Nadu,Pudukkottai,Gandarvakottai(Uzhavar Sandhai ) APMC,Banana - Green,2500.0
Madhya Pradesh,Raisen,Gairatganj APMC,Paddy(Common),4005.0
Tamil Nadu,Nagapattinam,Mayiladuthurai(Uzhavar Sandhai ) APMC,Potato,4000.0
Tamil Nadu,Nagapattinam,Mayiladuthurai(Uzhavar Sandhai ) APMC,Banana - Green,3250.0
Tamil Nadu,Nagapattinam,Mayiladuthurai(Uzhavar Sandhai ) APMC,Beans,7000.0
Tamil Nadu,Nagapattinam,Mayiladuthurai(Uzhavar Sandhai ) APMC,Lime,3750.0
Tamil Nadu,Nagapattinam,Mayiladuthurai(Uzhavar Sandhai ) APMC,Mint(Pudina),4250.0
Tamil Nadu,Nagapattinam,Vedaranyam(Uzhavar Sandhai),Potato,3100.0
Tamil Nadu,Nagapattinam,Vedaranyam(Uzhavar Sandhai),Beetroot,3500.0
Tamil Nadu,Nagapattinam,Vedaranyam(Uzhavar Sandhai),Green Avare(W),4250.0
Tamil Nadu,Namakkal,Paramathivelur(Uzhavar Sandhai ) APMC,Banana,3250.0
Tamil Nadu,Namakkal,Paramathivelur(Uzhavar Sandhai ) APMC,Beans,8600.0
Tamil Nadu,Namakkal,Paramathivelur(Uzhavar Sandhai ) APMC,Coconut,4900.0
Tamil Nadu,Namakkal,Paramathivelur(Uzhavar Sandhai ) APMC,Chow Chow,2200.0
Tamil Nadu,Namakkal,Paramathivelur(Uzhavar Sandhai ) APMC,Elephant Yam(Suran)/Amorphophallus,2800.0
Tamil Nadu,Namakkal,Paramathivelur(Uzhavar Sandhai ) APMC,Lemon,8600.0
Tamil Nadu,Salem,Thammampatti (Uzhavar Sandhai ) APMC,Onion,2750.0
Tamil Nadu,Salem,Thammampatti (Uzhavar Sandhai ) APMC,Ginger(Green),8000.0
Tamil Nadu,Salem,Thammampatti (Uzhavar Sandhai ) APMC,Snakeguard,2500.0
Tamil Nadu,Salem,Thammampatti (Uzhavar Sandhai ) APMC,Drumstick,2000.0
Uttar Pradesh,Sitapur,Maholi APMC,Khandsari(Desi Khand),4005.45
Uttar Pradesh,Sitapur,Maholi APMC,Wood,560.0
Tamil Nadu,Thiruvarur,Tiruvarur(Uzhavar Sandhai ) APMC,Onion,3600.0
Tamil Nadu,Thiruvarur,Tiruvarur(Uzhavar Sandhai ) APMC,Bhindi(Ladies Finger),4000.0
Tamil Nadu,Thiruvarur,Tiruvarur(Uzhavar Sandhai ) APMC,Ridgeguard(Tori),4000.0
Tamil Nadu,Thiruvarur,Tiruvarur(Uzhavar Sandhai ) APMC,Raddish,3000.0
Tamil Nadu,Thiruvarur,Tiruvarur(Uzhavar Sandhai ) APMC,Mango(Raw-Ripe),4000.0
Tamil Nadu,Thiruvarur,Tiruvarur(Uzhavar Sandhai ) APMC,Guava,6000.0
Tamil Nadu,Coimbatore,Udumalpet APMC,Potato,2750.0
Tamil Nadu,Coimbatore,Udumalpet APMC,Papaya,2500.0
Tamil Nadu,Coimbatore,Udumalpet APMC,Water Melon,1650.0
Tamil Nadu,Coimbatore,Udumalpet APMC,Tomato,1350.0
Tamil Nadu,Coimbatore,Udumalpet APMC,Bitter gourd,4500.0
Tamil Nadu,Coimbatore,Udumalpet APMC,Ashgourd,1650.0
Tamil Nadu,Coimbatore,Udumalpet APMC,Cowpea(Veg),2350.0
Tamil Nadu,Coimbatore,Udumalpet APMC,Ridgeguard(Tori),4500.0
Tamil Nadu,Coimbatore,Udumalpet APMC,Indian Beans(Seam),5500.0
Tamil Nadu,Coimbatore,Udumalpet APMC,Sweet Corn ,4000.0
Uttar Pradesh,Bijnor,Dhampur APMC,Firewood,472.03
Tamil Nadu,Vellore,Katpadi (Uzhavar Sandhai ) APMC,Banana,5000.0
Tamil Nadu,Vellore,Katpadi (Uzhavar Sandhai ) APMC,Tomato,1750.0
Tamil Nadu,Vellore,Katpadi (Uzhavar Sandhai ) APMC,Pumpkin,2000.0
Tamil Nadu,Vellore,Katpadi (Uzhavar Sandhai ) APMC,Coconut,3250.0
Tamil Nadu,Vellore,Katpadi (Uzhavar Sandhai ) APMC,Cabbage,2000.0
Tamil Nadu,Vellore,Katpadi (Uzhavar Sandhai ) APMC,Raddish,2000.0
Tamil Nadu,Vellore,Katpadi (Uzhavar Sandhai ) APMC,Thondekai,5000.0
Tamil Nadu,Vellore,Katpadi (Uzhavar Sandhai ) APMC,Green Avare(W),4500.0
Tamil Nadu,Vellore,Katpadi (Uzhavar Sandhai ) APMC,Drumstick,4000.0
Tamil Nadu,Vellore,Katpadi (Uzhavar Sandhai ) APMC,Mango(Raw-Ripe),3500.0
Tamil Nadu,Vellore,Katpadi (Uzhavar Sandhai ) APMC,Onion Green,4500.0
Tamil Nadu,Vellore,Katpadi (Uzhavar Sandhai ) APMC,Mint(Pudina),2500.0
Tamil Nadu,Thanjavur,Kumbakonam (Uzhavar Sandhai ) APMC,Coriander(Leaves),3600.0
Tamil Nadu,Thanjavur,Kumbakonam (Uzhavar Sandhai ) APMC,Tomato,1900.0
Tamil Nadu,Thanjavur,Kumbakonam (Uzhavar Sandhai ) APMC,Ashgourd,2400.0
Tamil Nadu,Thanjavur,Kumbakonam (Uzhavar Sandhai ) APMC,Pumpkin,2400.0
Tamil Nadu,Thanjavur,Kumbakonam (Uzhavar Sandhai ) APMC,Bhindi(Ladies Finger),6000.0
Tamil Nadu,Thanjavur,Kumbakonam (Uzhavar Sandhai ) APMC,Green Chilli,4200.0
Tamil Nadu,Thanjavur,Kumbakonam (Uzhavar Sandhai ) APMC,Banana - Green,4000.0
Tamil Nadu,Thanjavur,Kumbakonam (Uzhavar Sandhai ) APMC,Tapioca,4000.0
Tamil Nadu,Thanjavur,Kumbakonam (Uzhavar Sandhai ) APMC,Sweet Potato,5000.0
Tamil Nadu,Thanjavur,Kumbakonam (Uzhavar Sandhai ) APMC,Beetroot,4200.0
Tamil Nadu,Thanjavur,Kumbakonam (Uzhavar Sandhai ) APMC,Raddish,2400.0
Tamil Nadu,Thanjavur,Kumbakonam (Uzhavar Sandhai ) APMC,Yam(Ratalu),6000.0
Tamil Nadu,Thanjavur,Kumbakonam (Uzhavar Sandhai ) APMC,Onion Green,3600.0
Tamil Nadu,Villupuram,Tindivanam APMC,Groundnut,6000.0
Tamil Nadu,Villupuram,Tindivanam APMC,Water Melon,1300.0
Tamil Nadu,Villupuram,Tindivanam APMC,Bitter gourd,3000.0
Tamil Nadu,Villupuram,Tindivanam APMC,Bhindi(Ladies Finger),4000.0
Tamil Nadu,Villupuram,Tindivanam APMC,Beans,5800.0
Tamil Nadu,Villupuram,Tindivanam APMC,Tapioca,4500.0
Tamil Nadu,Villupuram,Tindivanam APMC,Raddish,2000.0
Tamil Nadu,Villupuram,Tindivanam APMC,Onion Green,4000.0
Tamil Nadu,Villupuram,Tindivanam APMC,Rose(Local),16000.0
Tamil Nadu,Villupuram,Ulundurpettai APMC,Banana,3500.0
Tamil Nadu,Villupuram,Ulundurpettai APMC,Potato,3000.0
Tamil Nadu,Villupuram,Ulundurpettai APMC,Cluster beans,5000.0
Tamil Nadu,Villupuram,Ulundurpettai APMC,Amaranthus,2000.0
Tamil Nadu,Villupuram,Ulundurpettai APMC,Coconut,3500.0
Tamil Nadu,Villupuram,Ulundurpettai APMC,Thondekai,5000.0
Tamil Nadu,Villupuram,Ulundurpettai APMC,Mango(Raw-Ripe),8000.0
Tamil Nadu,Villupuram,Ulundurpettai APMC,Yam(Ratalu),4000.0
Madhya Pradesh,Rajgarh,Pachaur APMC,Wheat,2150.0
Madhya Pradesh,Rajgarh,Pachaur APMC,Wheat,2120.0
Madhya Pradesh,Rajgarh,Narsinghgarh APMC,Wheat,2150.0
Madhya Pradesh,Rajgarh,Chhapiheda APMC,Wheat,2175.0
Madhya Pradesh,Hoshangabad,Semriharchand APMC,Paddy(Common),3400.0
Madhya Pradesh,Indore,Sanwer APMC,Soyabean,5350.0
Madhya Pradesh,Indore,Sanwer APMC,Wheat,2225.0
Madhya Pradesh,Dhar,Badnawar APMC,Wheat,2100.0
Madhya Pradesh,Dhar,Manawar APMC,Maize,1675.0
Madhya Pradesh,Dhar,Rajgarh APMC,Maize,1625.0
Madhya Pradesh,Alirajpur,Alirajpur APMC,Wheat,2135.0
Madhya Pradesh,Alirajpur,Alirajpur APMC,Bengal Gram(Gram)(Whole),5200.0
Madhya Pradesh,Alirajpur,Jobat APMC,Bengal Gram(Gram)(Whole),5100.0
Madhya Pradesh,Alirajpur,Jobat APMC,Soyabean,4830.0
Madhya Pradesh,Alirajpur,Jobat APMC,Bengal Gram(Gram)(Whole),5100.0
Madhya Pradesh,Alirajpur,Jobat APMC,Maize,1440.0
Madhya Pradesh,Khargone,Bhikangaon APMC,Wheat,2200.0
Madhya Pradesh,Khargone,Badwaha APMC,Wheat,2200.0
Madhya Pradesh,Khargone,Karhi APMC,Wheat,2300.0
Madhya Pradesh,Khargone,Karhi APMC,Kabuli Chana(Chickpeas-White),8000.0
Madhya Pradesh,Khargone,Kasrawad APMC,Maize,1250.0
Madhya Pradesh,Khargone,Segaon APMC,Bengal Gram(Gram)(Whole),5100.0
Madhya Pradesh,Khargone,Segaon APMC,Kabuli Chana(Chickpeas-White),9305.0
Madhya Pradesh,Badwani,Anjad APMC,Kabuli Chana(Chickpeas-White),8200.0
Madhya Pradesh,Badwani,Balwadi APMC,Maize,1650.0
Madhya Pradesh,Khandwa,Harsood APMC,Bengal Gram(Gram)(Whole),5075.0
Madhya Pradesh,Khandwa,Pandhana APMC,Wheat,2250.0
Madhya Pradesh,Ujjain,Unhel APMC,Wheat,2376.0
Madhya Pradesh,Mandsaur,Piplya APMC,Garlic,7900.0
Madhya Pradesh,Ratlam,Jaora APMC,Methi Seeds,6521.7
Madhya Pradesh,Ratlam,Ratlam APMC,Wheat,2300.0
Madhya Pradesh,Ratlam,Ratlam APMC,Wheat,2600.0
Madhya Pradesh,Shajapur,Badod APMC,Tamarind Fruit,4650.0
Madhya Pradesh,Shajapur,Badod APMC,Wheat,2210.0
Madhya Pradesh,Datia,Sevda APMC,Wheat,2285.0
Madhya Pradesh,Datia,Sevda APMC,Mustard,7005.0
Madhya Pradesh,Datia,Sevda APMC,Wheat,2355.0
Madhya Pradesh,Gwalior,Lashkar APMC,Barley(Jau),2150.0
Madhya Pradesh,Guna,Maksudangarh APMC,Bengal Gram(Gram)(Whole),5000.0
Madhya Pradesh,Guna,Maksudangarh APMC,Wheat,2140.0
Madhya Pradesh,Shivpuri,Kolaras APMC,Mustard,6000.0
Madhya Pradesh,Shivpuri,Karera APMC,Barley(Jau),1850.0
Madhya Pradesh,Shivpuri,Karera APMC,Wheat,2225.0
Madhya Pradesh,Shivpuri,Karera APMC,Wheat,2205.0
Madhya Pradesh,Shivpuri,Karera APMC,Wheat,2258.0
Madhya Pradesh,Shivpuri,Pohari APMC,Mustard,6900.0
Madhya Pradesh,Shivpuri,Pohari APMC,Barley(Jau),1900.0
Madhya Pradesh,Bhind,Bhind APMC,Bengal Gram(Gram)(Whole),5465.0
Madhya Pradesh,Bhind,Lahar APMC,Wheat,2225.0
Madhya Pradesh,Morena,Banmorkalan APMC,Wheat,2300.0
Madhya Pradesh,Sheopur,Vijaypur APMC,Wheat,2220.0
Madhya Pradesh,Sagar,Bamora APMC,Mustard,6800.0
Madhya Pradesh,Sagar,Bamora APMC,Wheat,2550.0
Madhya Pradesh,Sagar,Bamora APMC,Lentil(Masur)(Whole),6200.0
Madhya Pradesh,Sagar,Shahagarh APMC,Wheat,2150.0
Punjab,Sangrur,Lehra Gaga APMC,Papaya,3300.0
Punjab,Sangrur,Lehra Gaga APMC,Mousambi(Sweet Lime),5500.0
Punjab,Sangrur,Lehra Gaga APMC,Brinjal,2300.0
Punjab,Sangrur,Lehra Gaga APMC,Ginger(Green),8500.0
Punjab,Sangrur,Lehra Gaga APMC,Green Chilli,4500.0
Madhya Pradesh,Chhatarpur,Harpalpur APMC,Wheat,2210.0
Madhya Pradesh,Chhatarpur,Bijawar APMC,Wheat,2281.0
Madhya Pradesh,Tikamgarh,Jatara APMC,Wheat,2302.0
Madhya Pradesh,Tikamgarh,Palera APMC,Wheat,2218.0
Madhya Pradesh,Chhindwara,Chhindwara APMC,Maize,1700.0
Madhya Pradesh,Chhindwara,Chhindwara APMC,Tamarind Fruit,5175.0
Madhya Pradesh,Chhindwara,Amarwda APMC,Maize,1700.0
Madhya Pradesh,Chhindwara,Amarwda APMC,Maize,1600.0
Madhya Pradesh,Chhindwara,Pandhurna APMC,Maize,1720.0
Madhya Pradesh,Mandla,Bichhiya APMC,Paddy(Common),2015.0
Madhya Pradesh,Dindori,Gorakhpur APMC,Lak(Teora),3000.0
Madhya Pradesh,Narsinghpur,Gadarwada APMC,Bengal Gram(Gram)(Whole),5155.0
Madhya Pradesh,Narsinghpur,Narsinghpur APMC,Wheat,2200.0
Madhya Pradesh,Narsinghpur,Narsinghpur APMC,Gur(Jaggery),3725.0
Madhya Pradesh,Narsinghpur,Tendukheda APMC,Bengal Gram(Gram)(Whole),5210.0
Madhya Pradesh,Narsinghpur,Tendukheda APMC,buttery,3611.0
Madhya Pradesh,Seoni,Seoni APMC,Wheat,2200.0
Madhya Pradesh,Seoni,Lakhnadon APMC,Wheat,2100.0
Madhya Pradesh,Seoni,Palari APMC,Maize,1700.0
Madhya Pradesh,Rewa,Chaakghat APMC,Wheat,2200.0
Madhya Pradesh,Satna,Nagod APMC,Wheat,2250.0
Madhya Pradesh,Shehdol,Beohari APMC,Kodo Millet(Varagu),2200.0
Gujarat,Narmada,Rajpipla APMC,Banana,2000.0
Gujarat,Kheda,Kapadvanj APMC,Cabbage,250.0
Gujarat,Kheda,Kapadvanj APMC,Tomato,350.0
Gujarat,Banaskanth,Thara APMC,Mustard,6447.5
Gujarat,Banaskanth,Panthawada APMC,Wheat,2450.0
Gujarat,Banaskanth,Vadgam APMC,Rajgir,8755.0
Gujarat,Dahod,Dahod(Veg. Market) APMC,Bhindi(Ladies Finger),2700.0
Gujarat,Dahod,Dahod(Veg. Market) APMC,Cabbage,600.0
Gujarat,Dahod,Dahod(Veg. Market) APMC,Carrot,2800.0
Gujarat,Dahod,Dahod(Veg. Market) APMC,Coriander(Leaves),2500.0
Gujarat,Dahod,Dahod(Veg. Market) APMC,Spinach,1400.0
Gujarat,Dahod,Dahod(Veg. Market) APMC,Tomato,600.0
Gujarat,Gandhinagar,"Kalol(Veg,Market,Kalol) APMC",Green Chilli,3500.0
Gujarat,Gandhinagar,"Kalol(Veg,Market,Kalol) APMC",Bhindi(Ladies Finger),3500.0
Gujarat,Anand,"Anand(Veg,Yard,Anand) APMC",Onion,1250.0
Gujarat,Anand,"Anand(Veg,Yard,Anand) APMC",Cabbage,400.0
Gujarat,Gandhinagar,Mansa(Manas Veg Yard) APMC,Guar,3500.0
Gujarat,Gandhinagar,Mansa(Manas Veg Yard) APMC,Tomato,800.0
Himachal Pradesh,Bilaspur,PMY Bilaspur,Onion,1800.0
Gujarat,Mehsana,Mehsana(Mehsana Veg) APMC,Potato,750.0
Gujarat,Mehsana,Mehsana(Mehsana Veg) APMC,Bhindi(Ladies Finger),2300.0
Gujarat,Banaskanth,Thara(Shihori) APMC,Mustard,6462.5
Gujarat,Rajkot,Rajkot APMC,Bengal Gram(Gram)(Whole),8500.0
Gujarat,Rajkot,Rajkot APMC,Garlic,6250.0
Gujarat,Morbi,Morbi APMC,Cotton,7680.0
Gujarat,Morbi,Morbi APMC,Cabbage,500.0
Gujarat,Jamnagar,Jamnagar APMC,Bajra(Pearl Millet/Cumbu),2175.0
Gujarat,Jamnagar,Jamnagar APMC,Arhar(Tur/Red Gram)(Whole),6925.0
Gujarat,Jamnagar,Jamnagar APMC,Cummin Seed(Jeera),18225.0
Gujarat,Junagarh,Junagadh APMC,Groundnut,6700.0
Gujarat,Junagarh,Junagadh APMC,Corriander seed,11600.0
Gujarat,Jamnagar,Kalawad APMC,Arhar(Tur/Red Gram)(Whole),6425.0
Gujarat,Jamnagar,Kalawad APMC,Methi Seeds,5250.0
Gujarat,Rajkot,Dhoraji APMC,Groundnut,6580.0
Gujarat,Rajkot,Dhoraji APMC,Bengal Gram(Gram)(Whole),5155.0
Gujarat,Kachchh,Rapar APMC,Cummin Seed(Jeera),18060.0
Gujarat,Junagarh,Visavadar APMC,Groundnut,6640.0
Gujarat,Junagarh,Visavadar APMC,Groundnut(Split),6840.0
Gujarat,Junagarh,Visavadar APMC,Corriander seed,10140.0
Gujarat,Porbandar,Porbandar APMC,Wheat,2140.0
Gujarat,Porbandar,Porbandar APMC,Kulthi(Horse Gram),4975.0
Gujarat,Porbandar,Porbandar APMC,Green Gram(Moong)(Whole),7625.0
Gujarat,Porbandar,Porbandar APMC,Chili Red,19060.0
Gujarat,Porbandar,Porbandar APMC,Cummin Seed(Jeera),17875.0
Gujarat,Porbandar,Porbandar APMC,Grapes,9000.0
Gujarat,Porbandar,Porbandar APMC,Tomato,875.0
Gujarat,Surendranagar,Dhragradhra APMC,Cummin Seed(Jeera),19500.0
Gujarat,Surendranagar,Dhragradhra APMC,Wheat,2050.0
Uttar Pradesh,Ghaziabad,Noida APMC,Onion,1621.25
Gujarat,Bhavnagar,Taleja APMC,Castor Seed,5865.0
Gujarat,Bhavnagar,Taleja APMC,Corriander seed,8350.0
Gujarat,Bhavnagar,Taleja APMC,Onion,535.0
Gujarat,Rajkot,Gondal(Veg.market Gondal) APMC,Green Chilli,4500.0
Gujarat,Rajkot,Gondal(Veg.market Gondal) APMC,Carrot,1400.0
Gujarat,Rajkot,Gondal(Veg.market Gondal) APMC,Pomegranate,4750.0
Gujarat,Rajkot,Gondal(Veg.market Gondal) APMC,Orange,8225.0
Gujarat,Rajkot,Gondal(Veg.market Gondal) APMC,Chikoos(Sapota),1500.0
Gujarat,Rajkot,Gondal(Veg.market Gondal) APMC,Grapes,9750.0
Gujarat,Rajkot,Gondal(Veg.market Gondal) APMC,Tomato,900.0
Gujarat,Rajkot,Gondal(Veg.market Gondal) APMC,Lemon,8000.0
Gujarat,Morbi,APMC HALVAD,Cotton,7150.0
Gujarat,Morbi,APMC HALVAD,Soanf,9500.0
Gujarat,Morbi,APMC HALVAD,Mustard,6300.0
Gujarat,Morbi,APMC HALVAD,Bengal Gram(Gram)(Whole),8000.0
Karnataka,Haveri,Ranebennur APMC,Green Chilli,2500.0
Karnataka,Belgaum,Athani APMC,Tamarind Fruit,3500.0
Karnataka,Chamrajnagar,Chamaraj Nagar APMC,Turmeric,12800.0
Karnataka,Chamrajnagar,Chamaraj Nagar APMC,Carrot,1300.0
Karnataka,Chamrajnagar,Chamaraj Nagar APMC,Cucumbar(Kheera),1200.0
Karnataka,Chitradurga,Challakere APMC,Maize,1832.0
Karnataka,Bangalore,Ramanagara APMC,Brinjal,2400.0
Karnataka,Bangalore,Ramanagara APMC,Bottle gourd,1000.0
Karnataka,Bangalore,Ramanagara APMC,Capsicum,3200.0
Karnataka,Bangalore,Ramanagara APMC,Sweet Pumpkin,1200.0
Karnataka,Bangalore,Ramanagara APMC,Suvarna Gadde,3800.0
Gujarat,Surat,Surat APMC,Bitter gourd,3250.0
Gujarat,Surat,Surat APMC,Brinjal,1450.0
Gujarat,Surat,Surat APMC,Cowpea(Veg),6500.0
Gujarat,Surat,Surat APMC,Drumstick,1550.0
Gujarat,Surat,Surat APMC,Carrot,1200.0
Gujarat,Surat,Surat APMC,Cabbage,900.0
Gujarat,Surat,Surat APMC,Elephant Yam(Suran)/Amorphophallus,3500.0
Gujarat,Surat,Surat APMC,Cauliflower,2250.0
Gujarat,Surat,Surat APMC,Groundnut pods(raw),5000.0
Gujarat,Surat,Surat APMC,Papaya(Raw),750.0
Gujarat,Surat,Surat APMC,Pointed gourd(Parval),7750.0
Gujarat,Surat,Surat APMC,Yam(Ratalu),5000.0
Telangana,Mahbubnagar,Shadnagar APMC,Bitter gourd,1900.0
Telangana,Warangal,Warangal APMC,French Beans(Frasbean),3250.0
Telangana,Warangal,Warangal APMC,Colacasia,2250.0
Telangana,Khammam,Burgampadu APMC,Paddy(Common),2389.0
Haryana,Fatehabad,Fatehabad APMC,Pomegranate,11000.0
Haryana,Fatehabad,Fatehabad APMC,Water Melon,2500.0
Jammu and Kashmir,Udhampur,Udhampur APMC,Pomegranate,16000.0
Jammu and Kashmir,Udhampur,Udhampur APMC,Raddish,1200.0
Jammu and Kashmir,Udhampur,Udhampur APMC,Tomato,1800.0
Kerala,Kannur,Kannur APMC,Banana - Green,3800.0
Kerala,Kannur,Kannur APMC,Onion,2200.0
Kerala,Kannur,Kannur APMC,Cucumbar(Kheera),2600.0
Kerala,Kannur,Payyannur APMC,Arecanut(Betelnut/Supari),43000.0
Kerala,Kannur,Payyannur APMC,Banana - Green,2300.0
Kerala,Kannur,Payyannur APMC,Cucumbar(Kheera),2600.0
Kerala,Thirssur,Thrissur APMC,Carrot,2500.0
Kerala,Thirssur,Thrissur APMC,Cauliflower,3500.0
Kerala,Thirssur,Kodungalloor APMC,Tapioca,2800.0
Uttar Pradesh,Maharajganj,Gadaura APMC,Garlic,4000.0
Uttar Pradesh,Agra,Jagnair APMC,Wheat,2400.0
Uttar Pradesh,Agra,Jagnair APMC,Mustard,7126.52
Punjab,Ludhiana,Khanna APMC,Peas Wet,2500.0
Punjab,Ludhiana,Khanna APMC,Potato,400.0
Punjab,Ludhiana,Khanna APMC,Ginger(Green),4000.0
Punjab,Ludhiana,Khanna APMC,Pomegranate,8000.0
Punjab,Ludhiana,Khanna APMC,Papaya,1600.0
Punjab,Ludhiana,Khanna APMC,Bottle gourd,1200.0
Punjab,Ludhiana,Khanna APMC,Grapes,7000.0
Uttar Pradesh,Bahraich,Risia APMC,Wheat,2250.0
Uttar Pradesh,Bahraich,Risia APMC,Wheat,2252.38
Punjab,Patiala,Patiala APMC,Carrot,1600.0
Punjab,Patiala,Patiala APMC,Water Melon,1400.0
Punjab,Patiala,Patiala APMC,Mousambi(Sweet Lime),2400.0
Punjab,Patiala,Patiala APMC,Onion Green,800.0
Punjab,Patiala,Patiala APMC,Pumpkin,1200.0
Punjab,Patiala,Patiala APMC,Banana,2800.0
Rajasthan,Baran,Baran APMC,Maize,1655.0
Rajasthan,Baran,Baran APMC,Wheat,2470.0
Maharashtra,Ahmednagar,Ahmednagar APMC,Maize,1700.0
Maharashtra,Ahmednagar,Ahmednagar APMC,Bengal Gram(Gram)(Whole),4850.0
Uttar Pradesh,Agra,Jarar APMC,Bajra(Pearl Millet/Cumbu),1800.0
Uttar Pradesh,Etawah,Etawah APMC,Wood,500.0
Uttar Pradesh,Etawah,Etawah APMC,Wheat,2425.0
Uttar Pradesh,Ghaziabad,Ghaziabad APMC,Wheat,2600.0
Uttar Pradesh,Hardoi,Hardoi APMC,Wheat,2309.04
Uttar Pradesh,Jaunpur,Jaunpur APMC,Ginger(Green),4200.0
Uttar Pradesh,Kanpur,Kanpur(Grain) APMC,Paddy(Common),1850.0
Uttar Pradesh,Kanpur,Kanpur(Grain) APMC,Wood,710.0
Uttar Pradesh,Kanpur,Kanpur(Grain) APMC,Mustard,5714.0
Uttar Pradesh,Kanpur,Kanpur(Grain) APMC,Soanf,18111.11
Uttar Pradesh,Kanpur,Kanpur(Grain) APMC,Potato,600.0
Gujarat,Patan,Sami APMC,Castor Seed,6400.0
Gujarat,Patan,Sami APMC,Isabgul(Psyllium),12375.0
Gujarat,Patan,Sami APMC,Wheat,2600.0
Uttar Pradesh,Lakhimpur,Lakhimpur APMC,Tomato,800.0
Uttar Pradesh,Lakhimpur,Lakhimpur APMC,Firewood,422.98
Uttar Pradesh,Lalitpur,Lalitpur APMC,Soyabean,4778.41
Uttar Pradesh,Lucknow,Lucknow APMC,Coriander(Leaves),5000.0
Uttar Pradesh,Lucknow,Lucknow APMC,Mustard,7439.29
Uttar Pradesh,Lucknow,Lucknow APMC,Makhana(Foxnut),40500.0
Uttar Pradesh,Lucknow,Lucknow APMC,Firewood,416.2
Uttar Pradesh,Lucknow,Lucknow APMC,Sweet Saag,15165.55
Uttar Pradesh,Lucknow,Lucknow APMC,Wheat,2490.0
Uttar Pradesh,Mainpuri,Mainpuri APMC,Wheat,2300.0
Uttar Pradesh,Sambhal,Muradabad APMC,Soyabean,3500.0
Uttar Pradesh,Pillibhit,Pilibhit APMC,Wood,538.75
Uttar Pradesh,Shahjahanpur,Shahjahanpur APMC,Wheat,2300.0
Uttar Pradesh,Shahjahanpur,Shahjahanpur APMC,Wheat,2306.63
Uttar Pradesh,Sitapur,Sitapur APMC,Paddy(Common),1820.0
Uttar Pradesh,Sitapur,Sitapur APMC,Pegeon Pea(Arhar Fali),6950.45
Uttar Pradesh,Sitapur,Sitapur APMC,Wheat,2300.0
Uttar Pradesh,Varanasi,Varanasi APMC,Potato,800.0
Uttar Pradesh,Varanasi,Varanasi APMC,Ginger(Green),2500.0
West Bengal,North 24 Parganas,Barasat APMC,Brinjal,4000.0
West Bengal,North 24 Parganas,Barasat APMC,Onion,1000.0
West Bengal,North 24 Parganas,Barasat APMC,Green Chilli,6000.0
West Bengal,North 24 Parganas,Barasat APMC,Tomato,700.0
West Bengal,Purba Bardhaman,Kalna APMC,Brinjal,2300.0
West Bengal,Purba Bardhaman,Kalna APMC,Rice,3900.0
West Bengal,Purba Bardhaman,Kalna APMC,Cucumbar(Kheera),2500.0
West Bengal,Purba Bardhaman,Kalna APMC,Onion,1050.0
Uttar Pradesh,Siddharth Nagar,Shohratgarh APMC,Wheat,2350.0
Uttar Pradesh,Siddharth Nagar,Shohratgarh APMC,Wood,550.0
West Bengal,Jalpaiguri,Dhupguri APMC,Cauliflower,2400.0
West Bengal,Jalpaiguri,Dhupguri APMC,Potato,700.0
West Bengal,Jalpaiguri,Dhupguri APMC,Onion,1900.0
West Bengal,Jalpaiguri,Dhupguri APMC,Green Chilli,6000.0
West Bengal,Medinipur(E),Tamluk (Medinipur E) APMC,Rice,4500.0
West Bengal,Medinipur(E),Tamluk (Medinipur E) APMC,Betal Leaves,35000.0
West Bengal,Medinipur(E),Tamluk (Medinipur E) APMC,Potato,650.0
West Bengal,Nadia,Bethuadahari APMC,Rice,4900.0
Uttarakhand,Udhamsinghnagar,Rudrapur APMC,Onion,1500.0
Uttarakhand,Udhamsinghnagar,Rudrapur APMC,Apple,6000.0
Uttarakhand,Udhamsinghnagar,Rudrapur APMC,Papaya,4000.0
Uttarakhand,Udhamsinghnagar,Rudrapur APMC,Capsicum,2500.0
Uttarakhand,Udhamsinghnagar,Rudrapur APMC,Lemon,12000.0
Haryana,Rohtak,Rohtak APMC,Banana,2000.0
Haryana,Rohtak,Rohtak APMC,Grapes,7000.0
Haryana,Rohtak,Rohtak APMC,Potato,400.0
Haryana,Rohtak,Rohtak APMC,Tomato,1000.0
Haryana,Rewari,Rewari APMC,Onion,1000.0
Haryana,Panipat,Panipat APMC,Guava,2200.0
Punjab,Bhatinda,Raman APMC,Cauliflower,2105.0
Punjab,Hoshiarpur,Mukerian APMC,Apple,9000.0
Punjab,Hoshiarpur,Mukerian APMC,Banana,3000.0
Punjab,Hoshiarpur,Mukerian APMC,Onion,1500.0
Punjab,Mansa,Budalada APMC,Banana,2300.0
Punjab,Mansa,Budalada APMC,Grapes,4800.0
Punjab,Mansa,Budalada APMC,Capsicum,3000.0
Punjab,Mansa,Budalada APMC,Cucumbar(Kheera),1500.0
Punjab,Mansa,Budalada APMC,Pumpkin,2400.0
Rajasthan,Bikaner,Bikaner (Grain) APMC,Bengal Gram(Gram)(Whole),5051.0
Rajasthan,Bikaner,Bikaner (Grain) APMC,Methi Seeds,5730.0
Rajasthan,Churu,Churu APMC,Potato,650.0
Rajasthan,Churu,Churu APMC,Tomato,1700.0
Rajasthan,Barmer,Barmer APMC,Green Gram(Moong)(Whole),7100.0
Rajasthan,Barmer,Barmer APMC,Cummin Seed(Jeera),20500.0
Rajasthan,Jaisalmer,Jaisalmer APMC,Spinach,800.0
Uttar Pradesh,Badaun,Badayoun APMC,Wood,500.0
Uttar Pradesh,Badaun,Badayoun APMC,Tomato,1500.0
Uttar Pradesh,Badaun,Badayoun APMC,Firewood,460.0
Uttar Pradesh,Badaun,Badayoun APMC,Wheat,2350.0
Uttar Pradesh,Baghpat,Baraut APMC,Garlic,6000.0
Uttar Pradesh,Baghpat,Baraut APMC,Potato,600.0
Tripura,Unokoti,Pabiacherra APMC,Fish,15400.0
Uttar Pradesh,Firozabad,Firozabad APMC,Bajra(Pearl Millet/Cumbu),1750.0
Punjab,Ludhiana,Ludhiana APMC,Mousambi(Sweet Lime),2500.0
Punjab,Ludhiana,Ludhiana APMC,Squash(Chappal Kadoo),1000.0
Punjab,Ludhiana,Ludhiana APMC,Guava,1500.0
Punjab,Ludhiana,Ludhiana APMC,Beetroot,800.0
Punjab,Ludhiana,Ludhiana APMC,Potato,200.0
Punjab,Ludhiana,Ludhiana APMC,Cabbage,300.0
West Bengal,Jalpaiguri,Jalpaiguri Sadar APMC,Pointed gourd(Parval),4900.0
West Bengal,Jalpaiguri,Jalpaiguri Sadar APMC,Carrot,2000.0
West Bengal,Jalpaiguri,Jalpaiguri Sadar APMC,Potato,700.0
Kerala,Kottayam,Pampady APMC,Elephant Yam(Suran)/Amorphophallus,4500.0
Kerala,Kottayam,Pampady APMC,Tapioca,3000.0
Kerala,Kottayam,Pampady APMC,Amaranthus,4000.0
Tamil Nadu,Thiruvannamalai,Cheyyar(Uzhavar Sandhai ) APMC,Banana,4500.0
Tamil Nadu,Thiruvannamalai,Cheyyar(Uzhavar Sandhai ) APMC,Cluster beans,4400.0
Tamil Nadu,Thiruvannamalai,Cheyyar(Uzhavar Sandhai ) APMC,Ridgeguard(Tori),3750.0
Tamil Nadu,Thiruvannamalai,Cheyyar(Uzhavar Sandhai ) APMC,Thondekai,3750.0
Tamil Nadu,Thiruvannamalai,Cheyyar(Uzhavar Sandhai ) APMC,Green Avare(W),4400.0
Tamil Nadu,Thiruvannamalai,Cheyyar(Uzhavar Sandhai ) APMC,Drumstick,3750.0
Tamil Nadu,Thiruvannamalai,Cheyyar(Uzhavar Sandhai ) APMC,Tender Coconut,2250.0
Tamil Nadu,Thiruvannamalai,Cheyyar(Uzhavar Sandhai ) APMC,Amla(Nelli Kai),5500.0
Andhra Pradesh,Anantapur,Kalyandurg APMC,Tamarind Fruit,8000.0
Gujarat,Rajkot,Jasdan(Vichhiya) APMC,Cotton,7625.0
Telangana,Ranga Reddy,Narsingi APMC,Cow,40000.0
Haryana,Ambala,Naraingarh APMC,Lemon,9000.0
Haryana,Ambala,Naraingarh APMC,Bitter gourd,3100.0
Haryana,Ambala,Naraingarh APMC,Cauliflower,1100.0
Haryana,Ambala,Naraingarh APMC,Cabbage,600.0
Haryana,Ambala,Naraingarh APMC,Bhindi(Ladies Finger),3200.0
Haryana,Ambala,Naraingarh APMC,Water Melon,1300.0
Haryana,Ambala,Naraingarh APMC,Banana,2000.0
Haryana,Ambala,Naraingarh APMC,Brinjal,1100.0
Haryana,Ambala,Naraingarh APMC,Raddish,600.0
Haryana,Ambala,Naraingarh APMC,Bottle gourd,1000.0
Tamil Nadu,Thanjavur,Papanasam(Uzhavar Sandhai ) APMC,Onion,2700.0
Tamil Nadu,Thanjavur,Papanasam(Uzhavar Sandhai ) APMC,Bhindi(Ladies Finger),6000.0
Tamil Nadu,Thanjavur,Papanasam(Uzhavar Sandhai ) APMC,Cabbage,2400.0
Tamil Nadu,Thanjavur,Papanasam(Uzhavar Sandhai ) APMC,Raddish,2400.0
Haryana,Mahendragarh-Narnaul,Mohindergarh APMC,Coriander(Leaves),1500.0
Haryana,Mahendragarh-Narnaul,Mohindergarh APMC,Cucumbar(Kheera),800.0
Haryana,Mahendragarh-Narnaul,Mohindergarh APMC,Cauliflower,900.0
Haryana,Mahendragarh-Narnaul,Mohindergarh APMC,Mousambi(Sweet Lime),3000.0
Haryana,Mahendragarh-Narnaul,Mohindergarh APMC,Chikoos(Sapota),2500.0
Odisha,Sundergarh,Panposh APMC,Cabbage,2500.0
Uttarakhand,Nanital,Haldwani APMC,Carrot,1400.0
Uttarakhand,Nanital,Haldwani APMC,Green Chilli,2200.0
Haryana,Sonipat,Sonepat APMC,Banana,3200.0
Haryana,Sonipat,Sonepat APMC,Potato,800.0
Haryana,Sonipat,Sonepat APMC,Tomato,1000.0
Haryana,Mewat,Punhana APMC,Karbuja(Musk Melon),1300.0
Uttar Pradesh,Bulandshahar,Sikanderabad APMC,Wheat,2587.0
Uttar Pradesh,Bulandshahar,Sikanderabad APMC,Wheat,2586.33
Rajasthan,Tonk,Malpura APMC,Bajra(Pearl Millet/Cumbu),1750.0
Rajasthan,Tonk,Malpura APMC,Mustard,7135.0
Telangana,Karimnagar,V.Saidapur APMC,Paddy(Common),2389.0
Rajasthan,Hanumangarh,Bhadara APMC,Potato,653.0
Rajasthan,Hanumangarh,Bhadara APMC,Garlic,8500.0
Rajasthan,Hanumangarh,Bhadara APMC,Wheat,2500.0
Rajasthan,Hanumangarh,Bhadara APMC,Guar,6480.0
Rajasthan,Hanumangarh,Rawatsar APMC,Potato,500.0
Rajasthan,Hanumangarh,Rawatsar APMC,Tomato,1400.0
Rajasthan,Ganganagar,Suratgarh APMC,Barley(Jau),1915.0
Rajasthan,Jhalawar,Iklera APMC,Soyabean,5250.0
Rajasthan,Jhalawar,Khanpur APMC,Wheat,2360.0
Rajasthan,Jhalawar,Khanpur APMC,Methi Seeds,6000.0
Uttar Pradesh,Saharanpur,Saharanpur APMC,Capsicum,1500.0
Rajasthan,Udaipur,Fatehnagar APMC,Wheat,2476.0
Rajasthan,Udaipur,Fatehnagar APMC,Maize,1695.0
Punjab,Hoshiarpur,Garh Shankar APMC,Banana,3200.0
Punjab,Hoshiarpur,Garh Shankar APMC,Grapes,6000.0
Punjab,Hoshiarpur,Garh Shankar APMC,Carrot,2500.0
Punjab,Hoshiarpur,Garh Shankar APMC,Tomato,2200.0
Punjab,Hoshiarpur,Tanda Urmur APMC,Raddish,2000.0
Punjab,Hoshiarpur,Tanda Urmur APMC,Apple,10000.0
Punjab,Hoshiarpur,Tanda Urmur APMC,Grapes,9500.0
Punjab,Hoshiarpur,Tanda Urmur APMC,Grapes,7500.0
Punjab,Hoshiarpur,Tanda Urmur APMC,Potato,1100.0
Punjab,Hoshiarpur,Tanda Urmur APMC,Kinnow,5500.0
Punjab,Hoshiarpur,Tanda Urmur APMC,Cabbage,900.0
Punjab,Hoshiarpur,Tanda Urmur APMC,Brinjal,2800.0
Punjab,Hoshiarpur,Tanda Urmur APMC,Capsicum,4500.0
Punjab,Hoshiarpur,Tanda Urmur APMC,Carrot,2200.0
Punjab,Jalandhar,Adampur APMC,Brinjal,2000.0
Punjab,Jalandhar,Adampur APMC,Cabbage,500.0
Punjab,Jalandhar,Adampur APMC,Cauliflower,2000.0
Punjab,Jalandhar,Adampur APMC,Coriander(Leaves),3000.0
Punjab,Kapurthala,Bhulath APMC,Squash(Chappal Kadoo),1550.0
Punjab,Ludhiana,Doraha APMC,Tomato,2200.0
Punjab,Ludhiana,Doraha APMC,Potato,550.0
Punjab,Ludhiana,Doraha APMC,Green Chilli,4000.0
Punjab,Ludhiana,Doraha APMC,Cucumbar(Kheera),1800.0
Uttar Pradesh,Badaun,Bisoli APMC,Potato,500.0
Punjab,Ludhiana,Sahnewal APMC,Sweet Pumpkin,1600.0
Punjab,Patiala,Rajpura APMC,Onion,1650.0
Punjab,Mohali,Kurali APMC,Cabbage,590.0
Punjab,Mohali,Kurali APMC,Mousambi(Sweet Lime),3900.0
Punjab,Mohali,Kurali APMC,Tomato,1570.0
Odisha,Boudh,Boudh APMC,Tomato,700.0
Odisha,Boudh,Boudh APMC,Bhindi(Ladies Finger),4000.0
Odisha,Sundergarh,Sargipali APMC,Capsicum,4500.0
Odisha,Sundergarh,Sargipali APMC,Cabbage,1100.0
Punjab,Sangrur,Ahmedgarh APMC,Potato,700.0
Odisha,Mayurbhanja,Betnoti APMC,Brinjal,1700.0
Odisha,Mayurbhanja,Betnoti APMC,Bottle gourd,1200.0
Odisha,Ganjam,Hinjilicut APMC,Cauliflower,2200.0
Punjab,Bhatinda,Bhagta Bhai Ka APMC,Banana,3200.0
Punjab,Bhatinda,Bhagta Bhai Ka APMC,Green Chilli,3200.0
Punjab,Bhatinda,Talwandi Sabo APMC,Brinjal,1600.0
Punjab,Bhatinda,Talwandi Sabo APMC,Cabbage,500.0
Punjab,Bhatinda,Talwandi Sabo APMC,Cauliflower,700.0
Punjab,Bhatinda,Talwandi Sabo APMC,Potato,700.0
West Bengal,Murshidabad,Jangipur APMC,Onion,645.0
West Bengal,Murshidabad,Jangipur APMC,Paddy(Common),2350.0
West Bengal,Murshidabad,Jangipur APMC,Brinjal,1800.0
Punjab,Mohali,Dera Bassi APMC,Onion,1700.0
Punjab,Patiala,Ghanaur APMC,Tomato,1100.0
Rajasthan,Bikaner,Bikaner (F&V) APMC,Potato,1000.0
Rajasthan,Bikaner,Bikaner (F&V) APMC,Ridgeguard(Tori),2500.0
Rajasthan,Bikaner,Bikaner (F&V) APMC,Tinda,1700.0
Rajasthan,Bikaner,Bikaner (F&V) APMC,Capsicum,3500.0
Rajasthan,Bikaner,Bikaner (F&V) APMC,Guar,6000.0
Rajasthan,Bikaner,Bikaner (F&V) APMC,Pineapple,4500.0
Rajasthan,Bikaner,Bikaner (F&V) APMC,Coriander(Leaves),3800.0
Rajasthan,Bikaner,Bikaner (F&V) APMC,Onion,900.0
Rajasthan,Bikaner,Bikaner (F&V) APMC,Cauliflower,1000.0
Rajasthan,Bikaner,Bikaner (F&V) APMC,Lemon,4500.0
Rajasthan,Bikaner,Bikaner (F&V) APMC,Grapes,6500.0
Rajasthan,Bikaner,Bikaner (F&V) APMC,Mango,15000.0
NCT of Delhi,Delhi,Keshopur APMC,Orange,5500.0
Uttar Pradesh,Shahjahanpur,Powayan APMC,Wheat,2320.0
Uttar Pradesh,Shahjahanpur,Powayan APMC,Wheat,2300.0
Uttar Pradesh,Shahjahanpur,Powayan APMC,Wheat,2300.0
Uttar Pradesh,Shahjahanpur,Powayan APMC,Wheat,2326.53
Uttar Pradesh,Shahjahanpur,Powayan APMC,Wheat,2300.0
Uttar Pradesh,Shahjahanpur,Powayan APMC,Paddy(Common),1851.44
Gujarat,Rajkot,Jetpur(Dist.Rajkot) APMC,Wheat,2400.0
Gujarat,Rajkot,Jetpur(Dist.Rajkot) APMC,Corriander seed,11855.0
Gujarat,Morbi,Vankaner APMC,Wheat,2300.0
Tamil Nadu,Coimbatore,Vadavalli(Uzhavar Sandhai ) APMC,Groundnut,5750.0
Tamil Nadu,Coimbatore,Vadavalli(Uzhavar Sandhai ) APMC,Brinjal,4200.0
Tamil Nadu,Coimbatore,Vadavalli(Uzhavar Sandhai ) APMC,Bitter gourd,4300.0
Tamil Nadu,Coimbatore,Vadavalli(Uzhavar Sandhai ) APMC,Bottle gourd,2200.0
Tamil Nadu,Coimbatore,Vadavalli(Uzhavar Sandhai ) APMC,Amaranthus,3750.0
Tamil Nadu,Coimbatore,Vadavalli(Uzhavar Sandhai ) APMC,Beans,8250.0
Tamil Nadu,Coimbatore,Vadavalli(Uzhavar Sandhai ) APMC,Cucumbar(Kheera),2650.0
Tamil Nadu,Coimbatore,Vadavalli(Uzhavar Sandhai ) APMC,Raddish,2750.0
Tripura,North Tripura,Dasda APMC,Brinjal,2600.0
Tripura,North Tripura,Dasda APMC,Onion,2700.0
Tripura,North Tripura,Dasda APMC,Potato,1600.0
Uttar Pradesh,Prayagraj,Ajuha APMC,Wheat,2400.0
Uttar Pradesh,Prayagraj,Ajuha APMC,Mustard,6300.0
Gujarat,Amreli,Dhari APMC,Corriander seed,12000.0
Uttar Pradesh,Kanpur,Varipaal APMC,Wheat,2313.9
Uttar Pradesh,Kaushambi,Bharwari APMC,Green Chilli,3300.0
Uttar Pradesh,Kaushambi,Bharwari APMC,Rice,2400.0
Punjab,Ferozpur,Zira APMC,Cucumbar(Kheera),1000.0
Punjab,Ferozpur,Zira APMC,Tomato,1800.0
Punjab,Ferozpur,Zira APMC,Grapes,6500.0
Punjab,Ferozpur,Zira APMC,Green Chilli,4600.0
Uttar Pradesh,Sambhal,Bhehjoi APMC,Wood,511.47
Uttar Pradesh,Sambhal,Bhehjoi APMC,Wood,502.61
Uttar Pradesh,Sambhal,Bhehjoi APMC,Masur Dal,8163.76
Tamil Nadu,Dindigul,Vedasanthur(Uzhavar Sandhai ) APMC,Banana,4500.0
Tamil Nadu,Dindigul,Vedasanthur(Uzhavar Sandhai ) APMC,Coconut,4350.0
Tamil Nadu,Dindigul,Vedasanthur(Uzhavar Sandhai ) APMC,Snakeguard,2200.0
Tamil Nadu,Dindigul,Vedasanthur(Uzhavar Sandhai ) APMC,Onion Green,2900.0
Gujarat,Vadodara(Baroda),Padra APMC,Cabbage,400.0
Gujarat,Vadodara(Baroda),Padra APMC,Ginger(Green),4250.0
Gujarat,Vadodara(Baroda),Padra APMC,Pegeon Pea(Arhar Fali),10500.0
Gujarat,Vadodara(Baroda),Padra APMC,Pointed gourd(Parval),4750.0
Haryana,Panchkula,Raipur Rai APMC,Bottle gourd,1400.0
Haryana,Ambala,Shahzadpur APMC,Carrot,1000.0
Haryana,Ambala,Shahzadpur APMC,Onion,1000.0
Haryana,Ambala,Shahzadpur APMC,Capsicum,2000.0
Haryana,Yamuna Nagar,Jagadhri APMC,Peas Wet,2600.0
Haryana,Yamuna Nagar,Jagadhri APMC,Lemon,8200.0
Haryana,Yamuna Nagar,Jagadhri APMC,Brinjal,1200.0
Haryana,Yamuna Nagar,Jagadhri APMC,Karbuja(Musk Melon),3000.0
Haryana,Yamuna Nagar,Chhachrauli APMC,Bhindi(Ladies Finger),6500.0
Haryana,Yamuna Nagar,Chhachrauli APMC,Onion Green,1500.0
Haryana,Yamuna Nagar,Sadhaura APMC,Raddish,1500.0
Kerala,Kollam,Kulathoopuzha VFPCK APMC,Banana,5500.0
Uttar Pradesh,Bulandshahar,Gulavati APMC,Green Chilli,4100.0
Uttar Pradesh,Bulandshahar,Gulavati APMC,Lemon,7100.0
Haryana,Hissar,Barwala(Hisar) APMC,Mustard,6200.0
Haryana,Hissar,Uklana APMC,Onion,1600.0
Haryana,Hissar,Uklana APMC,Chikoos(Sapota),3000.0
Haryana,Hissar,Uklana APMC,Grapes,5000.0
Haryana,Hissar,Narnaund APMC,Wheat,2585.0
Haryana,Fatehabad,Jakhal APMC,Peas Wet,3000.0
Punjab,Fazilka,Jalalabad APMC,Grapes,5700.0
Punjab,Fazilka,Jalalabad APMC,Mango,15500.0
Punjab,Fazilka,Jalalabad APMC,Mousambi(Sweet Lime),3500.0
Punjab,Fazilka,Jalalabad APMC,Pomegranate,15000.0
Punjab,Fazilka,Jalalabad APMC,Capsicum,2600.0
Punjab,Fazilka,Jalalabad APMC,Lemon,6500.0
Telangana,Hyderabad,Bowenpally APMC,Beetroot,1200.0
Haryana,Ambala,Ambala Cantt. APMC,Green Fodder,250.0
Haryana,Kurukshetra,Babain APMC,Mustard,6200.0
Haryana,Sonipat,Ganaur APMC,Water Melon,1800.0
Haryana,Sonipat,Ganaur APMC,Tomato,2000.0
Haryana,Sonipat,Ganaur APMC,Lemon,6800.0
Haryana,Sonipat,Ganaur APMC,Ginger(Green),6800.0
Haryana,Sonipat,Ganaur APMC,Capsicum,4800.0
Haryana,Sonipat,Ganaur APMC,Brinjal,1800.0
Haryana,Jhajar,Bahadurgarh APMC,Potato,600.0
Haryana,Jhajar,Bahadurgarh APMC,Cucumbar(Kheera),1100.0
Haryana,Jhajar,Bahadurgarh APMC,Bottle gourd,1400.0
Haryana,Jhajar,Bahadurgarh APMC,Pumpkin,1450.0
Kerala,Thirssur,Chelakkara APMC,Beetroot,2900.0
Kerala,Thirssur,Chelakkara APMC,Cucumbar(Kheera),2900.0
Kerala,Kozhikode(Calicut),Kallachi APMC,Cabbage,2000.0
Kerala,Kozhikode(Calicut),Kallachi APMC,Cauliflower,4000.0
Kerala,Kozhikode(Calicut),Kallachi APMC,Amaranthus,3000.0
Kerala,Kollam,Sasthamkotta APMC,Bitter gourd,5000.0
Kerala,Kollam,Sasthamkotta APMC,Mashrooms,9000.0
Kerala,Kollam,Sasthamkotta APMC,Snakeguard,2000.0
Kerala,Kollam,Sasthamkotta APMC,Sweet Potato,3500.0
Kerala,Kollam,Sasthamkotta APMC,Tomato,2500.0
Kerala,Ernakulam,Piravam APMC,Bitter gourd,7000.0
Kerala,Ernakulam,Piravam APMC,Ginger(Green),9000.0
Kerala,Ernakulam,Piravam APMC,Onion,2500.0
Kerala,Ernakulam,Piravam APMC,Tomato,4500.0
Kerala,Ernakulam,Piravam APMC,Pumpkin,3500.0
Kerala,Ernakulam,Piravam APMC,Snakeguard,5000.0
Tamil Nadu,Coimbatore,Sundarapuram(Uzhavar Sandhai ) APMC,Garlic,14500.0
Tamil Nadu,Coimbatore,Sundarapuram(Uzhavar Sandhai ) APMC,Coriander(Leaves),3750.0
Tamil Nadu,Coimbatore,Sundarapuram(Uzhavar Sandhai ) APMC,Green Peas,9750.0
Tamil Nadu,Coimbatore,Sundarapuram(Uzhavar Sandhai ) APMC,Papaya,3600.0
Tamil Nadu,Coimbatore,Sundarapuram(Uzhavar Sandhai ) APMC,Tomato,1600.0
Tamil Nadu,Coimbatore,Sundarapuram(Uzhavar Sandhai ) APMC,Tapioca,2750.0
Tamil Nadu,Coimbatore,Sundarapuram(Uzhavar Sandhai ) APMC,Ginger(Green),7250.0
Tamil Nadu,Coimbatore,Sundarapuram(Uzhavar Sandhai ) APMC,Beetroot,4700.0
Tamil Nadu,Coimbatore,Sundarapuram(Uzhavar Sandhai ) APMC,Ridgeguard(Tori),4250.0
Tamil Nadu,Coimbatore,Sundarapuram(Uzhavar Sandhai ) APMC,Knool Khol,3250.0
Tamil Nadu,Coimbatore,Sundarapuram(Uzhavar Sandhai ) APMC,Elephant Yam(Suran)/Amorphophallus,2750.0
Tamil Nadu,Coimbatore,Sundarapuram(Uzhavar Sandhai ) APMC,Turnip,4250.0
Kerala,Thiruvananthapuram,Parassala APMC,Green Chilli,5500.0
Kerala,Thiruvananthapuram,Parassala APMC,Banana,2000.0
Kerala,Thiruvananthapuram,Parassala APMC,Carrot,3800.0
Kerala,Kollam,Anchal APMC,Carrot,4300.0
Kerala,Kollam,Anchal APMC,Colacasia,6500.0
Kerala,Kollam,Anchal APMC,Tomato,3600.0
Kerala,Kollam,Anchal APMC,Onion,2400.0
Kerala,Kollam,Anchal APMC,Banana,3400.0
Kerala,Alappuzha,Chengannur APMC,Onion,3800.0
Kerala,Alappuzha,Chengannur APMC,Pumpkin,1800.0
Kerala,Alappuzha,Harippad APMC,Bottle gourd,1500.0
Kerala,Alappuzha,Harippad APMC,Onion,2000.0
Kerala,Alappuzha,Harippad APMC,Banana - Green,3000.0
Kerala,Alappuzha,Harippad APMC,Cabbage,4000.0
Kerala,Alappuzha,Harippad APMC,Carrot,4500.0
Kerala,Alappuzha,Harippad APMC,Bitter gourd,5000.0
Jammu and Kashmir,Kathua,Kathua APMC,Pineapple,4750.0
Jammu and Kashmir,Kathua,Kathua APMC,Brinjal,2250.0
Jammu and Kashmir,Kathua,Kathua APMC,Bottle gourd,2100.0
Jammu and Kashmir,Kathua,Kathua APMC,Tomato,1750.0
Kerala,Alappuzha,Kayamkulam APMC,Ashgourd,1400.0
Kerala,Alappuzha,Kayamkulam APMC,Carrot,4400.0
Kerala,Alappuzha,Kayamkulam APMC,Banana,2800.0
Kerala,Alappuzha,Kayamkulam APMC,Potato,2500.0
Kerala,Alappuzha,Kayamkulam APMC,Pumpkin,1500.0
Kerala,Alappuzha,Kayamkulam APMC,Snakeguard,2800.0
Kerala,Alappuzha,Kayamkulam APMC,Banana,2500.0
Kerala,Alappuzha,Kayamkulam APMC,Tomato,3000.0
Haryana,Rohtak,Meham APMC,Cucumbar(Kheera),1000.0
Haryana,Rohtak,Meham APMC,Chikoos(Sapota),3500.0
Haryana,Rohtak,Meham APMC,Water Melon,1050.0
Haryana,Rohtak,Meham APMC,Brinjal,2500.0
Kerala,Idukki,Kannakunnu VFPCK APMC,Banana,2800.0
Kerala,Idukki,Melechinnar VFPCK APMC,Banana,2800.0
Kerala,Idukki,Errattayar VFPCK APMC,Ginger(Green),6000.0
Kerala,Palakad,Agali VFPCK APMC,Banana,2200.0
Kerala,Palakad,Kollengode VFPCK APMC,Guava,6500.0
Kerala,Malappuram,Angadippuram VFPCK APMC,Banana,2100.0
Kerala,Malappuram,Pallikkal VFPCK APMC,Banana,2400.0
Kerala,Malappuram,Vazhayur VFPCK APMC,Banana,2400.0
Gujarat,Ahmedabad,Mandal APMC,Ajwan,12500.0
Gujarat,Ahmedabad,Mandal APMC,Bengal Gram(Gram)(Whole),5100.0
Uttar Pradesh,Banda,Atarra APMC,Wood,493.04
Uttar Pradesh,Banda,Atarra APMC,Firewood,450.0
West Bengal,Murshidabad,Kandi APMC,Mustard,6550.0
Punjab,Gurdaspur,Kalanaur APMC,Raddish,700.0
Gujarat,Kheda,Nadiyad(Piplag) APMC,Beetroot,1400.0
Gujarat,Kheda,Nadiyad(Piplag) APMC,Bhindi(Ladies Finger),2600.0
Gujarat,Kheda,Nadiyad(Piplag) APMC,Bottle gourd,1300.0
Gujarat,Kheda,Nadiyad(Piplag) APMC,Onion,1900.0
Gujarat,Kheda,Nadiyad(Piplag) APMC,Tomato,650.0
Gujarat,Kheda,Nadiyad(Piplag) APMC,Potato,1400.0
Gujarat,Kheda,Nadiyad(Piplag) APMC,Tinda,2200.0
Rajasthan,Baran,Anta APMC,Mustard,5959.0
West Bengal,Coochbehar,Mathabhanga APMC,Potato,800.0
Kerala,Ernakulam,North Paravur APMC,Brinjal,4000.0
Kerala,Ernakulam,North Paravur APMC,Banana - Green,2800.0
Kerala,Ernakulam,North Paravur APMC,Beetroot,3800.0
Kerala,Ernakulam,North Paravur APMC,Drumstick,3800.0
Kerala,Ernakulam,North Paravur APMC,Lemon,15500.0
Punjab,Bhatinda,Rampuraphul(Nabha Mandi) APMC,Carrot,1500.0
Punjab,Bhatinda,Rampuraphul(Nabha Mandi) APMC,Banana,2500.0
Punjab,Bhatinda,Rampuraphul(Nabha Mandi) APMC,Grapes,8000.0
Punjab,Hoshiarpur,Mukerian(Talwara) APMC,Brinjal,1800.0
Punjab,Hoshiarpur,Mukerian(Talwara) APMC,Round gourd,2000.0
Punjab,Hoshiarpur,Mukerian(Talwara) APMC,Grapes,8000.0
Himachal Pradesh,Kangra,SMY Jaisinghpur,Mousambi(Sweet Lime),5200.0
Himachal Pradesh,Kangra,SMY Jaisinghpur,Cabbage,1300.0
West Bengal,Darjeeling,Siliguri APMC,Banana,2100.0
Punjab,Hoshiarpur,Garh Shankar(Mahalpur) APMC,Onion,1200.0
Punjab,Hoshiarpur,Garh Shankar(Mahalpur) APMC,Ginger(Green),5500.0
Punjab,Hoshiarpur,Garh Shankar(Mahalpur) APMC,Bitter gourd,4800.0
Punjab,Hoshiarpur,Garh Shankar(Mahalpur) APMC,Papaya,3200.0
Gujarat,Gandhinagar,Dehgam(Rekhiyal) APMC,Wheat,2237.0
Gujarat,Gandhinagar,Dehgam(Rekhiyal) APMC,Castor Seed,6137.0
Tamil Nadu,Erode,Sampath Nagar(Uzhavar Sandhai ) APMC,Apple,25500.0
Tamil Nadu,Erode,Sampath Nagar(Uzhavar Sandhai ) APMC,Potato,3250.0
Tamil Nadu,Erode,Sampath Nagar(Uzhavar Sandhai ) APMC,Green Peas,11500.0
Tamil Nadu,Erode,Sampath Nagar(Uzhavar Sandhai ) APMC,Cowpea(Veg),3250.0
Tamil Nadu,Erode,Sampath Nagar(Uzhavar Sandhai ) APMC,Banana - Green,3250.0
Tamil Nadu,Erode,Sampath Nagar(Uzhavar Sandhai ) APMC,Chow Chow,2600.0
Tamil Nadu,Erode,Sampath Nagar(Uzhavar Sandhai ) APMC,Drumstick,2800.0
Tamil Nadu,Erode,Sampath Nagar(Uzhavar Sandhai ) APMC,Turnip,3800.0
Tamil Nadu,Erode,Sampath Nagar(Uzhavar Sandhai ) APMC,Amla(Nelli Kai),5000.0
Tamil Nadu,Erode,Sampath Nagar(Uzhavar Sandhai ) APMC,Mint(Pudina),3750.0
Uttar Pradesh,Gorakhpur,Gorakhpur APMC,Garlic,5000.0
Tamil Nadu,Erode,Gobichettipalayam(Uzhavar Sandhai ) APMC,Ashgourd,2350.0
Tamil Nadu,Erode,Gobichettipalayam(Uzhavar Sandhai ) APMC,Beans,7200.0
Tamil Nadu,Erode,Gobichettipalayam(Uzhavar Sandhai ) APMC,Carrot,4650.0
Tamil Nadu,Erode,Gobichettipalayam(Uzhavar Sandhai ) APMC,Chow Chow,2350.0
Tamil Nadu,Erode,Gobichettipalayam(Uzhavar Sandhai ) APMC,Guava,5250.0
Tamil Nadu,Erode,Sathiyamagalam(Uzhavar Sandhai ) APMC,Ridgeguard(Tori),3750.0
Tamil Nadu,Erode,Sathiyamagalam(Uzhavar Sandhai ) APMC,Knool Khol,5250.0
Tamil Nadu,Erode,Sathiyamagalam(Uzhavar Sandhai ) APMC,Onion Green,2600.0
Tamil Nadu,Erode,Sathiyamagalam(Uzhavar Sandhai ) APMC,Sweet Corn ,2600.0
Haryana,Panipat,Samalkha APMC,Cucumbar(Kheera),700.0
Haryana,Panipat,Samalkha APMC,Garlic,7500.0
Haryana,Panipat,Samalkha APMC,Cauliflower,800.0
Haryana,Panipat,Samalkha APMC,Bhindi(Ladies Finger),6000.0
Uttar Pradesh,Kannuj,Kannauj APMC,Potato,450.0
Uttar Pradesh,Kannuj,Kannauj APMC,Wood,500.0
Tamil Nadu,Thiruvarur,Valangaiman APMC,Brinjal,3000.0
Tamil Nadu,Thiruvarur,Valangaiman APMC,Pumpkin,2000.0
Jammu and Kashmir,Srinagar,Parimpore APMC,Grapes,17400.0
Uttar Pradesh,Etawah,Jasvantnagar APMC,Papaya,2910.0
Uttar Pradesh,Etawah,Jasvantnagar APMC,Sponge gourd,2810.0
Odisha,Dhenkanal,Hindol APMC,Brinjal,4000.0
Odisha,Dhenkanal,Hindol APMC,Cabbage,2000.0
West Bengal,Purba Bardhaman,Guskara APMC,"Sesamum(Sesame,Gingelly,Til)",6600.0
Tamil Nadu,Namakkal,Tiruchengode APMC,Banana,3750.0
Tamil Nadu,Namakkal,Tiruchengode APMC,Mousambi(Sweet Lime),3250.0
Tamil Nadu,Namakkal,Tiruchengode APMC,Bitter gourd,4750.0
Tamil Nadu,Namakkal,Tiruchengode APMC,Bhindi(Ladies Finger),5700.0
Tamil Nadu,Namakkal,Tiruchengode APMC,Tapioca,2800.0
Tamil Nadu,Namakkal,Tiruchengode APMC,Coconut,4750.0
Tamil Nadu,Namakkal,Tiruchengode APMC,Sweet Potato,4750.0
Tamil Nadu,Namakkal,Tiruchengode APMC,Ridgeguard(Tori),5700.0
Tamil Nadu,Namakkal,Tiruchengode APMC,Chow Chow,2800.0
Tamil Nadu,Namakkal,Tiruchengode APMC,Tender Coconut,2750.0
Tamil Nadu,Namakkal,Tiruchengode APMC,Amla(Nelli Kai),7600.0
Tamil Nadu,Namakkal,Tiruchengode APMC,Sweet Corn ,4750.0
Telangana,Medak,Vantamamidi APMC,Field Pea,2500.0
Telangana,Medak,Vantamamidi APMC,Drumstick,2000.0
Telangana,Medak,Vantamamidi APMC,Bottle gourd,500.0
Punjab,Kapurthala,Bhulath (Nadala) APMC,Green Chilli,6300.0
Tamil Nadu,Thiruchirappalli,Thuraiyur APMC,Onion,2600.0
Tamil Nadu,Thiruchirappalli,Thuraiyur APMC,Tomato,1800.0
Tamil Nadu,Thiruchirappalli,Thuraiyur APMC,Bottle gourd,1750.0
Tamil Nadu,Thiruchirappalli,Thuraiyur APMC,Bhindi(Ladies Finger),5250.0
Tamil Nadu,Thiruchirappalli,Thuraiyur APMC,Tapioca,2250.0
Tamil Nadu,Thiruchirappalli,Thuraiyur APMC,Raddish,2000.0
Tamil Nadu,Thiruchirappalli,Thuraiyur APMC,Green Avare(W),6500.0
Tamil Nadu,Thiruchirappalli,Thuraiyur APMC,Onion Green,3000.0
Jammu and Kashmir,Anantnag,Batingoo APMC,Banana,3200.0
Tamil Nadu,Ariyalur,Ariyalur(Uzhavar Sandhai) APMC,Banana,5100.0
Tamil Nadu,Ariyalur,Ariyalur(Uzhavar Sandhai) APMC,Onion,2250.0
Tamil Nadu,Ariyalur,Ariyalur(Uzhavar Sandhai) APMC,Bottle gourd,1800.0
Tamil Nadu,Ariyalur,Ariyalur(Uzhavar Sandhai) APMC,Carrot,5000.0
Tamil Nadu,Ariyalur,Jeyankondam (Uzhavar Sandhai ) APMC,Coconut,5800.0
Tamil Nadu,Ariyalur,Jeyankondam (Uzhavar Sandhai ) APMC,Onion Green,3400.0
Madhya Pradesh,Ujjain,Ujjain(F&V) APMC,Spinach,825.0
Madhya Pradesh,Ujjain,Ujjain(F&V) APMC,Tinda,1507.0
Madhya Pradesh,Sagar,Sagar(F&V) APMC,Cauliflower,400.0
Tamil Nadu,Coimbatore,RSPuram(Uzhavar Sandhai ) APMC,Orange,10500.0
Tamil Nadu,Coimbatore,RSPuram(Uzhavar Sandhai ) APMC,Mango,11000.0
Tamil Nadu,Coimbatore,RSPuram(Uzhavar Sandhai ) APMC,Potato,3500.0
Tamil Nadu,Coimbatore,RSPuram(Uzhavar Sandhai ) APMC,Brinjal,3200.0
Tamil Nadu,Coimbatore,RSPuram(Uzhavar Sandhai ) APMC,Green Peas,8500.0
Tamil Nadu,Coimbatore,RSPuram(Uzhavar Sandhai ) APMC,Chikoos(Sapota),3750.0
Tamil Nadu,Coimbatore,RSPuram(Uzhavar Sandhai ) APMC,Ashgourd,1900.0
Tamil Nadu,Coimbatore,RSPuram(Uzhavar Sandhai ) APMC,Pumpkin,1900.0
Tamil Nadu,Coimbatore,RSPuram(Uzhavar Sandhai ) APMC,Green Chilli,3500.0
Tamil Nadu,Coimbatore,RSPuram(Uzhavar Sandhai ) APMC,Cucumbar(Kheera),2650.0
Tamil Nadu,Coimbatore,RSPuram(Uzhavar Sandhai ) APMC,Drumstick,2900.0
Tamil Nadu,Coimbatore,RSPuram(Uzhavar Sandhai ) APMC,Lime,11500.0
Tamil Nadu,Coimbatore,RSPuram(Uzhavar Sandhai ) APMC,Elephant Yam(Suran)/Amorphophallus,2250.0
Tamil Nadu,Coimbatore,RSPuram(Uzhavar Sandhai ) APMC,Amla(Nelli Kai),8250.0
Tamil Nadu,Coimbatore,RSPuram(Uzhavar Sandhai ) APMC,Baby Corn,2300.0
Tamil Nadu,Coimbatore,RSPuram(Uzhavar Sandhai ) APMC,Sweet Corn ,3750.0
Tamil Nadu,Coimbatore,Singanallur(Uzhavar Sandhai ) APMC,Orange,9500.0
Tamil Nadu,Coimbatore,Singanallur(Uzhavar Sandhai ) APMC,Chikoos(Sapota),3750.0
Tamil Nadu,Coimbatore,Singanallur(Uzhavar Sandhai ) APMC,Papaya,3250.0
Tamil Nadu,Coimbatore,Singanallur(Uzhavar Sandhai ) APMC,Sweet Potato,3000.0
Tamil Nadu,Coimbatore,Singanallur(Uzhavar Sandhai ) APMC,Carrot,3400.0
Tamil Nadu,Coimbatore,Singanallur(Uzhavar Sandhai ) APMC,Cabbage,1900.0
Tamil Nadu,Coimbatore,Singanallur(Uzhavar Sandhai ) APMC,Beetroot,3800.0
Tamil Nadu,Coimbatore,Singanallur(Uzhavar Sandhai ) APMC,Green Avare(W),6250.0
Tamil Nadu,Coimbatore,Singanallur(Uzhavar Sandhai ) APMC,Drumstick,3000.0
Tamil Nadu,Coimbatore,Singanallur(Uzhavar Sandhai ) APMC,Yam(Ratalu),5750.0
Tamil Nadu,Coimbatore,Singanallur(Uzhavar Sandhai ) APMC,Mint(Pudina),3250.0
Gujarat,Banaskanth,Deesa APMC,Guar Seed(Cluster Beans Seed),5250.0
Gujarat,Banaskanth,Dhanera APMC,Bajra(Pearl Millet/Cumbu),2560.0
Gujarat,Banaskanth,Dhanera APMC,Suva(Dill Seed),9180.0
Gujarat,Banaskanth,Dhanera APMC,Rajgir,8080.0
Gujarat,Bharuch,Bharuch APMC,Long Melon(Kakri),1200.0
Gujarat,Kheda,Nadiad APMC,Tomato,1100.0
Gujarat,Sabarkantha,Talod APMC,Wheat,2458.0
Gujarat,Bhavnagar,Mahuva(Station Road) APMC,Onion,745.0
Haryana,Mahendragarh-Narnaul,Narnaul APMC,Raddish,1500.0
Haryana,Mahendragarh-Narnaul,Narnaul APMC,Tinda,2500.0
Haryana,Mahendragarh-Narnaul,Narnaul APMC,Brinjal,2500.0
Haryana,Mahendragarh-Narnaul,Narnaul APMC,Onion,1000.0
Haryana,Mahendragarh-Narnaul,Narnaul APMC,Pomegranate,10000.0
Haryana,Mahendragarh-Narnaul,Narnaul APMC,Chikoos(Sapota),4000.0
Haryana,Mahendragarh-Narnaul,Narnaul APMC,Orange,10000.0
Gujarat,Rajkot,Rajkot(Veg.Sub Yard) APMC,Bhindi(Ladies Finger),3260.0
Gujarat,Rajkot,Rajkot(Veg.Sub Yard) APMC,Brinjal,940.0
Uttar Pradesh,Kasganj,Ganj Dundwara APMC,Rice,2600.0
Uttar Pradesh,Kasganj,Ganj Dundwara APMC,Tobacco,1669.96
Uttar Pradesh,Bahraich,Mihipurwa APMC,Paddy(Common),1900.0
Uttar Pradesh,Jalaun (Orai),Madhogarh APMC,Wheat,2590.0
Uttar Pradesh,Amroha,Hasanpur APMC,Potato,410.0
Uttar Pradesh,Amroha,Hasanpur APMC,Gur(Jaggery),3683.66
Haryana,Panchkula,Barwala APMC,Brinjal,1750.0
Tamil Nadu,Coimbatore,Pollachi(Uzhavar Sandhai ) APMC,Onion,2250.0
Tamil Nadu,Coimbatore,Pollachi(Uzhavar Sandhai ) APMC,Potato,3250.0
Tamil Nadu,Coimbatore,Pollachi(Uzhavar Sandhai ) APMC,Garlic,14500.0
Tamil Nadu,Coimbatore,Pollachi(Uzhavar Sandhai ) APMC,Cauliflower,3750.0
Tamil Nadu,Coimbatore,Pollachi(Uzhavar Sandhai ) APMC,Bottle gourd,2250.0
Tamil Nadu,Coimbatore,Pollachi(Uzhavar Sandhai ) APMC,Carrot,3750.0
Tamil Nadu,Coimbatore,Pollachi(Uzhavar Sandhai ) APMC,Raddish,2750.0
Tamil Nadu,Coimbatore,Pollachi(Uzhavar Sandhai ) APMC,Onion Green,3250.0
Uttar Pradesh,Gautam Budh Nagar,Jewar APMC,Wheat,2585.0
Uttar Pradesh,Gautam Budh Nagar,Jewar APMC,Wheat,2586.19
Gujarat,Narmada,Garudeshwal APMC,Bajra(Pearl Millet/Cumbu),3000.0
Uttar Pradesh,Lucknow,Banthara APMC,Green Gram Dal(Moong Dal),11408.39
Uttar Pradesh,Lucknow,Banthara APMC,Wheat,2378.19
Uttar Pradesh,Shahjahanpur,Jalalabad APMC,Paddy(Common),2079.19
Uttar Pradesh,Shahjahanpur,Jalalabad APMC,Wheat,2306.65
Uttar Pradesh,Shahjahanpur,Jalalabad APMC,Wheat,2300.0
Uttar Pradesh,Hamirpur,Raath APMC,"Sesamum(Sesame,Gingelly,Til)",8848.45
Uttar Pradesh,Hamirpur,Raath APMC,Wheat,2590.0
Uttar Pradesh,Hamirpur,Raath APMC,Wheat,2590.0
Tamil Nadu,Coimbatore,Mettupalayam(Uzhavar Sandhai ) APMC,Groundnut,7500.0
Tamil Nadu,Coimbatore,Mettupalayam(Uzhavar Sandhai ) APMC,Garlic,13000.0
Tamil Nadu,Coimbatore,Mettupalayam(Uzhavar Sandhai ) APMC,Bottle gourd,1800.0
Tamil Nadu,Coimbatore,Mettupalayam(Uzhavar Sandhai ) APMC,Banana - Green,4750.0
Tamil Nadu,Coimbatore,Mettupalayam(Uzhavar Sandhai ) APMC,Snakeguard,2750.0
Tamil Nadu,Coimbatore,Mettupalayam(Uzhavar Sandhai ) APMC,Green Avare(W),5250.0
Tamil Nadu,Coimbatore,Mettupalayam(Uzhavar Sandhai ) APMC,Lemon,13000.0
Tamil Nadu,Coimbatore,Mettupalayam(Uzhavar Sandhai ) APMC,Turnip,3250.0
Uttar Pradesh,Khiri (Lakhimpur),Maigalganj APMC,Wheat,2250.0
Uttar Pradesh,Chitrakut,Mau(Chitrakut) APMC,Wood,500.0
Uttar Pradesh,Chitrakut,Mau(Chitrakut) APMC,Barley(Jau),2100.0
Uttar Pradesh,Chitrakut,Mau(Chitrakut) APMC,Wheat,2325.35
Uttar Pradesh,Rampur,Milak APMC,Firewood,470.0
Uttar Pradesh,Kanpur Dehat,Pukharayan APMC,Gur(Jaggery),4350.0
Uttar Pradesh,Kanpur Dehat,Pukharayan APMC,Bengal Gram Dal(Chana Dal),7600.0
Uttar Pradesh,Kanpur Dehat,Pukharayan APMC,Peas(Dry),4065.0
Uttar Pradesh,Kanpur Dehat,Pukharayan APMC,Bhindi(Ladies Finger),2775.0
Uttar Pradesh,Kanpur Dehat,Pukharayan APMC,Green Chilli,4500.0
Uttar Pradesh,Kanpur Dehat,Pukharayan APMC,Raddish,1680.0
Uttar Pradesh,Kanpur Dehat,Pukharayan APMC,Wheat,2300.0
Uttar Pradesh,Rampur,Tanda(Rampur) APMC,Capsicum,1500.0
Uttar Pradesh,Bareilly,Baheri APMC,Wood,486.73
Uttar Pradesh,Bareilly,Baheri APMC,Firewood,334.92
Kerala,Idukki,Thodupuzha APMC,Mango(Raw-Ripe),4800.0
Kerala,Idukki,Thodupuzha APMC,Potato,3900.0
Uttar Pradesh,Jalaun (Orai),Ait APMC,Wheat,2587.0
Uttar Pradesh,Bareilly,Anwala APMC,Paddy(Common),2778.96
Uttar Pradesh,Bijnor,Chaandpur APMC,Firewood,500.0
Uttar Pradesh,Auraiya,Dibiapur APMC,Firewood,400.0
Uttar Pradesh,Auraiya,Dibiapur APMC,Wheat,2300.0
Uttar Pradesh,Rampur,Bilaspur APMC,Green Chilli,2000.0
Gujarat,Surat,Nizar(Rumkitalav) APMC,Maize,1520.0
Uttar Pradesh,Farukhabad,Kamlaganj APMC,Cauliflower,1250.0
Uttar Pradesh,Farukhabad,Kamlaganj APMC,Paddy(Basmati),2800.0
Uttar Pradesh,Farukhabad,Kamlaganj APMC,Green Chilli,4500.0
Uttar Pradesh,Muzaffarnagar,Khatauli APMC,Gur(Jaggery),3900.0
Chandigarh,Chandigarh,Chandigarh(Grain/Fruit) APMC,Cucumbar(Kheera),1200.0
Chandigarh,Chandigarh,Chandigarh(Grain/Fruit) APMC,Cauliflower,1200.0
Chandigarh,Chandigarh,Chandigarh(Grain/Fruit) APMC,Lemon,8000.0
Chandigarh,Chandigarh,Chandigarh(Grain/Fruit) APMC,Onion,1200.0
Chandigarh,Chandigarh,Chandigarh(Grain/Fruit) APMC,Peas Wet,3000.0
Uttar Pradesh,Mahoba,Charkhari APMC,Wheat,2590.28
Uttar Pradesh,Agra,Samsabad APMC,Tomato,1100.0
Uttar Pradesh,Agra,Samsabad APMC,Potato,500.0
Odisha,Bargarh,Bargarh(Barapalli) APMC,Brinjal,1800.0
Uttar Pradesh,Agra,Khairagarh APMC,Bajra(Pearl Millet/Cumbu),1750.0
Uttar Pradesh,Agra,Khairagarh APMC,Mustard,6600.0
Uttar Pradesh,Banda,Baberu APMC,Mustard,6500.0
Kerala,Ernakulam,Broadway market APMC,Amaranthus,3200.0
Uttar Pradesh,Muzaffarnagar,Shahpur APMC,Wood,515.33
Tamil Nadu,Karur,Karur(Uzhavar Sandhai ) APMC,Potato,3750.0
Tamil Nadu,Karur,Karur(Uzhavar Sandhai ) APMC,Coriander(Leaves),5750.0
Tamil Nadu,Karur,Karur(Uzhavar Sandhai ) APMC,Green Peas,10750.0
Tamil Nadu,Karur,Karur(Uzhavar Sandhai ) APMC,Papaya,3250.0
Tamil Nadu,Karur,Karur(Uzhavar Sandhai ) APMC,Beans,7750.0
Tamil Nadu,Karur,Karur(Uzhavar Sandhai ) APMC,Snakeguard,3250.0
Tamil Nadu,Karur,Karur(Uzhavar Sandhai ) APMC,Green Avare(W),8000.0
Tamil Nadu,Karur,Karur(Uzhavar Sandhai ) APMC,Lemon,15750.0
Tripura,Dhalai,Halahali,Onion,2900.0
Tripura,Dhalai,Masli,Ridgeguard(Tori),6500.0
Assam,Kamrup,Pamohi(Garchuk) APMC,Ginger(Green),6000.0
Assam,Kamrup,Pamohi(Garchuk) APMC,Ashgourd,2000.0
Assam,Kamrup,Pamohi(Garchuk) APMC,Green Peas,5500.0
Assam,Kamrup,Pamohi(Garchuk) APMC,Tomato,2000.0
Assam,Kamrup,Pamohi(Garchuk) APMC,Cowpea(Veg),5000.0
Assam,Kamrup,Pamohi(Garchuk) APMC,Capsicum,5000.0
Assam,Kamrup,Pamohi(Garchuk) APMC,Beetroot,2500.0
Assam,Kamrup,Pamohi(Garchuk) APMC,Carrot,2000.0
Tamil Nadu,Coimbatore,Kurichi(Uzhavar Sandhai ) APMC,Papaya,3400.0
Tamil Nadu,Coimbatore,Kurichi(Uzhavar Sandhai ) APMC,Ashgourd,1800.0
Tamil Nadu,Coimbatore,Kurichi(Uzhavar Sandhai ) APMC,Amaranthus,3750.0
Tamil Nadu,Coimbatore,Kurichi(Uzhavar Sandhai ) APMC,Snakeguard,3400.0
Tamil Nadu,Coimbatore,Kurichi(Uzhavar Sandhai ) APMC,Raddish,3250.0
Tamil Nadu,Coimbatore,Kurichi(Uzhavar Sandhai ) APMC,Green Avare(W),6750.0
Tamil Nadu,Cuddalore,Cuddalore(Uzhavar Sandhai ) APMC,Banana,5500.0
Tamil Nadu,Cuddalore,Cuddalore(Uzhavar Sandhai ) APMC,Tomato,1900.0
Tamil Nadu,Cuddalore,Cuddalore(Uzhavar Sandhai ) APMC,Cabbage,2500.0
Tamil Nadu,Cuddalore,Cuddalore(Uzhavar Sandhai ) APMC,Chow Chow,3000.0
Tamil Nadu,Cuddalore,Cuddalore(Uzhavar Sandhai ) APMC,Drumstick,5000.0
Tamil Nadu,Cuddalore,Cuddalore(Uzhavar Sandhai ) APMC,Mango(Raw-Ripe),4500.0
Tamil Nadu,Cuddalore,Viruthachalam(Uzhavar Sandhai ) APMC,Brinjal,3000.0
Tamil Nadu,Cuddalore,Viruthachalam(Uzhavar Sandhai ) APMC,Coriander(Leaves),4000.0
Tamil Nadu,Cuddalore,Viruthachalam(Uzhavar Sandhai ) APMC,Tomato,2000.0
Tamil Nadu,Cuddalore,Viruthachalam(Uzhavar Sandhai ) APMC,Ashgourd,2000.0
Tamil Nadu,Cuddalore,Viruthachalam(Uzhavar Sandhai ) APMC,Coconut,5500.0
Tamil Nadu,Cuddalore,Viruthachalam(Uzhavar Sandhai ) APMC,Carrot,3000.0
Tamil Nadu,Cuddalore,Viruthachalam(Uzhavar Sandhai ) APMC,Snakeguard,2000.0
Tamil Nadu,Cuddalore,Panruti(Uzhavar Sandhai ) APMC,Ashgourd,2000.0
Tamil Nadu,Cuddalore,Panruti(Uzhavar Sandhai ) APMC,Banana - Green,2500.0
Tamil Nadu,Cuddalore,Panruti(Uzhavar Sandhai ) APMC,Snakeguard,3000.0
Tamil Nadu,Cuddalore,Panruti(Uzhavar Sandhai ) APMC,Mango(Raw-Ripe),5000.0
Tamil Nadu,Cuddalore,Vadalur(Uzhavar Sandhai ) APMC,Onion,2250.0
Tamil Nadu,Cuddalore,Vadalur(Uzhavar Sandhai ) APMC,Potato,2750.0
Tamil Nadu,Cuddalore,Vadalur(Uzhavar Sandhai ) APMC,Bhindi(Ladies Finger),4000.0
Tamil Nadu,Cuddalore,Vadalur(Uzhavar Sandhai ) APMC,Carrot,3000.0
Tamil Nadu,Cuddalore,Vadalur(Uzhavar Sandhai ) APMC,Thondekai,4000.0
Tamil Nadu,Cuddalore,Vadalur(Uzhavar Sandhai ) APMC,Green Avare(W),7000.0
Tamil Nadu,Cuddalore,Vadalur(Uzhavar Sandhai ) APMC,Mango(Raw-Ripe),3500.0
Tamil Nadu,Dharmapuri,Dharmapuri(Uzhavar Sandhai ) APMC,Bottle gourd,1500.0
Tamil Nadu,Dharmapuri,Dharmapuri(Uzhavar Sandhai ) APMC,Green Chilli,3500.0
Tamil Nadu,Dharmapuri,Dharmapuri(Uzhavar Sandhai ) APMC,Ginger(Green),8500.0
Tamil Nadu,Dharmapuri,Dharmapuri(Uzhavar Sandhai ) APMC,Ridgeguard(Tori),3500.0
Tamil Nadu,Dharmapuri,Dharmapuri(Uzhavar Sandhai ) APMC,Green Avare(W),4900.0
Tamil Nadu,Dharmapuri,Dharmapuri(Uzhavar Sandhai ) APMC,Chow Chow,3900.0
Tamil Nadu,Dharmapuri,Dharmapuri(Uzhavar Sandhai ) APMC,Yam(Ratalu),8800.0
Tamil Nadu,Dharmapuri,Dharmapuri(Uzhavar Sandhai ) APMC,Mashrooms,12800.0
Tamil Nadu,Dharmapuri,Dharmapuri(Uzhavar Sandhai ) APMC,Mint(Pudina),7350.0
Tamil Nadu,Dharmapuri,Pennagaram(Uzhavar Sandhai ) APMC,Chikoos(Sapota),4900.0
Tamil Nadu,Dharmapuri,Pennagaram(Uzhavar Sandhai ) APMC,Bottle gourd,2400.0
Tamil Nadu,Dharmapuri,Pennagaram(Uzhavar Sandhai ) APMC,Amaranthus,2400.0
Tamil Nadu,Dharmapuri,Pennagaram(Uzhavar Sandhai ) APMC,Green Chilli,5900.0
Tamil Nadu,Dharmapuri,Pennagaram(Uzhavar Sandhai ) APMC,Capsicum,5900.0
Tamil Nadu,Dharmapuri,Pennagaram(Uzhavar Sandhai ) APMC,Green Avare(W),6900.0
Tamil Nadu,Dharmapuri,Pennagaram(Uzhavar Sandhai ) APMC,Drumstick,4900.0
Tamil Nadu,Dharmapuri,Palacode(Uzhavar Sandhai ) APMC,Potato,2700.0
Tamil Nadu,Dharmapuri,Palacode(Uzhavar Sandhai ) APMC,Green Peas,8800.0
Tamil Nadu,Dharmapuri,Palacode(Uzhavar Sandhai ) APMC,Chikoos(Sapota),3400.0
Tamil Nadu,Dharmapuri,Palacode(Uzhavar Sandhai ) APMC,Papaya,3400.0
Tamil Nadu,Dharmapuri,Palacode(Uzhavar Sandhai ) APMC,Cabbage,2400.0
Tamil Nadu,Dharmapuri,Palacode(Uzhavar Sandhai ) APMC,Raddish,1400.0
Tamil Nadu,Dharmapuri,Palacode(Uzhavar Sandhai ) APMC,Thondekai,4800.0
Tamil Nadu,Dharmapuri,Palacode(Uzhavar Sandhai ) APMC,Chow Chow,2900.0
Tamil Nadu,Dharmapuri,Palacode(Uzhavar Sandhai ) APMC,Tamarind Fruit,13500.0
Tamil Nadu,Dharmapuri,Palacode(Uzhavar Sandhai ) APMC,Indian Beans(Seam),5250.0
Tamil Nadu,Dharmapuri,AJattihalli(Uzhavar Sandhai ) APMC,Garlic,16300.0
Tamil Nadu,Dharmapuri,AJattihalli(Uzhavar Sandhai ) APMC,Green Peas,10750.0
Tamil Nadu,Dharmapuri,AJattihalli(Uzhavar Sandhai ) APMC,Papaya,3500.0
Tamil Nadu,Dharmapuri,AJattihalli(Uzhavar Sandhai ) APMC,Tomato,1600.0
Tamil Nadu,Dharmapuri,AJattihalli(Uzhavar Sandhai ) APMC,Bottle gourd,900.0
Tamil Nadu,Dharmapuri,AJattihalli(Uzhavar Sandhai ) APMC,Banana - Green,2900.0
Tamil Nadu,Dharmapuri,AJattihalli(Uzhavar Sandhai ) APMC,Ginger(Green),8300.0
Tamil Nadu,Dharmapuri,AJattihalli(Uzhavar Sandhai ) APMC,Ridgeguard(Tori),3500.0
Tamil Nadu,Dharmapuri,AJattihalli(Uzhavar Sandhai ) APMC,Raddish,1300.0
Tamil Nadu,Dharmapuri,AJattihalli(Uzhavar Sandhai ) APMC,Green Avare(W),5250.0
Tamil Nadu,Dharmapuri,AJattihalli(Uzhavar Sandhai ) APMC,Chow Chow,3900.0
Tamil Nadu,Dharmapuri,AJattihalli(Uzhavar Sandhai ) APMC,Mint(Pudina),7250.0
Tamil Nadu,Dharmapuri,AJattihalli(Uzhavar Sandhai ) APMC,Sweet Corn ,2350.0
Tamil Nadu,Dindigul,Dindigul(Uzhavar Sandhai ) APMC,Banana,4500.0
Tamil Nadu,Dindigul,Dindigul(Uzhavar Sandhai ) APMC,Green Peas,7500.0
Tamil Nadu,Dindigul,Dindigul(Uzhavar Sandhai ) APMC,Green Chilli,4500.0
Tamil Nadu,Dindigul,Dindigul(Uzhavar Sandhai ) APMC,Banana - Green,1750.0
Tamil Nadu,Dindigul,Dindigul(Uzhavar Sandhai ) APMC,Tapioca,3300.0
Tamil Nadu,Dindigul,Dindigul(Uzhavar Sandhai ) APMC,Ginger(Green),8500.0
Tamil Nadu,Dindigul,Dindigul(Uzhavar Sandhai ) APMC,Ridgeguard(Tori),4300.0
Tamil Nadu,Dindigul,Dindigul(Uzhavar Sandhai ) APMC,Raddish,3300.0
Tamil Nadu,Dindigul,Dindigul(Uzhavar Sandhai ) APMC,Drumstick,4500.0
Tamil Nadu,Dindigul,Dindigul(Uzhavar Sandhai ) APMC,Lime,13000.0
Tamil Nadu,Dindigul,Dindigul(Uzhavar Sandhai ) APMC,Elephant Yam(Suran)/Amorphophallus,4500.0
Tamil Nadu,Dindigul,Dindigul(Uzhavar Sandhai ) APMC,Mint(Pudina),2250.0
Tamil Nadu,Dindigul,Palani(Uzhavar Sandhai ) APMC,Groundnut,6000.0
Tamil Nadu,Dindigul,Palani(Uzhavar Sandhai ) APMC,Mango,8000.0
Tamil Nadu,Dindigul,Palani(Uzhavar Sandhai ) APMC,Tomato,1300.0
Tamil Nadu,Dindigul,Palani(Uzhavar Sandhai ) APMC,Ashgourd,1650.0
Tamil Nadu,Dindigul,Palani(Uzhavar Sandhai ) APMC,Cowpea(Veg),2250.0
Tamil Nadu,Dindigul,Palani(Uzhavar Sandhai ) APMC,Ginger(Green),6500.0
Tamil Nadu,Dindigul,Palani(Uzhavar Sandhai ) APMC,Cabbage,2100.0
Tamil Nadu,Dindigul,Palani(Uzhavar Sandhai ) APMC,Thondekai,2750.0
Tamil Nadu,Dindigul,Palani(Uzhavar Sandhai ) APMC,Elephant Yam(Suran)/Amorphophallus,3300.0
Tamil Nadu,Dindigul,Palani(Uzhavar Sandhai ) APMC,Baby Corn,2750.0
Tamil Nadu,Dindigul,Chinnalapatti(Uzhavar Sandhai ) APMC,Banana,4500.0
Tamil Nadu,Dindigul,Chinnalapatti(Uzhavar Sandhai ) APMC,Brinjal,3750.0
Tamil Nadu,Dindigul,Chinnalapatti(Uzhavar Sandhai ) APMC,Bottle gourd,1750.0
Tamil Nadu,Dindigul,Chinnalapatti(Uzhavar Sandhai ) APMC,Ridgeguard(Tori),4300.0
Tamil Nadu,Dindigul,Chinnalapatti(Uzhavar Sandhai ) APMC,Thondekai,3300.0
Tamil Nadu,Erode,Periyar Nagar(Uzhavar Sandhai ) APMC,Tomato,1150.0
Tamil Nadu,Erode,Periyar Nagar(Uzhavar Sandhai ) APMC,Cluster beans,3200.0
Tamil Nadu,Erode,Periyar Nagar(Uzhavar Sandhai ) APMC,Cucumbar(Kheera),4800.0
Tamil Nadu,Erode,Periyar Nagar(Uzhavar Sandhai ) APMC,Mango(Raw-Ripe),2350.0
Tamil Nadu,Erode,Periyar Nagar(Uzhavar Sandhai ) APMC,Tender Coconut,3250.0
Tamil Nadu,Erode,Perundurai(Uzhavar Sandhai ) APMC,Onion,2500.0
Tamil Nadu,Erode,Perundurai(Uzhavar Sandhai ) APMC,Tomato,1600.0
Tamil Nadu,Erode,Perundurai(Uzhavar Sandhai ) APMC,Bottle gourd,700.0
Tamil Nadu,Erode,Perundurai(Uzhavar Sandhai ) APMC,Amaranthus,4300.0
Tamil Nadu,Erode,Perundurai(Uzhavar Sandhai ) APMC,Snakeguard,5000.0
Tamil Nadu,Erode,Perundurai(Uzhavar Sandhai ) APMC,Raddish,2300.0
Tamil Nadu,Erode,Thalavadi(Uzhavar Sandhai ) APMC,Banana,2600.0
Tamil Nadu,Erode,Thalavadi(Uzhavar Sandhai ) APMC,Tomato,1300.0
Tamil Nadu,Erode,Thalavadi(Uzhavar Sandhai ) APMC,Bitter gourd,2750.0
Tamil Nadu,Erode,Thalavadi(Uzhavar Sandhai ) APMC,Beans,5750.0
Tamil Nadu,Erode,Thalavadi(Uzhavar Sandhai ) APMC,Carrot,4250.0
Tamil Nadu,Erode,Thalavadi(Uzhavar Sandhai ) APMC,Ridgeguard(Tori),3750.0
Tamil Nadu,Erode,Thalavadi(Uzhavar Sandhai ) APMC,Onion Green,2600.0
Tamil Nadu,Kancheepuram,Padappai(Uzhavar Sandhai ) APMC,Apple,20000.0
Tamil Nadu,Kancheepuram,Padappai(Uzhavar Sandhai ) APMC,Potato,3000.0
Tamil Nadu,Kancheepuram,Padappai(Uzhavar Sandhai ) APMC,Brinjal,3000.0
Tamil Nadu,Kancheepuram,Padappai(Uzhavar Sandhai ) APMC,Tomato,1600.0
Tamil Nadu,Kancheepuram,Padappai(Uzhavar Sandhai ) APMC,Pumpkin,1750.0
Tamil Nadu,Kancheepuram,Padappai(Uzhavar Sandhai ) APMC,Green Chilli,3000.0
Tamil Nadu,Kancheepuram,Padappai(Uzhavar Sandhai ) APMC,Snakeguard,3250.0
Tamil Nadu,Kancheepuram,Padappai(Uzhavar Sandhai ) APMC,Tender Coconut,2150.0
Tamil Nadu,Kancheepuram,Padappai(Uzhavar Sandhai ) APMC,Amla(Nelli Kai),7500.0
Tamil Nadu,Kancheepuram,Padappai(Uzhavar Sandhai ) APMC,Mint(Pudina),3250.0
Tamil Nadu,Kancheepuram,Sunguvarchatram(Uzhavar Sandhai ) APMC,Coriander(Leaves),3750.0
Tamil Nadu,Kancheepuram,Sunguvarchatram(Uzhavar Sandhai ) APMC,Water Melon,1750.0
Tamil Nadu,Kancheepuram,Sunguvarchatram(Uzhavar Sandhai ) APMC,Beans,4500.0
Tamil Nadu,Kancheepuram,Sunguvarchatram(Uzhavar Sandhai ) APMC,Cucumbar(Kheera),3750.0
Tamil Nadu,Kancheepuram,Kundrathur(Uzhavar Sandhai ) APMC,Orange,7000.0
Tamil Nadu,Kancheepuram,Kundrathur(Uzhavar Sandhai ) APMC,Onion,2500.0
Tamil Nadu,Kancheepuram,Kundrathur(Uzhavar Sandhai ) APMC,Cauliflower,2250.0
Tamil Nadu,Kancheepuram,Kundrathur(Uzhavar Sandhai ) APMC,Mousambi(Sweet Lime),6000.0
Tamil Nadu,Kancheepuram,Kundrathur(Uzhavar Sandhai ) APMC,Sweet Potato,3000.0
Tamil Nadu,Kancheepuram,Kundrathur(Uzhavar Sandhai ) APMC,Cabbage,1500.0
Tamil Nadu,Kancheepuram,Kundrathur(Uzhavar Sandhai ) APMC,Pomegranate,18000.0
Tamil Nadu,Kancheepuram,Kundrathur(Uzhavar Sandhai ) APMC,Yam(Ratalu),4000.0
Tamil Nadu,Karur,Kulithalai(Uzhavar Sandhai ) APMC,Banana,4500.0
Tamil Nadu,Karur,Kulithalai(Uzhavar Sandhai ) APMC,Mango,9000.0
Tamil Nadu,Karur,Kulithalai(Uzhavar Sandhai ) APMC,Coriander(Leaves),3500.0
Tamil Nadu,Karur,Kulithalai(Uzhavar Sandhai ) APMC,Bitter gourd,3400.0
Tamil Nadu,Karur,Kulithalai(Uzhavar Sandhai ) APMC,Ashgourd,1900.0
Tamil Nadu,Karur,Kulithalai(Uzhavar Sandhai ) APMC,Cowpea(Veg),3250.0
Tamil Nadu,Karur,Kulithalai(Uzhavar Sandhai ) APMC,Banana - Green,3500.0
Tamil Nadu,Karur,Kulithalai(Uzhavar Sandhai ) APMC,Ginger(Green),7500.0
Tamil Nadu,Karur,Kulithalai(Uzhavar Sandhai ) APMC,Sweet Potato,2750.0
Tamil Nadu,Karur,Kulithalai(Uzhavar Sandhai ) APMC,Cucumbar(Kheera),5000.0
Tamil Nadu,Karur,Kulithalai(Uzhavar Sandhai ) APMC,Mango(Raw-Ripe),5500.0
Tamil Nadu,Karur,Kulithalai(Uzhavar Sandhai ) APMC,Guava,4500.0
Tamil Nadu,Karur,Kulithalai(Uzhavar Sandhai ) APMC,Elephant Yam(Suran)/Amorphophallus,3750.0
Tamil Nadu,Karur,Kulithalai(Uzhavar Sandhai ) APMC,Lemon,14000.0
Tamil Nadu,Karur,Velayuthampalayam(Uzhavar Sandhai ) APMC,Amaranthus,2250.0
Tamil Nadu,Karur,Velayuthampalayam(Uzhavar Sandhai ) APMC,Green Chilli,3150.0
Tamil Nadu,Karur,Velayuthampalayam(Uzhavar Sandhai ) APMC,Ginger(Green),7500.0
Tamil Nadu,Karur,Velayuthampalayam(Uzhavar Sandhai ) APMC,Onion Green,3150.0
Tamil Nadu,Karur,Pallapatti (Uzhavar Sandhai ) APMC,Banana,4750.0
Tamil Nadu,Karur,Pallapatti (Uzhavar Sandhai ) APMC,Brinjal,4500.0
Tamil Nadu,Karur,Pallapatti (Uzhavar Sandhai ) APMC,Bhindi(Ladies Finger),5750.0
Tamil Nadu,Karur,Pallapatti (Uzhavar Sandhai ) APMC,Green Chilli,4500.0
Tamil Nadu,Karur,Pallapatti (Uzhavar Sandhai ) APMC,Coconut,5250.0
Tamil Nadu,Karur,Pallapatti (Uzhavar Sandhai ) APMC,Ridgeguard(Tori),3750.0
Tamil Nadu,Karur,Pallapatti (Uzhavar Sandhai ) APMC,Raddish,2250.0
Tamil Nadu,Karur,Pallapatti (Uzhavar Sandhai ) APMC,Lime,3750.0
Tamil Nadu,Karur,Pallapatti (Uzhavar Sandhai ) APMC,Onion Green,3250.0
Tamil Nadu,Karur,Pallapatti (Uzhavar Sandhai ) APMC,Mint(Pudina),4750.0
Tamil Nadu,Karur,Vengamedu(Uzhavar Sandhai ) APMC,Bottle gourd,750.0
Tamil Nadu,Karur,Vengamedu(Uzhavar Sandhai ) APMC,Ashgourd,1750.0
Tamil Nadu,Karur,Vengamedu(Uzhavar Sandhai ) APMC,Lemon,15750.0
Tamil Nadu,Krishnagiri,Hosur(Uzhavar Sandhai ) APMC,Orange,13000.0
Tamil Nadu,Krishnagiri,Hosur(Uzhavar Sandhai ) APMC,Chikoos(Sapota),6500.0
Tamil Nadu,Krishnagiri,Hosur(Uzhavar Sandhai ) APMC,Carrot,2250.0
Tamil Nadu,Krishnagiri,Hosur(Uzhavar Sandhai ) APMC,Raddish,2250.0
Tamil Nadu,Krishnagiri,Hosur(Uzhavar Sandhai ) APMC,Green Avare(W),5500.0
Tamil Nadu,Krishnagiri,Hosur(Uzhavar Sandhai ) APMC,Drumstick,3250.0
Tamil Nadu,Krishnagiri,Hosur(Uzhavar Sandhai ) APMC,Knool Khol,2250.0
Tamil Nadu,Krishnagiri,Hosur(Uzhavar Sandhai ) APMC,Guava,5500.0
Tamil Nadu,Krishnagiri,Hosur(Uzhavar Sandhai ) APMC,Mint(Pudina),2750.0
Tamil Nadu,Krishnagiri,Hosur(Uzhavar Sandhai ) APMC,Sweet Corn ,2750.0
Tamil Nadu,Krishnagiri,Krishnagiri(Uzhavar Sandhai ) APMC,Onion,1900.0
Tamil Nadu,Krishnagiri,Krishnagiri(Uzhavar Sandhai ) APMC,Coriander(Leaves),3200.0
Tamil Nadu,Krishnagiri,Krishnagiri(Uzhavar Sandhai ) APMC,Cluster beans,4200.0
Tamil Nadu,Krishnagiri,Krishnagiri(Uzhavar Sandhai ) APMC,Cabbage,1250.0
Tamil Nadu,Krishnagiri,Krishnagiri(Uzhavar Sandhai ) APMC,Ridgeguard(Tori),1900.0
Tamil Nadu,Krishnagiri,Krishnagiri(Uzhavar Sandhai ) APMC,Knool Khol,2750.0
Tamil Nadu,Krishnagiri,Krishnagiri(Uzhavar Sandhai ) APMC,Indian Beans(Seam),4250.0
Tamil Nadu,Krishnagiri,Krishnagiri(Uzhavar Sandhai ) APMC,Mint(Pudina),1750.0
Tamil Nadu,Krishnagiri,Denkanikottai(Uzhavar Sandhai ) APMC,Garlic,15000.0
Tamil Nadu,Krishnagiri,Denkanikottai(Uzhavar Sandhai ) APMC,Bottle gourd,1250.0
Tamil Nadu,Krishnagiri,Denkanikottai(Uzhavar Sandhai ) APMC,Coconut,5500.0
Tamil Nadu,Krishnagiri,Denkanikottai(Uzhavar Sandhai ) APMC,Ridgeguard(Tori),3500.0
Tamil Nadu,Krishnagiri,Denkanikottai(Uzhavar Sandhai ) APMC,Lemon,13000.0
Tamil Nadu,Krishnagiri,Avallapalli(Uzhavar Sandhai ) APMC,Potato,1750.0
Tamil Nadu,Krishnagiri,Avallapalli(Uzhavar Sandhai ) APMC,Brinjal,2250.0
Tamil Nadu,Krishnagiri,Avallapalli(Uzhavar Sandhai ) APMC,Coriander(Leaves),2750.0
Tamil Nadu,Krishnagiri,Avallapalli(Uzhavar Sandhai ) APMC,Bottle gourd,1750.0
Tamil Nadu,Krishnagiri,Avallapalli(Uzhavar Sandhai ) APMC,Amaranthus,5750.0
Tamil Nadu,Krishnagiri,Avallapalli(Uzhavar Sandhai ) APMC,Beans,6750.0
Tamil Nadu,Krishnagiri,Avallapalli(Uzhavar Sandhai ) APMC,Sweet Potato,4250.0
Tamil Nadu,Krishnagiri,Avallapalli(Uzhavar Sandhai ) APMC,Carrot,2750.0
Tamil Nadu,Krishnagiri,Avallapalli(Uzhavar Sandhai ) APMC,Snakeguard,2750.0
Tamil Nadu,Krishnagiri,Avallapalli(Uzhavar Sandhai ) APMC,Cucumbar(Kheera),2250.0
Tamil Nadu,Krishnagiri,Avallapalli(Uzhavar Sandhai ) APMC,Raddish,2250.0
Tamil Nadu,Krishnagiri,Avallapalli(Uzhavar Sandhai ) APMC,Drumstick,3250.0
Tamil Nadu,Krishnagiri,Avallapalli(Uzhavar Sandhai ) APMC,Knool Khol,2250.0
Tamil Nadu,Krishnagiri,Avallapalli(Uzhavar Sandhai ) APMC,Indian Beans(Seam),4750.0
Tamil Nadu,Madurai,Anna nagar(Uzhavar Sandhai ) APMC,Pineapple,7500.0
Tamil Nadu,Madurai,Anna nagar(Uzhavar Sandhai ) APMC,Potato,2750.0
Tamil Nadu,Madurai,Anna nagar(Uzhavar Sandhai ) APMC,Garlic,14000.0
Tamil Nadu,Madurai,Anna nagar(Uzhavar Sandhai ) APMC,Green Peas,7500.0
Tamil Nadu,Madurai,Anna nagar(Uzhavar Sandhai ) APMC,Chikoos(Sapota),4500.0
Tamil Nadu,Madurai,Anna nagar(Uzhavar Sandhai ) APMC,Bitter gourd,3300.0
Tamil Nadu,Madurai,Anna nagar(Uzhavar Sandhai ) APMC,Bhindi(Ladies Finger),4200.0
Tamil Nadu,Madurai,Anna nagar(Uzhavar Sandhai ) APMC,Amaranthus,3300.0
Tamil Nadu,Madurai,Anna nagar(Uzhavar Sandhai ) APMC,Green Chilli,3300.0
Tamil Nadu,Madurai,Anna nagar(Uzhavar Sandhai ) APMC,Cowpea(Veg),3200.0
Tamil Nadu,Madurai,Anna nagar(Uzhavar Sandhai ) APMC,Banana - Green,2250.0
Tamil Nadu,Madurai,Anna nagar(Uzhavar Sandhai ) APMC,Carrot,3250.0
Tamil Nadu,Madurai,Anna nagar(Uzhavar Sandhai ) APMC,Cucumbar(Kheera),8500.0
Tamil Nadu,Madurai,Anna nagar(Uzhavar Sandhai ) APMC,Drumstick,4500.0
Tamil Nadu,Madurai,Anna nagar(Uzhavar Sandhai ) APMC,Guava,7500.0
Tamil Nadu,Madurai,Anna nagar(Uzhavar Sandhai ) APMC,Marigold(Calcutta),18000.0
Tamil Nadu,Madurai,Anna nagar(Uzhavar Sandhai ) APMC,Yam(Ratalu),5500.0
Tamil Nadu,Madurai,Anna nagar(Uzhavar Sandhai ) APMC,Colacasia,5000.0
Tamil Nadu,Madurai,Anna nagar(Uzhavar Sandhai ) APMC,Onion Green,3750.0
Tamil Nadu,Madurai,Chokkikulam(Uzhavar Sandhai ) APMC,Apple,22000.0
Tamil Nadu,Madurai,Chokkikulam(Uzhavar Sandhai ) APMC,Grapes,14500.0
Tamil Nadu,Madurai,Chokkikulam(Uzhavar Sandhai ) APMC,Potato,2800.0
Tamil Nadu,Madurai,Chokkikulam(Uzhavar Sandhai ) APMC,Cauliflower,3300.0
Tamil Nadu,Madurai,Chokkikulam(Uzhavar Sandhai ) APMC,Ashgourd,1350.0
Tamil Nadu,Madurai,Chokkikulam(Uzhavar Sandhai ) APMC,Pumpkin,1650.0
Tamil Nadu,Madurai,Chokkikulam(Uzhavar Sandhai ) APMC,Cucumbar(Kheera),3500.0
Tamil Nadu,Madurai,Chokkikulam(Uzhavar Sandhai ) APMC,Mango(Raw-Ripe),2500.0
Tamil Nadu,Madurai,Chokkikulam(Uzhavar Sandhai ) APMC,Knool Khol,3300.0
Tamil Nadu,Madurai,Chokkikulam(Uzhavar Sandhai ) APMC,Lemon,15000.0
Tamil Nadu,Madurai,Chokkikulam(Uzhavar Sandhai ) APMC,Custard Apple(Sharifa),6500.0
Tamil Nadu,Madurai,Palanganatham(Uzhavar Sandhai ) APMC,Apple,21500.0
Tamil Nadu,Madurai,Palanganatham(Uzhavar Sandhai ) APMC,Potato,2900.0
Tamil Nadu,Madurai,Palanganatham(Uzhavar Sandhai ) APMC,Garlic,19000.0
Tamil Nadu,Madurai,Palanganatham(Uzhavar Sandhai ) APMC,Bhindi(Ladies Finger),4200.0
Tamil Nadu,Madurai,Palanganatham(Uzhavar Sandhai ) APMC,Indian Beans(Seam),4750.0
Tamil Nadu,Madurai,Usilampatti(Uzhavar Sandhai ) APMC,Tapioca,2750.0
Tamil Nadu,Madurai,Usilampatti(Uzhavar Sandhai ) APMC,Green Avare(W),7500.0
Tamil Nadu,Madurai,Thirumangalam(Uzhavar Sandhai ) APMC,Onion,2500.0
Tamil Nadu,Madurai,Thirumangalam(Uzhavar Sandhai ) APMC,Bitter gourd,3300.0
Tamil Nadu,Madurai,Thirumangalam(Uzhavar Sandhai ) APMC,Pumpkin,1650.0
Tamil Nadu,Madurai,Thirumangalam(Uzhavar Sandhai ) APMC,Ridgeguard(Tori),3500.0
Tamil Nadu,Madurai,Thirumangalam(Uzhavar Sandhai ) APMC,Amla(Nelli Kai),6750.0
Tamil Nadu,Madurai,Melur(Uzhavar Sandhai ) APMC,Brinjal,4750.0
Tamil Nadu,Madurai,Melur(Uzhavar Sandhai ) APMC,Cluster beans,3300.0
Tamil Nadu,Madurai,Melur(Uzhavar Sandhai ) APMC,Bitter gourd,3300.0
Tamil Nadu,Madurai,Melur(Uzhavar Sandhai ) APMC,Coconut,5600.0
Tamil Nadu,Madurai,Melur(Uzhavar Sandhai ) APMC,Ridgeguard(Tori),3500.0
Tamil Nadu,Madurai,Melur(Uzhavar Sandhai ) APMC,Green Avare(W),7250.0
Tamil Nadu,Madurai,Melur(Uzhavar Sandhai ) APMC,Lemon,15000.0
Tamil Nadu,Madurai,Melur(Uzhavar Sandhai ) APMC,Onion Green,3750.0
Tamil Nadu,Madurai,Melur(Uzhavar Sandhai ) APMC,Mint(Pudina),2750.0
Tamil Nadu,Madurai,Anaiyur(Uzhavar Sandhai ) APMC,Apple,22000.0
Tamil Nadu,Madurai,Anaiyur(Uzhavar Sandhai ) APMC,Grapes,12500.0
Tamil Nadu,Madurai,Anaiyur(Uzhavar Sandhai ) APMC,Onion,2300.0
Tamil Nadu,Madurai,Anaiyur(Uzhavar Sandhai ) APMC,Coriander(Leaves),4250.0
Tamil Nadu,Madurai,Anaiyur(Uzhavar Sandhai ) APMC,Cluster beans,3300.0
Tamil Nadu,Madurai,Anaiyur(Uzhavar Sandhai ) APMC,Tapioca,2750.0
Tamil Nadu,Madurai,Anaiyur(Uzhavar Sandhai ) APMC,Ginger(Green),8500.0
Tamil Nadu,Madurai,Anaiyur(Uzhavar Sandhai ) APMC,Cucumbar(Kheera),6500.0
Tamil Nadu,Madurai,Anaiyur(Uzhavar Sandhai ) APMC,Chow Chow,2750.0
Tamil Nadu,Madurai,Anaiyur(Uzhavar Sandhai ) APMC,Knool Khol,3300.0
Tamil Nadu,Madurai,Anaiyur(Uzhavar Sandhai ) APMC,Yam(Ratalu),5500.0
Tamil Nadu,Nagapattinam,Nagapattinam(Uzhavar Sandhai ) APMC,Potato,3750.0
Tamil Nadu,Nagapattinam,Nagapattinam(Uzhavar Sandhai ) APMC,Bitter gourd,4250.0
Tamil Nadu,Nagapattinam,Nagapattinam(Uzhavar Sandhai ) APMC,Bottle gourd,2750.0
Tamil Nadu,Nagapattinam,Nagapattinam(Uzhavar Sandhai ) APMC,Ashgourd,3050.0
Tamil Nadu,Nagapattinam,Nagapattinam(Uzhavar Sandhai ) APMC,Bhindi(Ladies Finger),5250.0
Tamil Nadu,Nagapattinam,Nagapattinam(Uzhavar Sandhai ) APMC,Green Chilli,6500.0
Tamil Nadu,Nagapattinam,Nagapattinam(Uzhavar Sandhai ) APMC,Ginger(Green),6400.0
Tamil Nadu,Nagapattinam,Nagapattinam(Uzhavar Sandhai ) APMC,Carrot,6500.0
Tamil Nadu,Nagapattinam,Nagapattinam(Uzhavar Sandhai ) APMC,Raddish,4000.0
Tamil Nadu,Nagapattinam,Nagapattinam(Uzhavar Sandhai ) APMC,Chow Chow,2750.0
Tamil Nadu,Nagapattinam,Nagapattinam(Uzhavar Sandhai ) APMC,Mango(Raw-Ripe),5400.0
Tamil Nadu,Nagapattinam,Nagapattinam(Uzhavar Sandhai ) APMC,Onion Green,5400.0
Tamil Nadu,Nagapattinam,Sirkali(Uzhavar Sandhai ) APMC,Cluster beans,4750.0
Tamil Nadu,Nagapattinam,Sirkali(Uzhavar Sandhai ) APMC,Bitter gourd,5250.0
Tamil Nadu,Nagapattinam,Sirkali(Uzhavar Sandhai ) APMC,Bottle gourd,2750.0
Tamil Nadu,Nagapattinam,Sirkali(Uzhavar Sandhai ) APMC,Ashgourd,2100.0
Tamil Nadu,Nagapattinam,Sirkali(Uzhavar Sandhai ) APMC,Ginger(Green),7000.0
Tamil Nadu,Nagapattinam,Sirkali(Uzhavar Sandhai ) APMC,Green Avare(W),5750.0
Tamil Nadu,Nagapattinam,Sirkali(Uzhavar Sandhai ) APMC,Yam(Ratalu),5750.0
Tamil Nadu,Namakkal,Namakkal(Uzhavar Sandhai ) APMC,Banana,5750.0
Tamil Nadu,Namakkal,Namakkal(Uzhavar Sandhai ) APMC,Onion,2400.0
Tamil Nadu,Namakkal,Namakkal(Uzhavar Sandhai ) APMC,Tomato,1650.0
Tamil Nadu,Namakkal,Namakkal(Uzhavar Sandhai ) APMC,Pumpkin,1400.0
Tamil Nadu,Namakkal,Namakkal(Uzhavar Sandhai ) APMC,Ginger(Green),6500.0
Tamil Nadu,Namakkal,Namakkal(Uzhavar Sandhai ) APMC,Betal Leaves,8500.0
Tamil Nadu,Namakkal,Namakkal(Uzhavar Sandhai ) APMC,Sweet Potato,4750.0
Tamil Nadu,Namakkal,Namakkal(Uzhavar Sandhai ) APMC,Carrot,4250.0
Tamil Nadu,Namakkal,Namakkal(Uzhavar Sandhai ) APMC,Snakeguard,5150.0
Tamil Nadu,Namakkal,Namakkal(Uzhavar Sandhai ) APMC,Raddish,2250.0
Tamil Nadu,Namakkal,Namakkal(Uzhavar Sandhai ) APMC,Chow Chow,2200.0
Tamil Nadu,Namakkal,Namakkal(Uzhavar Sandhai ) APMC,Lime,3750.0
Tamil Nadu,Namakkal,Rasipuram(Uzhavar Sandhai ) APMC,Chikoos(Sapota),3750.0
Tamil Nadu,Namakkal,Rasipuram(Uzhavar Sandhai ) APMC,Banana - Green,2900.0
Tamil Nadu,Namakkal,Rasipuram(Uzhavar Sandhai ) APMC,Cabbage,1900.0
Tamil Nadu,Namakkal,Rasipuram(Uzhavar Sandhai ) APMC,Raddish,2400.0
Tamil Nadu,Namakkal,Rasipuram(Uzhavar Sandhai ) APMC,Marigold(Calcutta),19000.0
Tamil Nadu,Namakkal,Kumarapalayam(Uzhavar Sandhai ) APMC,Banana,3750.0
Tamil Nadu,Namakkal,Kumarapalayam(Uzhavar Sandhai ) APMC,Brinjal,5750.0
Tamil Nadu,Namakkal,Kumarapalayam(Uzhavar Sandhai ) APMC,Coriander(Leaves),6000.0
Tamil Nadu,Namakkal,Kumarapalayam(Uzhavar Sandhai ) APMC,Tapioca,2250.0
Tamil Nadu,Namakkal,Kumarapalayam(Uzhavar Sandhai ) APMC,Coconut,4750.0
Tamil Nadu,Namakkal,Kumarapalayam(Uzhavar Sandhai ) APMC,Carrot,4750.0
Tamil Nadu,Namakkal,Kumarapalayam(Uzhavar Sandhai ) APMC,Elephant Yam(Suran)/Amorphophallus,4750.0
Tamil Nadu,Namakkal,Mohanur(Uzhavar Sandhai ) APMC,Bhindi(Ladies Finger),5300.0
Tamil Nadu,Namakkal,Mohanur(Uzhavar Sandhai ) APMC,Beans,7500.0
Tamil Nadu,Namakkal,Mohanur(Uzhavar Sandhai ) APMC,Ginger(Green),9000.0
Tamil Nadu,Namakkal,Mohanur(Uzhavar Sandhai ) APMC,Tender Coconut,3000.0
Tamil Nadu,The Nilgiris,Udhagamandalam(Uzhavar Sandhai ) APMC,Banana,4250.0
Tamil Nadu,The Nilgiris,Udhagamandalam(Uzhavar Sandhai ) APMC,Mango,13500.0
Tamil Nadu,The Nilgiris,Udhagamandalam(Uzhavar Sandhai ) APMC,Garlic,12500.0
Tamil Nadu,The Nilgiris,Udhagamandalam(Uzhavar Sandhai ) APMC,Brinjal,4100.0
Tamil Nadu,The Nilgiris,Udhagamandalam(Uzhavar Sandhai ) APMC,Bhindi(Ladies Finger),5750.0
Tamil Nadu,The Nilgiris,Udhagamandalam(Uzhavar Sandhai ) APMC,Amaranthus,5750.0
Tamil Nadu,The Nilgiris,Udhagamandalam(Uzhavar Sandhai ) APMC,Coconut,5650.0
Tamil Nadu,The Nilgiris,Udhagamandalam(Uzhavar Sandhai ) APMC,Cucumbar(Kheera),2750.0
Tamil Nadu,The Nilgiris,Udhagamandalam(Uzhavar Sandhai ) APMC,Ridgeguard(Tori),3750.0
Tamil Nadu,The Nilgiris,Udhagamandalam(Uzhavar Sandhai ) APMC,Thondekai,2750.0
Tamil Nadu,The Nilgiris,Udhagamandalam(Uzhavar Sandhai ) APMC,Chow Chow,1750.0
Tamil Nadu,The Nilgiris,Udhagamandalam(Uzhavar Sandhai ) APMC,Guava,7500.0
Tamil Nadu,The Nilgiris,Udhagamandalam(Uzhavar Sandhai ) APMC,Elephant Yam(Suran)/Amorphophallus,3750.0
Tamil Nadu,Perambalur,Perambalur(Uzhavar Sandhai ) APMC,Potato,2500.0
Tamil Nadu,Perambalur,Perambalur(Uzhavar Sandhai ) APMC,Tomato,1750.0
Tamil Nadu,Perambalur,Perambalur(Uzhavar Sandhai ) APMC,Pumpkin,1500.0
Tamil Nadu,Perambalur,Perambalur(Uzhavar Sandhai ) APMC,Green Chilli,3800.0
Tamil Nadu,Perambalur,Perambalur(Uzhavar Sandhai ) APMC,Cowpea(Veg),3800.0
Tamil Nadu,Perambalur,Perambalur(Uzhavar Sandhai ) APMC,Beetroot,3800.0
Tamil Nadu,Perambalur,Perambalur(Uzhavar Sandhai ) APMC,Raddish,2500.0
Tamil Nadu,Perambalur,Perambalur(Uzhavar Sandhai ) APMC,Drumstick,2200.0
Tamil Nadu,Perambalur,Perambalur(Uzhavar Sandhai ) APMC,Mint(Pudina),3000.0
Tamil Nadu,Pudukkottai,Pudukottai(Uzhavar Sandhai ) APMC,Potato,3500.0
Tamil Nadu,Pudukkottai,Pudukottai(Uzhavar Sandhai ) APMC,Cauliflower,3500.0
Tamil Nadu,Pudukkottai,Pudukottai(Uzhavar Sandhai ) APMC,Brinjal,4250.0
Tamil Nadu,Pudukkottai,Pudukottai(Uzhavar Sandhai ) APMC,Bitter gourd,3500.0
Tamil Nadu,Pudukkottai,Pudukottai(Uzhavar Sandhai ) APMC,Bottle gourd,1250.0
Tamil Nadu,Pudukkottai,Pudukottai(Uzhavar Sandhai ) APMC,Carrot,3500.0
Tamil Nadu,Pudukkottai,Pudukottai(Uzhavar Sandhai ) APMC,Lime,1750.0
Tamil Nadu,Pudukkottai,Pudukottai(Uzhavar Sandhai ) APMC,Lemon,13500.0
Tamil Nadu,Pudukkottai,Aranthangi(Uzhavar Sandhai ) APMC,Tomato,1750.0
Tamil Nadu,Pudukkottai,Aranthangi(Uzhavar Sandhai ) APMC,Cluster beans,3750.0
Tamil Nadu,Pudukkottai,Aranthangi(Uzhavar Sandhai ) APMC,Ashgourd,1250.0
Tamil Nadu,Pudukkottai,Aranthangi(Uzhavar Sandhai ) APMC,Pumpkin,1250.0
Tamil Nadu,Pudukkottai,Aranthangi(Uzhavar Sandhai ) APMC,Snakeguard,2250.0
Tamil Nadu,Pudukkottai,Aranthangi(Uzhavar Sandhai ) APMC,Raddish,2250.0
Tamil Nadu,Pudukkottai,Alangudi(Uzhavar Sandhai ) APMC,Potato,2750.0
Tamil Nadu,Pudukkottai,Alangudi(Uzhavar Sandhai ) APMC,Bhindi(Ladies Finger),3750.0
Tamil Nadu,Pudukkottai,Alangudi(Uzhavar Sandhai ) APMC,Amaranthus,1750.0
Tamil Nadu,Pudukkottai,Alangudi(Uzhavar Sandhai ) APMC,Snakeguard,2750.0
Tamil Nadu,Pudukkottai,Alangudi(Uzhavar Sandhai ) APMC,Drumstick,2750.0
Tamil Nadu,Pudukkottai,Viralimalai(Uzhavar Sandhai ) APMC,Banana,5500.0
Tamil Nadu,Pudukkottai,Viralimalai(Uzhavar Sandhai ) APMC,Pumpkin,1400.0
Tamil Nadu,Pudukkottai,Viralimalai(Uzhavar Sandhai ) APMC,Amaranthus,1850.0
Tamil Nadu,Pudukkottai,Viralimalai(Uzhavar Sandhai ) APMC,Banana - Green,2750.0
Tamil Nadu,Pudukkottai,Viralimalai(Uzhavar Sandhai ) APMC,Raddish,1850.0
Tamil Nadu,Pudukkottai,Viralimalai(Uzhavar Sandhai ) APMC,Mint(Pudina),4600.0
Tamil Nadu,Ramanathapuram,Ramanathapuram(Uzhavar Sandhai ) APMC,Cauliflower,4900.0
Tamil Nadu,Ramanathapuram,Ramanathapuram(Uzhavar Sandhai ) APMC,Cabbage,2750.0
Tamil Nadu,Ramanathapuram,Ramanathapuram(Uzhavar Sandhai ) APMC,Green Avare(W),7750.0
Tamil Nadu,Ramanathapuram,Ramanathapuram(Uzhavar Sandhai ) APMC,Chow Chow,3250.0
Tamil Nadu,Ramanathapuram,Ramanathapuram(Uzhavar Sandhai ) APMC,Jasmine,67500.0
Tamil Nadu,Ramanathapuram,Ramanathapuram(Uzhavar Sandhai ) APMC,Mint(Pudina),6250.0
Tamil Nadu,Ramanathapuram,Paramakudi(Uzhavar Sandhai ) APMC,Soyabean,8500.0
Tamil Nadu,Ramanathapuram,Paramakudi(Uzhavar Sandhai ) APMC,Potato,3750.0
Tamil Nadu,Ramanathapuram,Paramakudi(Uzhavar Sandhai ) APMC,Brinjal,5750.0
Tamil Nadu,Ramanathapuram,Paramakudi(Uzhavar Sandhai ) APMC,Amaranthus,3900.0
Tamil Nadu,Ramanathapuram,Paramakudi(Uzhavar Sandhai ) APMC,Green Chilli,5750.0
Tamil Nadu,Ramanathapuram,Paramakudi(Uzhavar Sandhai ) APMC,Beans,6500.0
Tamil Nadu,Ramanathapuram,Paramakudi(Uzhavar Sandhai ) APMC,Ginger(Green),9500.0
Tamil Nadu,Ramanathapuram,Paramakudi(Uzhavar Sandhai ) APMC,Coconut,5900.0
Tamil Nadu,Ramanathapuram,Paramakudi(Uzhavar Sandhai ) APMC,Cabbage,2750.0
Tamil Nadu,Ramanathapuram,Paramakudi(Uzhavar Sandhai ) APMC,Snakeguard,4750.0
Tamil Nadu,Ramanathapuram,Paramakudi(Uzhavar Sandhai ) APMC,Green Avare(W),7500.0
Tamil Nadu,Ramanathapuram,Paramakudi(Uzhavar Sandhai ) APMC,Marigold(Calcutta),7500.0
Tamil Nadu,Ramanathapuram,Kamuthi(Uzhavar Sandhai ) APMC,Brinjal,5750.0
Tamil Nadu,Salem,Sooramangalam(Uzhavar Sandhai ) APMC,Groundnut,6750.0
Tamil Nadu,Salem,Sooramangalam(Uzhavar Sandhai ) APMC,Onion,2800.0
Tamil Nadu,Salem,Sooramangalam(Uzhavar Sandhai ) APMC,Coriander(Leaves),3300.0
Tamil Nadu,Salem,Sooramangalam(Uzhavar Sandhai ) APMC,Mousambi(Sweet Lime),3250.0
Tamil Nadu,Salem,Sooramangalam(Uzhavar Sandhai ) APMC,Bottle gourd,1900.0
Tamil Nadu,Salem,Sooramangalam(Uzhavar Sandhai ) APMC,Pumpkin,1900.0
Tamil Nadu,Salem,Sooramangalam(Uzhavar Sandhai ) APMC,Bhindi(Ladies Finger),5200.0
Tamil Nadu,Salem,Sooramangalam(Uzhavar Sandhai ) APMC,Green Chilli,3300.0
Tamil Nadu,Salem,Sooramangalam(Uzhavar Sandhai ) APMC,Beans,8600.0
Tamil Nadu,Salem,Sooramangalam(Uzhavar Sandhai ) APMC,Tapioca,3250.0
Tamil Nadu,Salem,Sooramangalam(Uzhavar Sandhai ) APMC,Ridgeguard(Tori),4300.0
Tamil Nadu,Salem,Sooramangalam(Uzhavar Sandhai ) APMC,Thondekai,3250.0
Tamil Nadu,Salem,Sooramangalam(Uzhavar Sandhai ) APMC,Capsicum,6750.0
Tamil Nadu,Salem,Sooramangalam(Uzhavar Sandhai ) APMC,Chow Chow,3700.0
Tamil Nadu,Salem,Sooramangalam(Uzhavar Sandhai ) APMC,Lemon,5500.0
Tamil Nadu,Salem,Sooramangalam(Uzhavar Sandhai ) APMC,Colacasia,5750.0
Tamil Nadu,Salem,Thathakapatti(Uzhavar Sandhai ) APMC,Groundnut,6500.0
Tamil Nadu,Salem,Thathakapatti(Uzhavar Sandhai ) APMC,Banana,4250.0
Tamil Nadu,Salem,Thathakapatti(Uzhavar Sandhai ) APMC,Onion,2800.0
Tamil Nadu,Salem,Thathakapatti(Uzhavar Sandhai ) APMC,Potato,3100.0
Tamil Nadu,Salem,Thathakapatti(Uzhavar Sandhai ) APMC,Mousambi(Sweet Lime),3250.0
Tamil Nadu,Salem,Thathakapatti(Uzhavar Sandhai ) APMC,Cowpea(Veg),4500.0
Tamil Nadu,Salem,Thathakapatti(Uzhavar Sandhai ) APMC,Beans,8250.0
Tamil Nadu,Salem,Thathakapatti(Uzhavar Sandhai ) APMC,Chow Chow,3200.0
Tamil Nadu,Salem,Thathakapatti(Uzhavar Sandhai ) APMC,Drumstick,3500.0
Tamil Nadu,Salem,Thathakapatti(Uzhavar Sandhai ) APMC,Guava,5500.0
Tamil Nadu,Salem,Thathakapatti(Uzhavar Sandhai ) APMC,Lemon,9500.0
Tamil Nadu,Salem,Thathakapatti(Uzhavar Sandhai ) APMC,Onion Green,4500.0
Tamil Nadu,Salem,Thathakapatti(Uzhavar Sandhai ) APMC,Tube Rose(Loose),7500.0
Tamil Nadu,Salem,Mettur(Uzhavar Sandhai ) APMC,Tomato,1550.0
Tamil Nadu,Salem,Mettur(Uzhavar Sandhai ) APMC,Cluster beans,3750.0
Tamil Nadu,Salem,Mettur(Uzhavar Sandhai ) APMC,Bottle gourd,1250.0
Tamil Nadu,Salem,Mettur(Uzhavar Sandhai ) APMC,Ashgourd,1350.0
Tamil Nadu,Salem,Mettur(Uzhavar Sandhai ) APMC,Bhindi(Ladies Finger),4750.0
Tamil Nadu,Salem,Mettur(Uzhavar Sandhai ) APMC,Green Chilli,3750.0
Tamil Nadu,Salem,Mettur(Uzhavar Sandhai ) APMC,Beans,7500.0
Tamil Nadu,Salem,Mettur(Uzhavar Sandhai ) APMC,Coconut,4500.0
Tamil Nadu,Salem,Mettur(Uzhavar Sandhai ) APMC,Snakeguard,3250.0
Tamil Nadu,Salem,Mettur(Uzhavar Sandhai ) APMC,Drumstick,3500.0
Tamil Nadu,Salem,Mettur(Uzhavar Sandhai ) APMC,Guava,5500.0
Tamil Nadu,Salem,Mettur(Uzhavar Sandhai ) APMC,Mint(Pudina),3000.0
Tamil Nadu,Salem,Attayampatti(Uzhavar Sandhai ) APMC,Papaya,2750.0
Tamil Nadu,Salem,Attayampatti(Uzhavar Sandhai ) APMC,Beans,8500.0
Tamil Nadu,Salem,Attayampatti(Uzhavar Sandhai ) APMC,Carrot,5600.0
Tamil Nadu,Salem,Attayampatti(Uzhavar Sandhai ) APMC,Raddish,2200.0
Tamil Nadu,Salem,Attayampatti(Uzhavar Sandhai ) APMC,Green Avare(W),4750.0
Tamil Nadu,Salem,Hasthampatti(Uzhavar Sandhai ) APMC,Mango,19500.0
Tamil Nadu,Salem,Hasthampatti(Uzhavar Sandhai ) APMC,Potato,2900.0
Tamil Nadu,Salem,Hasthampatti(Uzhavar Sandhai ) APMC,Green Chilli,3900.0
Tamil Nadu,Salem,Hasthampatti(Uzhavar Sandhai ) APMC,Sweet Potato,3750.0
Tamil Nadu,Salem,Hasthampatti(Uzhavar Sandhai ) APMC,Carrot,5250.0
Tamil Nadu,Salem,Hasthampatti(Uzhavar Sandhai ) APMC,Cabbage,3100.0
Tamil Nadu,Salem,Hasthampatti(Uzhavar Sandhai ) APMC,Snakeguard,3100.0
Tamil Nadu,Salem,Hasthampatti(Uzhavar Sandhai ) APMC,Beetroot,5250.0
Tamil Nadu,Salem,Hasthampatti(Uzhavar Sandhai ) APMC,Cucumbar(Kheera),6000.0
Tamil Nadu,Salem,Hasthampatti(Uzhavar Sandhai ) APMC,Guava,5500.0
Tamil Nadu,Salem,Hasthampatti(Uzhavar Sandhai ) APMC,Pomegranate,19500.0
Tamil Nadu,Salem,Hasthampatti(Uzhavar Sandhai ) APMC,Onion Green,3200.0
Tamil Nadu,Salem,Hasthampatti(Uzhavar Sandhai ) APMC,Sweet Corn ,3250.0
Tamil Nadu,Salem,Elampillai(Uzhavar Sandhai ) APMC,Brinjal,2250.0
Tamil Nadu,Salem,Elampillai(Uzhavar Sandhai ) APMC,Coriander(Leaves),2750.0
Tamil Nadu,Salem,Elampillai(Uzhavar Sandhai ) APMC,Tomato,1600.0
Tamil Nadu,Salem,Elampillai(Uzhavar Sandhai ) APMC,Cluster beans,3750.0
Tamil Nadu,Salem,Elampillai(Uzhavar Sandhai ) APMC,Ashgourd,1500.0
Tamil Nadu,Salem,Elampillai(Uzhavar Sandhai ) APMC,Bhindi(Ladies Finger),4750.0
Tamil Nadu,Salem,Elampillai(Uzhavar Sandhai ) APMC,Ginger(Green),7500.0
Tamil Nadu,Salem,Elampillai(Uzhavar Sandhai ) APMC,Snakeguard,2900.0
Tamil Nadu,Salem,Jalagandapuram(Uzhavar Sandhai ) APMC,Apple,19000.0
Tamil Nadu,Salem,Jalagandapuram(Uzhavar Sandhai ) APMC,Bitter gourd,3750.0
Tamil Nadu,Salem,Jalagandapuram(Uzhavar Sandhai ) APMC,Pumpkin,1700.0
Tamil Nadu,Salem,Jalagandapuram(Uzhavar Sandhai ) APMC,Carrot,4750.0
Tamil Nadu,Salem,Jalagandapuram(Uzhavar Sandhai ) APMC,Cabbage,2750.0
Tamil Nadu,Salem,Jalagandapuram(Uzhavar Sandhai ) APMC,Beetroot,3750.0
Tamil Nadu,Salem,Jalagandapuram(Uzhavar Sandhai ) APMC,Green Avare(W),7000.0
Tamil Nadu,Salem,Jalagandapuram(Uzhavar Sandhai ) APMC,Chow Chow,2900.0
Tamil Nadu,Salem,Jalagandapuram(Uzhavar Sandhai ) APMC,Indian Beans(Seam),6250.0
Tamil Nadu,Salem,Jalagandapuram(Uzhavar Sandhai ) APMC,Onion Green,2800.0
Tamil Nadu,Salem,Edapadi (Uzhavar Sandhai ) APMC,Potato,2800.0
Tamil Nadu,Salem,Edapadi (Uzhavar Sandhai ) APMC,Brinjal,2750.0
Tamil Nadu,Salem,Edapadi (Uzhavar Sandhai ) APMC,Bitter gourd,3800.0
Tamil Nadu,Salem,Edapadi (Uzhavar Sandhai ) APMC,Amaranthus,2250.0
Tamil Nadu,Salem,Edapadi (Uzhavar Sandhai ) APMC,Coconut,4750.0
Tamil Nadu,Salem,Edapadi (Uzhavar Sandhai ) APMC,Ridgeguard(Tori),4600.0
Tamil Nadu,Salem,Edapadi (Uzhavar Sandhai ) APMC,Mango(Raw-Ripe),3750.0
Tamil Nadu,Salem,Edapadi (Uzhavar Sandhai ) APMC,Lemon,9500.0
Tamil Nadu,Salem,Edapadi (Uzhavar Sandhai ) APMC,Amla(Nelli Kai),6750.0
Tamil Nadu,Sivaganga,Sivagangai (Uzhavar Sandhai ) APMC,Coriander(Leaves),4400.0
Tamil Nadu,Sivaganga,Sivagangai (Uzhavar Sandhai ) APMC,Tomato,1700.0
Tamil Nadu,Sivaganga,Sivagangai (Uzhavar Sandhai ) APMC,Bitter gourd,3500.0
Tamil Nadu,Sivaganga,Sivagangai (Uzhavar Sandhai ) APMC,Ginger(Green),8700.0
Tamil Nadu,Sivaganga,Sivagangai (Uzhavar Sandhai ) APMC,Ridgeguard(Tori),3500.0
Tamil Nadu,Sivaganga,Sivagangai (Uzhavar Sandhai ) APMC,Knool Khol,3500.0
Tamil Nadu,Sivaganga,Sivagangai (Uzhavar Sandhai ) APMC,Guava,7700.0
Tamil Nadu,Sivaganga,Devakottai (Uzhavar Sandhai ) APMC,Cauliflower,3100.0
Tamil Nadu,Sivaganga,Devakottai (Uzhavar Sandhai ) APMC,Banana - Green,3000.0
Tamil Nadu,Sivaganga,Devakottai (Uzhavar Sandhai ) APMC,Guava,7900.0
Tamil Nadu,Sivaganga,Devakottai (Uzhavar Sandhai ) APMC,Onion Green,4300.0
Tamil Nadu,Sivaganga,Karaikudi(Uzhavar Sandhai ) APMC,Banana,3750.0
Tamil Nadu,Sivaganga,Karaikudi(Uzhavar Sandhai ) APMC,Bottle gourd,2600.0
Tamil Nadu,Sivaganga,Karaikudi(Uzhavar Sandhai ) APMC,Pumpkin,2200.0
Tamil Nadu,Sivaganga,Karaikudi(Uzhavar Sandhai ) APMC,Green Chilli,3400.0
Tamil Nadu,Sivaganga,Karaikudi(Uzhavar Sandhai ) APMC,Banana - Green,3300.0
Tamil Nadu,Sivaganga,Karaikudi(Uzhavar Sandhai ) APMC,Ridgeguard(Tori),4000.0
Tamil Nadu,Sivaganga,Karaikudi(Uzhavar Sandhai ) APMC,Raddish,2700.0
Tamil Nadu,Sivaganga,Karaikudi(Uzhavar Sandhai ) APMC,Drumstick,5000.0
Tamil Nadu,Sivaganga,Karaikudi(Uzhavar Sandhai ) APMC,Mint(Pudina),3250.0
Tamil Nadu,Sivaganga,Tirupatthur(Uzhavar Sandhai ) APMC,Papaya,4250.0
Tamil Nadu,Sivaganga,Tirupatthur(Uzhavar Sandhai ) APMC,Ginger(Green),8950.0
Tamil Nadu,Sivaganga,Tirupatthur(Uzhavar Sandhai ) APMC,Coconut,5750.0
Tamil Nadu,Sivaganga,Tirupatthur(Uzhavar Sandhai ) APMC,Carrot,3500.0
Tamil Nadu,Sivaganga,Tirupatthur(Uzhavar Sandhai ) APMC,Chow Chow,3250.0
Tamil Nadu,Sivaganga,Tirupatthur(Uzhavar Sandhai ) APMC,Mango(Raw-Ripe),2250.0
Tamil Nadu,Sivaganga,Tirupatthur(Uzhavar Sandhai ) APMC,Guava,7950.0
Tamil Nadu,Sivaganga,Tirupatthur(Uzhavar Sandhai ) APMC,Yam(Ratalu),6250.0
Tamil Nadu,Sivaganga,Tirupatthur(Uzhavar Sandhai ) APMC,Onion Green,3750.0
Tamil Nadu,Sivaganga,Singampunari(Uzhavar Sandhai ) APMC,Tomato,1750.0
Tamil Nadu,Sivaganga,Singampunari(Uzhavar Sandhai ) APMC,Bottle gourd,2500.0
Tamil Nadu,Sivaganga,Singampunari(Uzhavar Sandhai ) APMC,Pumpkin,2100.0
Tamil Nadu,Sivaganga,Singampunari(Uzhavar Sandhai ) APMC,Green Chilli,3250.0
Tamil Nadu,Sivaganga,Singampunari(Uzhavar Sandhai ) APMC,Carrot,3750.0
Tamil Nadu,Sivaganga,Singampunari(Uzhavar Sandhai ) APMC,Cabbage,2000.0
Tamil Nadu,Sivaganga,Singampunari(Uzhavar Sandhai ) APMC,Chow Chow,3000.0
Tamil Nadu,Sivaganga,Singampunari(Uzhavar Sandhai ) APMC,Guava,7750.0
Tamil Nadu,Sivaganga,Singampunari(Uzhavar Sandhai ) APMC,Mint(Pudina),3000.0
Tamil Nadu,Thanjavur,Thanjavur(Uzhavar Sandhai ) APMC,Potato,2600.0
Tamil Nadu,Thanjavur,Thanjavur(Uzhavar Sandhai ) APMC,Cauliflower,4000.0
Tamil Nadu,Thanjavur,Thanjavur(Uzhavar Sandhai ) APMC,Coriander(Leaves),3500.0
Tamil Nadu,Thanjavur,Thanjavur(Uzhavar Sandhai ) APMC,Tomato,1600.0
Tamil Nadu,Thanjavur,Thanjavur(Uzhavar Sandhai ) APMC,Cluster beans,4000.0
Tamil Nadu,Thanjavur,Thanjavur(Uzhavar Sandhai ) APMC,Bottle gourd,2000.0
Tamil Nadu,Thanjavur,Thanjavur(Uzhavar Sandhai ) APMC,Betal Leaves,18000.0
Tamil Nadu,Thanjavur,Thanjavur(Uzhavar Sandhai ) APMC,Raddish,2400.0
Tamil Nadu,Thanjavur,Thanjavur(Uzhavar Sandhai ) APMC,Mango(Raw-Ripe),3600.0
Tamil Nadu,Thanjavur,Thanjavur(Uzhavar Sandhai ) APMC,Colacasia,4600.0
Tamil Nadu,Thanjavur,Pattukottai(Uzhavar Sandhai ) APMC,Potato,2600.0
Tamil Nadu,Thanjavur,Pattukottai(Uzhavar Sandhai ) APMC,Bottle gourd,2600.0
Tamil Nadu,Thanjavur,Pattukottai(Uzhavar Sandhai ) APMC,Green Chilli,3800.0
Tamil Nadu,Thanjavur,Pattukottai(Uzhavar Sandhai ) APMC,Beans,7800.0
Tamil Nadu,Thanjavur,Pattukottai(Uzhavar Sandhai ) APMC,Snakeguard,3800.0
Tamil Nadu,Thanjavur,Pattukottai(Uzhavar Sandhai ) APMC,Ridgeguard(Tori),5600.0
Tamil Nadu,Thanjavur,Pattukottai(Uzhavar Sandhai ) APMC,Lime,4000.0
Tamil Nadu,Thanjavur,Pattukottai(Uzhavar Sandhai ) APMC,Elephant Yam(Suran)/Amorphophallus,4600.0
Tamil Nadu,Thanjavur,Pattukottai(Uzhavar Sandhai ) APMC,Colacasia,8000.0
Tamil Nadu,Thanjavur,Tirukattupalli(Uzhavar Sandhai ) APMC,Banana,6500.0
Tamil Nadu,Thanjavur,Tirukattupalli(Uzhavar Sandhai ) APMC,Pumpkin,2000.0
Tamil Nadu,Thanjavur,Tirukattupalli(Uzhavar Sandhai ) APMC,Green Chilli,3000.0
Tamil Nadu,Thanjavur,Tirukattupalli(Uzhavar Sandhai ) APMC,Mango(Raw-Ripe),3600.0
Tamil Nadu,Thanjavur,Tirukattupalli(Uzhavar Sandhai ) APMC,Onion Green,3600.0
Tamil Nadu,Theni,Theni(Uzhavar Sandhai ) APMC,Banana,5250.0
Tamil Nadu,Theni,Theni(Uzhavar Sandhai ) APMC,Onion,2450.0
Tamil Nadu,Theni,Theni(Uzhavar Sandhai ) APMC,Water Melon,2250.0
Tamil Nadu,Theni,Theni(Uzhavar Sandhai ) APMC,Bitter gourd,3000.0
Tamil Nadu,Theni,Theni(Uzhavar Sandhai ) APMC,Bottle gourd,1300.0
Tamil Nadu,Theni,Theni(Uzhavar Sandhai ) APMC,Sweet Potato,2500.0
Tamil Nadu,Theni,Theni(Uzhavar Sandhai ) APMC,Capsicum,4500.0
Tamil Nadu,Theni,Theni(Uzhavar Sandhai ) APMC,Pomegranate,20000.0
Tamil Nadu,Theni,Theni(Uzhavar Sandhai ) APMC,Yam(Ratalu),5000.0
Tamil Nadu,Theni,Theni(Uzhavar Sandhai ) APMC,Mashrooms,23000.0
Tamil Nadu,Theni,Theni(Uzhavar Sandhai ) APMC,Onion Green,3250.0
Tamil Nadu,Theni,Theni(Uzhavar Sandhai ) APMC,Mint(Pudina),2500.0
Tamil Nadu,Theni,Theni(Uzhavar Sandhai ) APMC,Sweet Corn ,5000.0
Tamil Nadu,Theni,Kambam(Uzhavar Sandhai ) APMC,Bhindi(Ladies Finger),3800.0
Tamil Nadu,Theni,Kambam(Uzhavar Sandhai ) APMC,Cowpea(Veg),2000.0
Tamil Nadu,Theni,Kambam(Uzhavar Sandhai ) APMC,Carrot,2900.0
Tamil Nadu,Theni,Kambam(Uzhavar Sandhai ) APMC,Snakeguard,2500.0
Tamil Nadu,Theni,Kambam(Uzhavar Sandhai ) APMC,Cucumbar(Kheera),2500.0
Tamil Nadu,Theni,Kambam(Uzhavar Sandhai ) APMC,Elephant Yam(Suran)/Amorphophallus,2900.0
Tamil Nadu,Theni,Kambam(Uzhavar Sandhai ) APMC,Mashrooms,22500.0
Tamil Nadu,Theni,Bodinayakanur(Uzhavar Sandhai ) APMC,Cauliflower,2500.0
Tamil Nadu,Theni,Bodinayakanur(Uzhavar Sandhai ) APMC,Papaya,3000.0
Tamil Nadu,Theni,Bodinayakanur(Uzhavar Sandhai ) APMC,Bitter gourd,3000.0
Tamil Nadu,Theni,Bodinayakanur(Uzhavar Sandhai ) APMC,Bhindi(Ladies Finger),4000.0
Tamil Nadu,Theni,Bodinayakanur(Uzhavar Sandhai ) APMC,Ginger(Green),6400.0
Tamil Nadu,Theni,Bodinayakanur(Uzhavar Sandhai ) APMC,Ridgeguard(Tori),3600.0
Tamil Nadu,Theni,Bodinayakanur(Uzhavar Sandhai ) APMC,Thondekai,2000.0
Tamil Nadu,Theni,Bodinayakanur(Uzhavar Sandhai ) APMC,Onion Green,3400.0
Tamil Nadu,Theni,Devaram(Uzhavar Sandhai ) APMC,Potato,2500.0
Tamil Nadu,Theni,Devaram(Uzhavar Sandhai ) APMC,Brinjal,2500.0
Tamil Nadu,Theni,Devaram(Uzhavar Sandhai ) APMC,Coriander(Leaves),3600.0
Tamil Nadu,Theni,Devaram(Uzhavar Sandhai ) APMC,Tomato,1800.0
Tamil Nadu,Theni,Devaram(Uzhavar Sandhai ) APMC,Raddish,2000.0
Tamil Nadu,Theni,Devaram(Uzhavar Sandhai ) APMC,Green Avare(W),6000.0
Tamil Nadu,Theni,Devaram(Uzhavar Sandhai ) APMC,Indian Beans(Seam),5000.0
Tamil Nadu,Theni,Chinnamanur(Uzhavar Sandhai ) APMC,Banana,5000.0
Tamil Nadu,Theni,Chinnamanur(Uzhavar Sandhai ) APMC,Potato,2400.0
Tamil Nadu,Theni,Chinnamanur(Uzhavar Sandhai ) APMC,Green Chilli,3450.0
Tamil Nadu,Theni,Chinnamanur(Uzhavar Sandhai ) APMC,Banana - Green,3000.0
Tamil Nadu,Theni,Chinnamanur(Uzhavar Sandhai ) APMC,Beans,6600.0
Tamil Nadu,Theni,Chinnamanur(Uzhavar Sandhai ) APMC,Ginger(Green),6400.0
Tamil Nadu,Theni,Chinnamanur(Uzhavar Sandhai ) APMC,Coconut,4800.0
Tamil Nadu,Theni,Chinnamanur(Uzhavar Sandhai ) APMC,Sweet Potato,2500.0
Tamil Nadu,Theni,Chinnamanur(Uzhavar Sandhai ) APMC,Cabbage,2000.0
Tamil Nadu,Theni,Chinnamanur(Uzhavar Sandhai ) APMC,Beetroot,2700.0
Tamil Nadu,Theni,Chinnamanur(Uzhavar Sandhai ) APMC,Mango(Raw-Ripe),2500.0
Tamil Nadu,Theni,Chinnamanur(Uzhavar Sandhai ) APMC,Knool Khol,3000.0
Tamil Nadu,Thirunelveli,Palayamkottai(Uzhavar Sandhai ) APMC,Cauliflower,4100.0
Tamil Nadu,Thirunelveli,Palayamkottai(Uzhavar Sandhai ) APMC,Amaranthus,1250.0
Tamil Nadu,Thirunelveli,Palayamkottai(Uzhavar Sandhai ) APMC,Snakeguard,2750.0
Tamil Nadu,Thirunelveli,Palayamkottai(Uzhavar Sandhai ) APMC,Amla(Nelli Kai),4500.0
Tamil Nadu,Thirunelveli,Kandiyaperi(Uzhavar Sandhai ) APMC,Bhindi(Ladies Finger),3800.0
Tamil Nadu,Thirunelveli,Melapalayam(Uzhavar Sandhai ) APMC,Onion,2200.0
Tamil Nadu,Thirunelveli,Melapalayam(Uzhavar Sandhai ) APMC,Brinjal,2350.0
Tamil Nadu,Thirunelveli,Melapalayam(Uzhavar Sandhai ) APMC,Green Peas,8500.0
Tamil Nadu,Thirunelveli,Melapalayam(Uzhavar Sandhai ) APMC,Papaya,4250.0
Tamil Nadu,Thirunelveli,Melapalayam(Uzhavar Sandhai ) APMC,Tomato,2100.0
Tamil Nadu,Thirunelveli,Melapalayam(Uzhavar Sandhai ) APMC,Cluster beans,2900.0
Tamil Nadu,Thirunelveli,Melapalayam(Uzhavar Sandhai ) APMC,Banana - Green,2900.0
Tamil Nadu,Thirunelveli,Melapalayam(Uzhavar Sandhai ) APMC,Beans,7750.0
Tamil Nadu,Thirunelveli,Melapalayam(Uzhavar Sandhai ) APMC,Ginger(Green),6650.0
Tamil Nadu,Thirunelveli,Melapalayam(Uzhavar Sandhai ) APMC,Coconut,5450.0
Tamil Nadu,Thirunelveli,Melapalayam(Uzhavar Sandhai ) APMC,Cabbage,1900.0
Tamil Nadu,Thirunelveli,Melapalayam(Uzhavar Sandhai ) APMC,Snakeguard,2900.0
Tamil Nadu,Thirunelveli,Melapalayam(Uzhavar Sandhai ) APMC,Amla(Nelli Kai),4750.0
Tamil Nadu,Thirunelveli,Ambasamudram(Uzhavar Sandhai ) APMC,Brinjal,2900.0
Tamil Nadu,Thirunelveli,Ambasamudram(Uzhavar Sandhai ) APMC,Bhindi(Ladies Finger),3750.0
Tamil Nadu,Thirunelveli,Ambasamudram(Uzhavar Sandhai ) APMC,Amaranthus,1250.0
Tamil Nadu,Thirunelveli,NGO Colony(Uzhavar Sandhai ) APMC,Banana,8500.0
Tamil Nadu,Thirunelveli,NGO Colony(Uzhavar Sandhai ) APMC,Coconut,5350.0
Tamil Nadu,Thirunelveli,NGO Colony(Uzhavar Sandhai ) APMC,Carrot,2900.0
Tamil Nadu,Thirunelveli,NGO Colony(Uzhavar Sandhai ) APMC,Snakeguard,2750.0
Tamil Nadu,Thiruvellore,Tiruthani(Uzhavar Sandhai ) APMC,Potato,3000.0
Tamil Nadu,Thiruvellore,Tiruthani(Uzhavar Sandhai ) APMC,Coriander(Leaves),6000.0
Tamil Nadu,Thiruvellore,Tiruthani(Uzhavar Sandhai ) APMC,Green Avare(W),5000.0
Tamil Nadu,Thiruvellore,Tiruvallur(Uzhavar Sandhai ) APMC,Bottle gourd,3000.0
Tamil Nadu,Thiruvellore,Tiruvallur(Uzhavar Sandhai ) APMC,Amaranthus,3000.0
Tamil Nadu,Thiruvellore,Tiruvallur(Uzhavar Sandhai ) APMC,Banana - Green,4000.0
Tamil Nadu,Thiruvellore,Tiruvallur(Uzhavar Sandhai ) APMC,Snakeguard,3000.0
Tamil Nadu,Thiruvellore,Tiruvallur(Uzhavar Sandhai ) APMC,Lemon,10000.0
Tamil Nadu,Thiruvellore,Paruthipattu(Uzhavar Sandhai ) APMC,Banana,4000.0
Tamil Nadu,Thiruvellore,Paruthipattu(Uzhavar Sandhai ) APMC,Onion,2500.0
Tamil Nadu,Thiruvellore,Paruthipattu(Uzhavar Sandhai ) APMC,Bitter gourd,5000.0
Tamil Nadu,Thiruvellore,Paruthipattu(Uzhavar Sandhai ) APMC,Carrot,4000.0
Tamil Nadu,Thiruvellore,Paruthipattu(Uzhavar Sandhai ) APMC,Capsicum,5000.0
Tamil Nadu,Thiruvellore,Paruthipattu(Uzhavar Sandhai ) APMC,Chow Chow,4000.0
Tamil Nadu,Thiruvellore,Naravarikuppam(Uzhavar Sandhai ) APMC,Chikoos(Sapota),5000.0
Tamil Nadu,Thiruvellore,Naravarikuppam(Uzhavar Sandhai ) APMC,Bottle gourd,4000.0
Tamil Nadu,Thiruvellore,Naravarikuppam(Uzhavar Sandhai ) APMC,Onion Green,2500.0
Tamil Nadu,Thiruvellore,Perambakkam(Uzhavar Sandhai ) APMC,Tomato,2000.0
Tamil Nadu,Thiruvellore,Perambakkam(Uzhavar Sandhai ) APMC,Bottle gourd,3000.0
Tamil Nadu,Thiruvarur,Tiruthuraipoondi(Uzhavar Sandhai ) APMC,Groundnut,5000.0
Tamil Nadu,Thiruvarur,Tiruthuraipoondi(Uzhavar Sandhai ) APMC,Papaya,3500.0
Tamil Nadu,Thiruvarur,Tiruthuraipoondi(Uzhavar Sandhai ) APMC,Cluster beans,4000.0
Tamil Nadu,Thiruvarur,Tiruthuraipoondi(Uzhavar Sandhai ) APMC,Pumpkin,1500.0
Tamil Nadu,Thiruvarur,Tiruthuraipoondi(Uzhavar Sandhai ) APMC,Amaranthus,1250.0
Tamil Nadu,Thiruvarur,Mannargudi I(Uzhavar Sandhai ) APMC,Chikoos(Sapota),5000.0
Tamil Nadu,Thiruvarur,Mannargudi I(Uzhavar Sandhai ) APMC,Bitter gourd,3600.0
Tamil Nadu,Thiruvarur,Mannargudi I(Uzhavar Sandhai ) APMC,Pumpkin,2000.0
Tamil Nadu,Thiruvarur,Mannargudi I(Uzhavar Sandhai ) APMC,Amaranthus,2000.0
Tamil Nadu,Thiruvarur,Mannargudi I(Uzhavar Sandhai ) APMC,Beans,7000.0
Tamil Nadu,Thiruvarur,Mannargudi I(Uzhavar Sandhai ) APMC,Ginger(Green),7400.0
Tamil Nadu,Thiruvarur,Mannargudi I(Uzhavar Sandhai ) APMC,Raddish,2400.0
Tamil Nadu,Thiruvarur,Mannargudi I(Uzhavar Sandhai ) APMC,Drumstick,4400.0
Tamil Nadu,Thiruvarur,Mannargudi I(Uzhavar Sandhai ) APMC,Guava,8000.0
Tamil Nadu,Thiruvarur,Mannargudi I(Uzhavar Sandhai ) APMC,Mint(Pudina),4000.0
Tamil Nadu,Thiruvarur,Needamangalam(Uzhavar Sandhai ) APMC,Bottle gourd,1800.0
Tamil Nadu,Thiruvarur,Needamangalam(Uzhavar Sandhai ) APMC,Pumpkin,2000.0
Tamil Nadu,Thiruvarur,Needamangalam(Uzhavar Sandhai ) APMC,Amaranthus,2000.0
Tamil Nadu,Thiruvarur,Needamangalam(Uzhavar Sandhai ) APMC,Banana - Green,4000.0
Tamil Nadu,Thiruvarur,Muthupettai(Uzhavar Sandhai ) APMC,Coriander(Leaves),4000.0
Tamil Nadu,Thiruvarur,Muthupettai(Uzhavar Sandhai ) APMC,Coconut,5000.0
Tamil Nadu,Thiruvarur,Muthupettai(Uzhavar Sandhai ) APMC,Cabbage,3000.0
Tamil Nadu,Thiruvarur,Muthupettai(Uzhavar Sandhai ) APMC,Lime,3000.0
Tamil Nadu,Thiruvarur,Mannargudi II(Uzhavar Sandhai ) APMC,Banana,4000.0
Tamil Nadu,Thiruvarur,Mannargudi II(Uzhavar Sandhai ) APMC,Garlic,16000.0
Tamil Nadu,Thiruvarur,Mannargudi II(Uzhavar Sandhai ) APMC,Ashgourd,2000.0
Tamil Nadu,Thiruvarur,Mannargudi II(Uzhavar Sandhai ) APMC,Pumpkin,2000.0
Tamil Nadu,Thiruvarur,Mannargudi II(Uzhavar Sandhai ) APMC,Cabbage,3000.0
Tamil Nadu,Thiruvarur,Mannargudi II(Uzhavar Sandhai ) APMC,Lemon,16000.0
Tamil Nadu,Thiruvarur,Mannargudi II(Uzhavar Sandhai ) APMC,Mint(Pudina),4000.0
Tamil Nadu,Tuticorin,Kovilpatti(Uzhavar Sandhai ) APMC,Bitter gourd,9250.0
Tamil Nadu,Tuticorin,Kovilpatti(Uzhavar Sandhai ) APMC,Pumpkin,2250.0
Tamil Nadu,Tuticorin,Kovilpatti(Uzhavar Sandhai ) APMC,Snakeguard,2750.0
Tamil Nadu,Tuticorin,Kovilpatti(Uzhavar Sandhai ) APMC,Thondekai,3250.0
Tamil Nadu,Tuticorin,Kovilpatti(Uzhavar Sandhai ) APMC,Drumstick,3750.0
Tamil Nadu,Tuticorin,Kovilpatti(Uzhavar Sandhai ) APMC,Lime,12500.0
Tamil Nadu,Tuticorin,Kovilpatti(Uzhavar Sandhai ) APMC,Yam(Ratalu),6250.0
Tamil Nadu,Tuticorin,Kovilpatti(Uzhavar Sandhai ) APMC,Indian Beans(Seam),6750.0
Tamil Nadu,Tuticorin,Kovilpatti(Uzhavar Sandhai ) APMC,Lemon,13500.0
Tamil Nadu,Tuticorin,Kovilpatti(Uzhavar Sandhai ) APMC,Onion Green,4250.0
Tamil Nadu,Thiruvannamalai,Tiruvannamalai(Uzhavar Sandhai ) APMC,Apple,19000.0
Tamil Nadu,Thiruvannamalai,Tiruvannamalai(Uzhavar Sandhai ) APMC,Potato,2250.0
Tamil Nadu,Thiruvannamalai,Tiruvannamalai(Uzhavar Sandhai ) APMC,Green Peas,9000.0
Tamil Nadu,Thiruvannamalai,Tiruvannamalai(Uzhavar Sandhai ) APMC,Tomato,1250.0
Tamil Nadu,Thiruvannamalai,Tiruvannamalai(Uzhavar Sandhai ) APMC,Cluster beans,4500.0
Tamil Nadu,Thiruvannamalai,Tiruvannamalai(Uzhavar Sandhai ) APMC,Bottle gourd,1750.0
Tamil Nadu,Thiruvannamalai,Tiruvannamalai(Uzhavar Sandhai ) APMC,Amaranthus,2500.0
Tamil Nadu,Thiruvannamalai,Tiruvannamalai(Uzhavar Sandhai ) APMC,Banana - Green,2750.0
Tamil Nadu,Thiruvannamalai,Tiruvannamalai(Uzhavar Sandhai ) APMC,Cucumbar(Kheera),3500.0
Tamil Nadu,Thiruvannamalai,Tiruvannamalai(Uzhavar Sandhai ) APMC,Knool Khol,2750.0
Tamil Nadu,Thiruvannamalai,Tiruvannamalai(Uzhavar Sandhai ) APMC,Guava,5500.0
Tamil Nadu,Thiruvannamalai,Tiruvannamalai(Uzhavar Sandhai ) APMC,Tamarind Fruit,14000.0
Tamil Nadu,Thiruvannamalai,Tiruvannamalai(Uzhavar Sandhai ) APMC,Elephant Yam(Suran)/Amorphophallus,3750.0
Tamil Nadu,Thiruvannamalai,Tiruvannamalai(Uzhavar Sandhai ) APMC,Indian Beans(Seam),4500.0
Tamil Nadu,Thiruvannamalai,Tiruvannamalai(Uzhavar Sandhai ) APMC,Colacasia,2750.0
Tamil Nadu,Thiruvannamalai,Tiruvannamalai(Uzhavar Sandhai ) APMC,Mashrooms,24000.0
Tamil Nadu,Thiruvannamalai,Tiruvannamalai(Uzhavar Sandhai ) APMC,Rose(Local),9000.0
Tamil Nadu,Thiruvannamalai,Polur(Uzhavar Sandhai ) APMC,Garlic,13500.0
Tamil Nadu,Thiruvannamalai,Polur(Uzhavar Sandhai ) APMC,Tomato,1350.0
Tamil Nadu,Thiruvannamalai,Polur(Uzhavar Sandhai ) APMC,Ashgourd,1800.0
Tamil Nadu,Thiruvannamalai,Polur(Uzhavar Sandhai ) APMC,Banana - Green,1800.0
Tamil Nadu,Thiruvannamalai,Polur(Uzhavar Sandhai ) APMC,Raddish,1800.0
Tamil Nadu,Thiruvannamalai,Polur(Uzhavar Sandhai ) APMC,Chow Chow,2750.0
Tamil Nadu,Thiruvannamalai,Polur(Uzhavar Sandhai ) APMC,Knool Khol,2750.0
Tamil Nadu,Thiruvannamalai,Polur(Uzhavar Sandhai ) APMC,Guava,4600.0
Tamil Nadu,Thiruvannamalai,Arani(Uzhavar Sandhai ) APMC,Tomato,1350.0
Tamil Nadu,Thiruvannamalai,Arani(Uzhavar Sandhai ) APMC,Ashgourd,2250.0
Tamil Nadu,Thiruvannamalai,Arani(Uzhavar Sandhai ) APMC,Bhindi(Ladies Finger),3500.0
Tamil Nadu,Thiruvannamalai,Arani(Uzhavar Sandhai ) APMC,Amaranthus,2250.0
Tamil Nadu,Thiruvannamalai,Arani(Uzhavar Sandhai ) APMC,Beans,4400.0
Tamil Nadu,Thiruvannamalai,Arani(Uzhavar Sandhai ) APMC,Tapioca,2250.0
Tamil Nadu,Thiruvannamalai,Arani(Uzhavar Sandhai ) APMC,Lemon,7500.0
Tamil Nadu,Thiruvannamalai,Arani(Uzhavar Sandhai ) APMC,Onion Green,4600.0
Tamil Nadu,Thiruvannamalai,Arani(Uzhavar Sandhai ) APMC,Mint(Pudina),3500.0
Tamil Nadu,Thiruvannamalai,Chengam(Uzhavar Sandhai ) APMC,Potato,3300.0
Tamil Nadu,Thiruvannamalai,Chengam(Uzhavar Sandhai ) APMC,Ashgourd,1800.0
Tamil Nadu,Thiruvannamalai,Chengam(Uzhavar Sandhai ) APMC,Bhindi(Ladies Finger),4400.0
Tamil Nadu,Thiruvannamalai,Chengam(Uzhavar Sandhai ) APMC,Amaranthus,1350.0
Tamil Nadu,Thiruvannamalai,Chengam(Uzhavar Sandhai ) APMC,Ginger(Green),9000.0
Tamil Nadu,Thiruvannamalai,Chengam(Uzhavar Sandhai ) APMC,Coconut,4600.0
Tamil Nadu,Thiruvannamalai,Chengam(Uzhavar Sandhai ) APMC,Snakeguard,2750.0
Tamil Nadu,Thiruvannamalai,Chengam(Uzhavar Sandhai ) APMC,Knool Khol,2750.0
Tamil Nadu,Thiruvannamalai,Chengam(Uzhavar Sandhai ) APMC,Sweet Corn ,2250.0
Tamil Nadu,Thiruvannamalai,Vandavasi(Uzhavar Sandhai ) APMC,Brinjal,3300.0
Tamil Nadu,Thiruvannamalai,Vandavasi(Uzhavar Sandhai ) APMC,Coriander(Leaves),4500.0
Tamil Nadu,Thiruvannamalai,Vandavasi(Uzhavar Sandhai ) APMC,Beans,4400.0
Tamil Nadu,Thiruvannamalai,Vandavasi(Uzhavar Sandhai ) APMC,Coconut,4500.0
Tamil Nadu,Thiruvannamalai,Vandavasi(Uzhavar Sandhai ) APMC,Carrot,2750.0
Tamil Nadu,Thiruvannamalai,Vandavasi(Uzhavar Sandhai ) APMC,Ridgeguard(Tori),3750.0
Tamil Nadu,Thiruvannamalai,Vandavasi(Uzhavar Sandhai ) APMC,Green Avare(W),5500.0
Tamil Nadu,Thiruvannamalai,Vandavasi(Uzhavar Sandhai ) APMC,Chow Chow,2750.0
Tamil Nadu,Thiruvannamalai,Keelpennathur(Uzhavar Sandhai ) APMC,Banana,5500.0
Tamil Nadu,Thiruvannamalai,Keelpennathur(Uzhavar Sandhai ) APMC,Brinjal,3750.0
Tamil Nadu,Thiruvannamalai,Keelpennathur(Uzhavar Sandhai ) APMC,Coriander(Leaves),4500.0
Tamil Nadu,Thiruvannamalai,Keelpennathur(Uzhavar Sandhai ) APMC,Papaya,3750.0
Tamil Nadu,Thiruvannamalai,Keelpennathur(Uzhavar Sandhai ) APMC,Sweet Potato,4750.0
Tamil Nadu,Thiruvannamalai,Keelpennathur(Uzhavar Sandhai ) APMC,Carrot,5250.0
Tamil Nadu,Thiruvannamalai,Keelpennathur(Uzhavar Sandhai ) APMC,Cabbage,2250.0
Tamil Nadu,Thiruvannamalai,Keelpennathur(Uzhavar Sandhai ) APMC,Cucumbar(Kheera),3500.0
Tamil Nadu,Thiruvannamalai,Keelpennathur(Uzhavar Sandhai ) APMC,Green Avare(W),5000.0
Tamil Nadu,Thiruvannamalai,Keelpennathur(Uzhavar Sandhai ) APMC,Drumstick,8000.0
Tamil Nadu,Thiruvannamalai,Keelpennathur(Uzhavar Sandhai ) APMC,Elephant Yam(Suran)/Amorphophallus,6000.0
Tamil Nadu,Thiruvannamalai,Tamarainagar(Uzhavar Sandhai ) APMC,Groundnut,7500.0
Tamil Nadu,Thiruvannamalai,Tamarainagar(Uzhavar Sandhai ) APMC,Banana,5500.0
Tamil Nadu,Thiruvannamalai,Tamarainagar(Uzhavar Sandhai ) APMC,Bitter gourd,2750.0
Tamil Nadu,Thiruvannamalai,Tamarainagar(Uzhavar Sandhai ) APMC,Ashgourd,1250.0
Tamil Nadu,Thiruvannamalai,Tamarainagar(Uzhavar Sandhai ) APMC,Green Avare(W),5500.0
Tamil Nadu,Thiruvannamalai,Tamarainagar(Uzhavar Sandhai ) APMC,Colacasia,2750.0
Tamil Nadu,Thiruvannamalai,Tamarainagar(Uzhavar Sandhai ) APMC,Amla(Nelli Kai),7500.0
Tamil Nadu,Thiruvannamalai,Tamarainagar(Uzhavar Sandhai ) APMC,Onion Green,3750.0
Tamil Nadu,Thiruchirappalli,KKNagar(Uzhavar Sandhai ) APMC,Mango,14000.0
Tamil Nadu,Thiruchirappalli,KKNagar(Uzhavar Sandhai ) APMC,Pineapple,8000.0
Tamil Nadu,Thiruchirappalli,KKNagar(Uzhavar Sandhai ) APMC,Garlic,20000.0
Tamil Nadu,Thiruchirappalli,KKNagar(Uzhavar Sandhai ) APMC,Water Melon,2000.0
Tamil Nadu,Thiruchirappalli,KKNagar(Uzhavar Sandhai ) APMC,Tomato,1800.0
Tamil Nadu,Thiruchirappalli,KKNagar(Uzhavar Sandhai ) APMC,Bitter gourd,4000.0
Tamil Nadu,Thiruchirappalli,KKNagar(Uzhavar Sandhai ) APMC,Bottle gourd,2000.0
Tamil Nadu,Thiruchirappalli,KKNagar(Uzhavar Sandhai ) APMC,Cabbage,2600.0
Tamil Nadu,Thiruchirappalli,KKNagar(Uzhavar Sandhai ) APMC,Raddish,2600.0
Tamil Nadu,Thiruchirappalli,KKNagar(Uzhavar Sandhai ) APMC,Drumstick,4000.0
Tamil Nadu,Thiruchirappalli,KKNagar(Uzhavar Sandhai ) APMC,Yam(Ratalu),6800.0
Tamil Nadu,Thiruchirappalli,KKNagar(Uzhavar Sandhai ) APMC,Lemon,16000.0
Tamil Nadu,Thiruchirappalli,KKNagar(Uzhavar Sandhai ) APMC,Colacasia,6000.0
Tamil Nadu,Thiruchirappalli,Manapparai(Uzhavar Sandhai ) APMC,Banana,4500.0
Tamil Nadu,Thiruchirappalli,Manapparai(Uzhavar Sandhai ) APMC,Papaya,4000.0
Tamil Nadu,Thiruchirappalli,Manapparai(Uzhavar Sandhai ) APMC,Cluster beans,4000.0
Tamil Nadu,Thiruchirappalli,Manapparai(Uzhavar Sandhai ) APMC,Bitter gourd,4000.0
Tamil Nadu,Thiruchirappalli,Manapparai(Uzhavar Sandhai ) APMC,Ridgeguard(Tori),3300.0
Tamil Nadu,Thiruchirappalli,Manapparai(Uzhavar Sandhai ) APMC,Drumstick,3500.0
Tamil Nadu,Thiruchirappalli,Musiri(Uzhavar Sandhai ) APMC,Potato,2750.0
Tamil Nadu,Thiruchirappalli,Musiri(Uzhavar Sandhai ) APMC,Papaya,3750.0
Tamil Nadu,Thiruchirappalli,Musiri(Uzhavar Sandhai ) APMC,Amaranthus,2000.0
Tamil Nadu,Thiruchirappalli,Musiri(Uzhavar Sandhai ) APMC,Green Chilli,2800.0
Tamil Nadu,Thiruchirappalli,Musiri(Uzhavar Sandhai ) APMC,Snakeguard,3300.0
Tamil Nadu,Thiruchirappalli,Musiri(Uzhavar Sandhai ) APMC,Thondekai,2750.0
Tamil Nadu,Thiruchirappalli,Musiri(Uzhavar Sandhai ) APMC,Knool Khol,2300.0
Tamil Nadu,Thiruchirappalli,Musiri(Uzhavar Sandhai ) APMC,Tender Coconut,3750.0
Tamil Nadu,Thiruchirappalli,Musiri(Uzhavar Sandhai ) APMC,Yam(Ratalu),5500.0
Tamil Nadu,Thiruchirappalli,Musiri(Uzhavar Sandhai ) APMC,Indian Beans(Seam),5500.0
Tamil Nadu,Thiruchirappalli,Musiri(Uzhavar Sandhai ) APMC,Amla(Nelli Kai),6500.0
Tamil Nadu,Thiruchirappalli,Thiruverumbur(Uzhavar Sandhai ) APMC,Garlic,16000.0
Tamil Nadu,Thiruchirappalli,Thiruverumbur(Uzhavar Sandhai ) APMC,Pumpkin,1500.0
Tamil Nadu,Thiruchirappalli,Thiruverumbur(Uzhavar Sandhai ) APMC,Banana - Green,2500.0
Tamil Nadu,Thiruchirappalli,Thiruverumbur(Uzhavar Sandhai ) APMC,Sweet Potato,3800.0
Tamil Nadu,Thiruchirappalli,Thiruverumbur(Uzhavar Sandhai ) APMC,Ridgeguard(Tori),3800.0
Tamil Nadu,Thiruchirappalli,Thiruverumbur(Uzhavar Sandhai ) APMC,Green Avare(W),7000.0
Tamil Nadu,Thiruchirappalli,Thiruverumbur(Uzhavar Sandhai ) APMC,Mango(Raw-Ripe),4000.0
Tamil Nadu,Thiruchirappalli,Thiruverumbur(Uzhavar Sandhai ) APMC,Yam(Ratalu),6500.0
Tamil Nadu,Thiruchirappalli,Thiruverumbur(Uzhavar Sandhai ) APMC,Colacasia,4500.0
Tamil Nadu,Thiruchirappalli,Thiruverumbur(Uzhavar Sandhai ) APMC,Amla(Nelli Kai),8000.0
Tamil Nadu,Thiruchirappalli,Lalgudi(Uzhavar Sandhai ) APMC,Banana,4500.0
Tamil Nadu,Thiruchirappalli,Lalgudi(Uzhavar Sandhai ) APMC,Onion,3000.0
Tamil Nadu,Thiruchirappalli,Lalgudi(Uzhavar Sandhai ) APMC,Coriander(Leaves),3200.0
Tamil Nadu,Thiruchirappalli,Lalgudi(Uzhavar Sandhai ) APMC,Papaya,4000.0
Tamil Nadu,Thiruchirappalli,Lalgudi(Uzhavar Sandhai ) APMC,Cluster beans,4000.0
Tamil Nadu,Thiruchirappalli,Lalgudi(Uzhavar Sandhai ) APMC,Banana - Green,3000.0
Tamil Nadu,Thiruchirappalli,Lalgudi(Uzhavar Sandhai ) APMC,Carrot,4000.0
Tamil Nadu,Thiruchirappalli,Lalgudi(Uzhavar Sandhai ) APMC,Cabbage,2400.0
Tamil Nadu,Thiruchirappalli,Lalgudi(Uzhavar Sandhai ) APMC,Chow Chow,3000.0
Tamil Nadu,Thiruchirappalli,Lalgudi(Uzhavar Sandhai ) APMC,Colacasia,4600.0
Tamil Nadu,Thiruchirappalli,Lalgudi(Uzhavar Sandhai ) APMC,Amla(Nelli Kai),7600.0
Tamil Nadu,Thiruchirappalli,Manachanallur(Uzhavar Sandhai ) APMC,Banana,5000.0
Tamil Nadu,Thiruchirappalli,Manachanallur(Uzhavar Sandhai ) APMC,Cluster beans,3500.0
Tamil Nadu,Thiruchirappalli,Manachanallur(Uzhavar Sandhai ) APMC,Beans,5600.0
Tamil Nadu,Thiruchirappalli,Manachanallur(Uzhavar Sandhai ) APMC,Ridgeguard(Tori),3500.0
Tamil Nadu,Thiruchirappalli,Manachanallur(Uzhavar Sandhai ) APMC,Chow Chow,2800.0
Tamil Nadu,Vellore,Gudiyatham(Uzhavar Sandhai ) APMC,Chikoos(Sapota),3000.0
Tamil Nadu,Vellore,Gudiyatham(Uzhavar Sandhai ) APMC,Bottle gourd,1500.0
Tamil Nadu,Vellore,Gudiyatham(Uzhavar Sandhai ) APMC,Pumpkin,1800.0
Tamil Nadu,Vellore,Gudiyatham(Uzhavar Sandhai ) APMC,Amaranthus,4000.0
Tamil Nadu,Vellore,Gudiyatham(Uzhavar Sandhai ) APMC,Cowpea(Veg),5000.0
Tamil Nadu,Vellore,Gudiyatham(Uzhavar Sandhai ) APMC,Guava,3500.0
Tamil Nadu,Vellore,Gudiyatham(Uzhavar Sandhai ) APMC,Colacasia,5600.0
Tamil Nadu,Vellore,Kahithapattarai(Uzhavar Sandhai ) APMC,Orange,8000.0
Tamil Nadu,Vellore,Kahithapattarai(Uzhavar Sandhai ) APMC,Cauliflower,2500.0
Tamil Nadu,Vellore,Kahithapattarai(Uzhavar Sandhai ) APMC,Water Melon,2000.0
Tamil Nadu,Vellore,Kahithapattarai(Uzhavar Sandhai ) APMC,Cluster beans,3500.0
Tamil Nadu,Vellore,Kahithapattarai(Uzhavar Sandhai ) APMC,Pumpkin,1500.0
Tamil Nadu,Vellore,Kahithapattarai(Uzhavar Sandhai ) APMC,Banana - Green,3200.0
Tamil Nadu,Vellore,Kahithapattarai(Uzhavar Sandhai ) APMC,Beetroot,2400.0
Tamil Nadu,Vellore,Kahithapattarai(Uzhavar Sandhai ) APMC,Karbuja(Musk Melon),4250.0
Tamil Nadu,Vellore,Kahithapattarai(Uzhavar Sandhai ) APMC,Yam(Ratalu),2500.0
Tamil Nadu,Vellore,Kahithapattarai(Uzhavar Sandhai ) APMC,Indian Beans(Seam),4500.0
Tamil Nadu,Vellore,Kahithapattarai(Uzhavar Sandhai ) APMC,Mint(Pudina),3000.0
Tamil Nadu,Villupuram,Villupuram(Uzhavar Sandhai ) APMC,Groundnut,9000.0
Tamil Nadu,Villupuram,Villupuram(Uzhavar Sandhai ) APMC,Potato,3000.0
Tamil Nadu,Villupuram,Villupuram(Uzhavar Sandhai ) APMC,Bottle gourd,2000.0
Tamil Nadu,Villupuram,Villupuram(Uzhavar Sandhai ) APMC,Ashgourd,2000.0
Tamil Nadu,Villupuram,Villupuram(Uzhavar Sandhai ) APMC,Pumpkin,2000.0
Tamil Nadu,Villupuram,Villupuram(Uzhavar Sandhai ) APMC,Bhindi(Ladies Finger),5000.0
Tamil Nadu,Villupuram,Villupuram(Uzhavar Sandhai ) APMC,Green Chilli,4000.0
Tamil Nadu,Villupuram,Villupuram(Uzhavar Sandhai ) APMC,Tapioca,5000.0
Tamil Nadu,Villupuram,Villupuram(Uzhavar Sandhai ) APMC,Cabbage,2000.0
Tamil Nadu,Villupuram,Villupuram(Uzhavar Sandhai ) APMC,Thondekai,4000.0
Tamil Nadu,Villupuram,Villupuram(Uzhavar Sandhai ) APMC,Green Avare(W),8000.0
Tamil Nadu,Villupuram,Villupuram(Uzhavar Sandhai ) APMC,Guava,5000.0
Tamil Nadu,Villupuram,Villupuram(Uzhavar Sandhai ) APMC,Colacasia,5000.0
Tamil Nadu,Villupuram,Villupuram(Uzhavar Sandhai ) APMC,Onion Green,4000.0
Tamil Nadu,Villupuram,Gingee(Uzhavar Sandhai ) APMC,Coriander(Leaves),4000.0
Tamil Nadu,Villupuram,Gingee(Uzhavar Sandhai ) APMC,Banana - Green,5000.0
Tamil Nadu,Villupuram,Gingee(Uzhavar Sandhai ) APMC,Coconut,6000.0
Tamil Nadu,Villupuram,Gingee(Uzhavar Sandhai ) APMC,Mint(Pudina),2000.0
Tamil Nadu,Virudhunagar,Aruppukottai(Uzhavar Sandhai ) APMC,Brinjal,3750.0
Tamil Nadu,Virudhunagar,Aruppukottai(Uzhavar Sandhai ) APMC,Coriander(Leaves),3500.0
Tamil Nadu,Virudhunagar,Aruppukottai(Uzhavar Sandhai ) APMC,Cluster beans,3750.0
Tamil Nadu,Virudhunagar,Aruppukottai(Uzhavar Sandhai ) APMC,Cabbage,2750.0
Tamil Nadu,Virudhunagar,Aruppukottai(Uzhavar Sandhai ) APMC,Green Avare(W),7500.0
Tamil Nadu,Virudhunagar,Aruppukottai(Uzhavar Sandhai ) APMC,Mint(Pudina),3250.0
Tamil Nadu,Virudhunagar,Rajapalayam(Uzhavar Sandhai ) APMC,Banana,3750.0
Tamil Nadu,Virudhunagar,Rajapalayam(Uzhavar Sandhai ) APMC,Potato,2750.0
Tamil Nadu,Virudhunagar,Rajapalayam(Uzhavar Sandhai ) APMC,Pumpkin,2250.0
Tamil Nadu,Virudhunagar,Rajapalayam(Uzhavar Sandhai ) APMC,Bhindi(Ladies Finger),3750.0
Tamil Nadu,Virudhunagar,Rajapalayam(Uzhavar Sandhai ) APMC,Beans,7750.0
Tamil Nadu,Virudhunagar,Rajapalayam(Uzhavar Sandhai ) APMC,Cabbage,2750.0
Tamil Nadu,Virudhunagar,Rajapalayam(Uzhavar Sandhai ) APMC,Knool Khol,3750.0
Tamil Nadu,Virudhunagar,Virudhunagar(Uzhavar Sandhai ) APMC,Cauliflower,2750.0
Tamil Nadu,Virudhunagar,Virudhunagar(Uzhavar Sandhai ) APMC,Tomato,1800.0
Tamil Nadu,Virudhunagar,Virudhunagar(Uzhavar Sandhai ) APMC,Ashgourd,2250.0
Tamil Nadu,Virudhunagar,Virudhunagar(Uzhavar Sandhai ) APMC,Banana - Green,2750.0
Tamil Nadu,Virudhunagar,Sivakasi(Uzhavar Sandhai ) APMC,Tomato,1750.0
Tamil Nadu,Virudhunagar,Sivakasi(Uzhavar Sandhai ) APMC,Bottle gourd,1750.0
Tamil Nadu,Virudhunagar,Sivakasi(Uzhavar Sandhai ) APMC,Bhindi(Ladies Finger),3750.0
Tamil Nadu,Virudhunagar,Sivakasi(Uzhavar Sandhai ) APMC,Beans,6500.0
Tamil Nadu,Virudhunagar,Sivakasi(Uzhavar Sandhai ) APMC,Cabbage,1750.0
Tamil Nadu,Virudhunagar,Sivakasi(Uzhavar Sandhai ) APMC,Ridgeguard(Tori),4500.0
Tamil Nadu,Virudhunagar,Sivakasi(Uzhavar Sandhai ) APMC,Onion Green,3750.0
Tamil Nadu,Virudhunagar,Sathur(Uzhavar Sandhai ) APMC,Potato,3250.0
Tamil Nadu,Virudhunagar,Sathur(Uzhavar Sandhai ) APMC,Brinjal,4750.0
Tamil Nadu,Virudhunagar,Sathur(Uzhavar Sandhai ) APMC,Papaya,3250.0
Tamil Nadu,Virudhunagar,Sathur(Uzhavar Sandhai ) APMC,Cluster beans,3250.0
Tamil Nadu,Virudhunagar,Sathur(Uzhavar Sandhai ) APMC,Carrot,3750.0
Tamil Nadu,Virudhunagar,Sathur(Uzhavar Sandhai ) APMC,Raddish,3250.0
Tamil Nadu,Virudhunagar,Kariyapatti(Uzhavar Sandhai ) APMC,Onion,2750.0
Tamil Nadu,Virudhunagar,Kariyapatti(Uzhavar Sandhai ) APMC,Potato,2750.0
Tamil Nadu,Virudhunagar,Kariyapatti(Uzhavar Sandhai ) APMC,Brinjal,3750.0
Tamil Nadu,Virudhunagar,Kariyapatti(Uzhavar Sandhai ) APMC,Pumpkin,2250.0
Tamil Nadu,Virudhunagar,Kariyapatti(Uzhavar Sandhai ) APMC,Beans,6750.0
Tamil Nadu,Virudhunagar,Kariyapatti(Uzhavar Sandhai ) APMC,Cabbage,2750.0
Tamil Nadu,Virudhunagar,Kariyapatti(Uzhavar Sandhai ) APMC,Beetroot,3250.0
Tamil Nadu,Virudhunagar,Kariyapatti(Uzhavar Sandhai ) APMC,Green Avare(W),7750.0
Tamil Nadu,Virudhunagar,Kariyapatti(Uzhavar Sandhai ) APMC,Guava,4750.0
Tamil Nadu,Virudhunagar,Thalavaipuram(Uzhavar Sandhai ) APMC,Papaya,3150.0
Tamil Nadu,Virudhunagar,Thalavaipuram(Uzhavar Sandhai ) APMC,Ashgourd,2250.0
Tamil Nadu,Virudhunagar,Thalavaipuram(Uzhavar Sandhai ) APMC,Banana - Green,3150.0
Tamil Nadu,Virudhunagar,Thalavaipuram(Uzhavar Sandhai ) APMC,Beetroot,3150.0
Tamil Nadu,Virudhunagar,Thalavaipuram(Uzhavar Sandhai ) APMC,Elephant Yam(Suran)/Amorphophallus,3600.0
Tamil Nadu,Virudhunagar,Thalavaipuram(Uzhavar Sandhai ) APMC,Colacasia,5500.0
Tamil Nadu,Nagercoil (Kannyiakumari),Myladi(Uzhavar Sandhai ) APMC,Tomato,1350.0
Tamil Nadu,Nagercoil (Kannyiakumari),Myladi(Uzhavar Sandhai ) APMC,Ginger(Green),7750.0
Tamil Nadu,Nagercoil (Kannyiakumari),Myladi(Uzhavar Sandhai ) APMC,Mango(Raw-Ripe),3250.0
Tamil Nadu,Nagercoil (Kannyiakumari),Myladi(Uzhavar Sandhai ) APMC,Onion Green,4250.0
Tamil Nadu,Chengalpattu,Pallavaram(Uzhavar Sandhai ) APMC,Green Peas,9500.0
Tamil Nadu,Chengalpattu,Pallavaram(Uzhavar Sandhai ) APMC,Chikoos(Sapota),3750.0
Tamil Nadu,Chengalpattu,Pallavaram(Uzhavar Sandhai ) APMC,Tomato,1750.0
Tamil Nadu,Chengalpattu,Pallavaram(Uzhavar Sandhai ) APMC,Cluster beans,4500.0
Tamil Nadu,Chengalpattu,Pallavaram(Uzhavar Sandhai ) APMC,Bottle gourd,3500.0
Tamil Nadu,Chengalpattu,Pallavaram(Uzhavar Sandhai ) APMC,Amaranthus,2750.0
Tamil Nadu,Chengalpattu,Pallavaram(Uzhavar Sandhai ) APMC,Green Chilli,3750.0
Tamil Nadu,Chengalpattu,Pallavaram(Uzhavar Sandhai ) APMC,Sweet Potato,4500.0
Tamil Nadu,Chengalpattu,Pallavaram(Uzhavar Sandhai ) APMC,Ridgeguard(Tori),5500.0
Tamil Nadu,Chengalpattu,Pallavaram(Uzhavar Sandhai ) APMC,Thondekai,4500.0
Tamil Nadu,Chengalpattu,Pallavaram(Uzhavar Sandhai ) APMC,Mango(Raw-Ripe),3500.0
Tamil Nadu,Chengalpattu,Pallavaram(Uzhavar Sandhai ) APMC,Amla(Nelli Kai),8500.0
Tamil Nadu,Chengalpattu,Medavakkam(Uzhavar Sandhai ) APMC,Green Chilli,4500.0
Tamil Nadu,Chengalpattu,Medavakkam(Uzhavar Sandhai ) APMC,Tender Coconut,3250.0
Tamil Nadu,Chengalpattu,Nanganallur(Uzhavar Sandhai ) APMC,Groundnut,8000.0
Tamil Nadu,Chengalpattu,Nanganallur(Uzhavar Sandhai ) APMC,Apple,13500.0
Tamil Nadu,Chengalpattu,Nanganallur(Uzhavar Sandhai ) APMC,Onion,2750.0
Tamil Nadu,Chengalpattu,Nanganallur(Uzhavar Sandhai ) APMC,Potato,2750.0
Tamil Nadu,Chengalpattu,Nanganallur(Uzhavar Sandhai ) APMC,Tomato,1750.0
Tamil Nadu,Chengalpattu,Nanganallur(Uzhavar Sandhai ) APMC,Bhindi(Ladies Finger),5000.0
Tamil Nadu,Chengalpattu,Nanganallur(Uzhavar Sandhai ) APMC,Beans,7000.0
Tamil Nadu,Chengalpattu,Nanganallur(Uzhavar Sandhai ) APMC,Ginger(Green),8500.0
Tamil Nadu,Chengalpattu,Nanganallur(Uzhavar Sandhai ) APMC,Cabbage,2250.0
Tamil Nadu,Chengalpattu,Nanganallur(Uzhavar Sandhai ) APMC,Beetroot,3500.0
Tamil Nadu,Chengalpattu,Nanganallur(Uzhavar Sandhai ) APMC,Green Avare(W),5000.0
Tamil Nadu,Chengalpattu,Nanganallur(Uzhavar Sandhai ) APMC,Drumstick,8000.0
Tamil Nadu,Chengalpattu,Nanganallur(Uzhavar Sandhai ) APMC,Amla(Nelli Kai),8500.0
Tamil Nadu,Chengalpattu,Nanganallur(Uzhavar Sandhai ) APMC,Onion Green,5000.0
Tamil Nadu,Chengalpattu,Madhuranthagam(Uzhavar Sandhai ) APMC,Garlic,12000.0
Tamil Nadu,Chengalpattu,Madhuranthagam(Uzhavar Sandhai ) APMC,Bitter gourd,3500.0
Tamil Nadu,Chengalpattu,Madhuranthagam(Uzhavar Sandhai ) APMC,Amaranthus,4000.0
Tamil Nadu,Chengalpattu,Madhuranthagam(Uzhavar Sandhai ) APMC,Snakeguard,3000.0
Tamil Nadu,Chengalpattu,Madhuranthagam(Uzhavar Sandhai ) APMC,Green Avare(W),3000.0
Tamil Nadu,Chengalpattu,Madhuranthagam(Uzhavar Sandhai ) APMC,Onion Green,3000.0
Tamil Nadu,Chengalpattu,Jameenrayapettai(Uzhavar Sandhai ) APMC,Onion,2250.0
Tamil Nadu,Chengalpattu,Jameenrayapettai(Uzhavar Sandhai ) APMC,Coriander(Leaves),5500.0
Tamil Nadu,Chengalpattu,Jameenrayapettai(Uzhavar Sandhai ) APMC,Green Peas,9500.0
Tamil Nadu,Chengalpattu,Jameenrayapettai(Uzhavar Sandhai ) APMC,Cluster beans,4500.0
Tamil Nadu,Chengalpattu,Jameenrayapettai(Uzhavar Sandhai ) APMC,Amaranthus,2750.0
Tamil Nadu,Chengalpattu,Jameenrayapettai(Uzhavar Sandhai ) APMC,Cucumbar(Kheera),3750.0
Tamil Nadu,Chengalpattu,Jameenrayapettai(Uzhavar Sandhai ) APMC,Ridgeguard(Tori),5500.0
Tamil Nadu,Chengalpattu,Jameenrayapettai(Uzhavar Sandhai ) APMC,Mango(Raw-Ripe),3750.0
Tamil Nadu,Chengalpattu,Jameenrayapettai(Uzhavar Sandhai ) APMC,Guava,5500.0
Tamil Nadu,Chengalpattu,Jameenrayapettai(Uzhavar Sandhai ) APMC,Colacasia,4500.0
Tamil Nadu,Chengalpattu,Jameenrayapettai(Uzhavar Sandhai ) APMC,Tube Rose(Loose),6500.0
Tamil Nadu,Chengalpattu,Guduvancheri(Uzhavar Sandhai ) APMC,Banana,3750.0
Tamil Nadu,Chengalpattu,Guduvancheri(Uzhavar Sandhai ) APMC,Water Melon,1750.0
Tamil Nadu,Chengalpattu,Guduvancheri(Uzhavar Sandhai ) APMC,Tapioca,3750.0
Tamil Nadu,Chengalpattu,Guduvancheri(Uzhavar Sandhai ) APMC,Thondekai,4500.0
Tamil Nadu,Chengalpattu,Guduvancheri(Uzhavar Sandhai ) APMC,Chow Chow,2750.0
Tamil Nadu,Chengalpattu,Guduvancheri(Uzhavar Sandhai ) APMC,Knool Khol,3750.0
Tamil Nadu,Chengalpattu,Guduvancheri(Uzhavar Sandhai ) APMC,Amla(Nelli Kai),8500.0
Tamil Nadu,Chengalpattu,Guduvancheri(Uzhavar Sandhai ) APMC,Tube Rose(Loose),11000.0
Tamil Nadu,Chengalpattu,Thirukalukundram(Uzhavar Sandhai ) APMC,Onion,1750.0
Tamil Nadu,Chengalpattu,Thirukalukundram(Uzhavar Sandhai ) APMC,Tomato,1750.0
Tamil Nadu,Chengalpattu,Thirukalukundram(Uzhavar Sandhai ) APMC,Bottle gourd,2500.0
Tamil Nadu,Chengalpattu,Thirukalukundram(Uzhavar Sandhai ) APMC,Ashgourd,2750.0
Tamil Nadu,Chengalpattu,Thirukalukundram(Uzhavar Sandhai ) APMC,Amaranthus,2250.0
Tamil Nadu,Chengalpattu,Thirukalukundram(Uzhavar Sandhai ) APMC,Lemon,12500.0
Tamil Nadu,Ranipet,Ranipettai(Uzhavar Sandhai ) APMC,Orange,15000.0
Tamil Nadu,Ranipet,Ranipettai(Uzhavar Sandhai ) APMC,Onion,2200.0
Tamil Nadu,Ranipet,Ranipettai(Uzhavar Sandhai ) APMC,Garlic,13000.0
Tamil Nadu,Ranipet,Ranipettai(Uzhavar Sandhai ) APMC,Coriander(Leaves),2000.0
Tamil Nadu,Ranipet,Ranipettai(Uzhavar Sandhai ) APMC,Chikoos(Sapota),4500.0
Tamil Nadu,Ranipet,Ranipettai(Uzhavar Sandhai ) APMC,Cluster beans,4000.0
Tamil Nadu,Ranipet,Ranipettai(Uzhavar Sandhai ) APMC,Bitter gourd,3000.0
Tamil Nadu,Ranipet,Ranipettai(Uzhavar Sandhai ) APMC,Bottle gourd,1500.0
Tamil Nadu,Ranipet,Ranipettai(Uzhavar Sandhai ) APMC,Tapioca,3000.0
Tamil Nadu,Ranipet,Ranipettai(Uzhavar Sandhai ) APMC,Sweet Potato,3750.0
Tamil Nadu,Ranipet,Ranipettai(Uzhavar Sandhai ) APMC,Drumstick,3500.0
Tamil Nadu,Ranipet,Ranipettai(Uzhavar Sandhai ) APMC,Tender Coconut,2750.0
Tamil Nadu,Ranipet,Ranipettai(Uzhavar Sandhai ) APMC,Mint(Pudina),2000.0
Tamil Nadu,Ranipet,Arcot(Uzhavar Sandhai ) APMC,Onion,2000.0
Tamil Nadu,Ranipet,Arcot(Uzhavar Sandhai ) APMC,Garlic,14000.0
Tamil Nadu,Ranipet,Arcot(Uzhavar Sandhai ) APMC,Bottle gourd,2000.0
Tamil Nadu,Ranipet,Arcot(Uzhavar Sandhai ) APMC,Ashgourd,2000.0
Tamil Nadu,Ranipet,Arcot(Uzhavar Sandhai ) APMC,Bhindi(Ladies Finger),3600.0
Tamil Nadu,Ranipet,Arcot(Uzhavar Sandhai ) APMC,Ginger(Green),7500.0
Tamil Nadu,Ranipet,Arcot(Uzhavar Sandhai ) APMC,Cabbage,2000.0
Tamil Nadu,Ranipet,Arcot(Uzhavar Sandhai ) APMC,Ridgeguard(Tori),4000.0
Tamil Nadu,Ranipet,Arcot(Uzhavar Sandhai ) APMC,Amla(Nelli Kai),10000.0
Tamil Nadu,Thirupur,Palladam(Uzhavar Sandhai ) APMC,Potato,2500.0
Tamil Nadu,Thirupur,Palladam(Uzhavar Sandhai ) APMC,Papaya,2750.0
Tamil Nadu,Thirupur,Palladam(Uzhavar Sandhai ) APMC,Cowpea(Veg),2750.0
Tamil Nadu,Thirupur,Palladam(Uzhavar Sandhai ) APMC,Beans,7250.0
Tamil Nadu,Thirupur,Palladam(Uzhavar Sandhai ) APMC,Coconut,4250.0
Tamil Nadu,Thirupur,Palladam(Uzhavar Sandhai ) APMC,Beetroot,2750.0
Tamil Nadu,Thirupur,Palladam(Uzhavar Sandhai ) APMC,Chow Chow,2250.0
Tamil Nadu,Thirupur,Palladam(Uzhavar Sandhai ) APMC,Mint(Pudina),2750.0
Tamil Nadu,Thirupur,Tiruppur (South) (Uzhavar Sandhai ) APMC,Onion,1750.0
Tamil Nadu,Thirupur,Tiruppur (South) (Uzhavar Sandhai ) APMC,Tomato,1300.0
Tamil Nadu,Thirupur,Tiruppur (South) (Uzhavar Sandhai ) APMC,Bhindi(Ladies Finger),5250.0
Tamil Nadu,Thirupur,Tiruppur (South) (Uzhavar Sandhai ) APMC,Cowpea(Veg),2750.0
Tamil Nadu,Thirupur,Tiruppur (South) (Uzhavar Sandhai ) APMC,Snakeguard,2250.0
Tamil Nadu,Thirupur,Tiruppur (South) (Uzhavar Sandhai ) APMC,Thondekai,3500.0
Tamil Nadu,Thirupur,Tiruppur (South) (Uzhavar Sandhai ) APMC,Drumstick,2500.0
Tamil Nadu,Thirupur,Tiruppur (South) (Uzhavar Sandhai ) APMC,Elephant Yam(Suran)/Amorphophallus,3500.0
Tamil Nadu,Thirupur,Tiruppur (South) (Uzhavar Sandhai ) APMC,Lemon,14000.0
Tamil Nadu,Thirupur,Tiruppur (South) (Uzhavar Sandhai ) APMC,Amla(Nelli Kai),5250.0
Tamil Nadu,Thirupur,Dharapuram(Uzhavar Sandhai ) APMC,Brinjal,4250.0
Tamil Nadu,Thirupur,Dharapuram(Uzhavar Sandhai ) APMC,Chikoos(Sapota),4750.0
Tamil Nadu,Thirupur,Dharapuram(Uzhavar Sandhai ) APMC,Banana - Green,2750.0
Tamil Nadu,Thirupur,Dharapuram(Uzhavar Sandhai ) APMC,Beetroot,2250.0
Tamil Nadu,Thirupur,Dharapuram(Uzhavar Sandhai ) APMC,Drumstick,2750.0
Tamil Nadu,Thirupur,Tiruppur (North) (Uzhavar Sandhai ) APMC,Pumpkin,1800.0
Tamil Nadu,Thirupur,Tiruppur (North) (Uzhavar Sandhai ) APMC,Amaranthus,2250.0
Tamil Nadu,Thirupur,Tiruppur (North) (Uzhavar Sandhai ) APMC,Green Chilli,3750.0
Tamil Nadu,Thirupur,Tiruppur (North) (Uzhavar Sandhai ) APMC,Banana - Green,2750.0
Tamil Nadu,Thirupur,Tiruppur (North) (Uzhavar Sandhai ) APMC,Ginger(Green),6500.0
Tamil Nadu,Thirupur,Tiruppur (North) (Uzhavar Sandhai ) APMC,Mango(Raw-Ripe),4750.0
Tamil Nadu,Thirupur,Tiruppur (North) (Uzhavar Sandhai ) APMC,Lemon,15500.0
Tamil Nadu,Thirupur,Kangayam(Uzhavar Sandhai ) APMC,Cauliflower,2750.0
Tamil Nadu,Thirupur,Kangayam(Uzhavar Sandhai ) APMC,Tomato,2000.0
Tamil Nadu,Thirupur,Kangayam(Uzhavar Sandhai ) APMC,Cluster beans,3500.0
Tamil Nadu,Thirupur,Kangayam(Uzhavar Sandhai ) APMC,Green Avare(W),6500.0
Tamil Nadu,Thirupathur,Natrampalli(Uzhavar Sandhai ) APMC,Banana,4500.0
Tamil Nadu,Thirupathur,Natrampalli(Uzhavar Sandhai ) APMC,Onion,2750.0
Tamil Nadu,Thirupathur,Natrampalli(Uzhavar Sandhai ) APMC,Potato,3250.0
Tamil Nadu,Thirupathur,Natrampalli(Uzhavar Sandhai ) APMC,Brinjal,2750.0
Tamil Nadu,Thirupathur,Natrampalli(Uzhavar Sandhai ) APMC,Papaya,2750.0
Tamil Nadu,Thirupathur,Natrampalli(Uzhavar Sandhai ) APMC,Tomato,1250.0
Tamil Nadu,Thirupathur,Natrampalli(Uzhavar Sandhai ) APMC,Green Chilli,4500.0
Tamil Nadu,Thirupathur,Natrampalli(Uzhavar Sandhai ) APMC,Coconut,2750.0
Tamil Nadu,Thirupathur,Natrampalli(Uzhavar Sandhai ) APMC,Cucumbar(Kheera),2750.0
Tamil Nadu,Thirupathur,Natrampalli(Uzhavar Sandhai ) APMC,Raddish,1750.0
Tamil Nadu,Thirupathur,Vaniyampadi(Uzhavar Sandhai ) APMC,Banana,3000.0
Tamil Nadu,Thirupathur,Vaniyampadi(Uzhavar Sandhai ) APMC,Papaya,3000.0
Tamil Nadu,Thirupathur,Vaniyampadi(Uzhavar Sandhai ) APMC,Tapioca,2500.0
Tamil Nadu,Thirupathur,Vaniyampadi(Uzhavar Sandhai ) APMC,Sweet Potato,3000.0
Tamil Nadu,Thirupathur,Vaniyampadi(Uzhavar Sandhai ) APMC,Chow Chow,4000.0
Tamil Nadu,Thirupathur,Vaniyampadi(Uzhavar Sandhai ) APMC,Yam(Ratalu),4000.0
Tamil Nadu,Thirupathur,Vaniyampadi(Uzhavar Sandhai ) APMC,Mint(Pudina),2000.0
Tamil Nadu,Tenkasi,Tenkasi(Uzhavar Sandhai ) APMC,Banana,4000.0
Tamil Nadu,Tenkasi,Tenkasi(Uzhavar Sandhai ) APMC,Onion,2250.0
Tamil Nadu,Tenkasi,Tenkasi(Uzhavar Sandhai ) APMC,Coconut,5500.0
Tamil Nadu,Tenkasi,Tenkasi(Uzhavar Sandhai ) APMC,Cabbage,2000.0
Tamil Nadu,Tenkasi,Tenkasi(Uzhavar Sandhai ) APMC,Indian Beans(Seam),6000.0
Tamil Nadu,Tenkasi,Tenkasi(Uzhavar Sandhai ) APMC,Lemon,11000.0
Tamil Nadu,Tenkasi,Tenkasi(Uzhavar Sandhai ) APMC,Colacasia,5000.0
Tamil Nadu,Tenkasi,Tenkasi(Uzhavar Sandhai ) APMC,Mashrooms,20000.0
Tamil Nadu,Tenkasi,Sankarankoil(Uzhavar Sandhai ) APMC,Pumpkin,1500.0
Tamil Nadu,Tenkasi,Sankarankoil(Uzhavar Sandhai ) APMC,Amaranthus,2000.0
Tamil Nadu,Tenkasi,Sankarankoil(Uzhavar Sandhai ) APMC,Ridgeguard(Tori),4000.0
Tamil Nadu,Tenkasi,Sankarankoil(Uzhavar Sandhai ) APMC,Thondekai,4200.0
Tamil Nadu,Tenkasi,Sankarankoil(Uzhavar Sandhai ) APMC,Drumstick,4000.0
Tamil Nadu,Tenkasi,Sankarankoil(Uzhavar Sandhai ) APMC,Mango(Raw-Ripe),4000.0
Tamil Nadu,Tenkasi,Sankarankoil(Uzhavar Sandhai ) APMC,Amla(Nelli Kai),6000.0
Tamil Nadu,Tenkasi,Sankarankoil(Uzhavar Sandhai ) APMC,Mint(Pudina),4000.0
Tamil Nadu,Kallakuruchi,Kallakurichi(Uzhavar Sandhai ) APMC,Banana,4000.0
Tamil Nadu,Kallakuruchi,Kallakurichi(Uzhavar Sandhai ) APMC,Brinjal,3000.0
Tamil Nadu,Kallakuruchi,Kallakurichi(Uzhavar Sandhai ) APMC,Carrot,4000.0
Tamil Nadu,Kallakuruchi,Kallakurichi(Uzhavar Sandhai ) APMC,Capsicum,8000.0
Tamil Nadu,Kallakuruchi,Kallakurichi(Uzhavar Sandhai ) APMC,Drumstick,4000.0
Tamil Nadu,Kallakuruchi,Kallakurichi(Uzhavar Sandhai ) APMC,Tender Coconut,3000.0
Tamil Nadu,Kallakuruchi,Kallakurichi(Uzhavar Sandhai ) APMC,Elephant Yam(Suran)/Amorphophallus,4000.0
Tamil Nadu,Kallakuruchi,Kallakurichi(Uzhavar Sandhai ) APMC,Colacasia,4000.0
Tamil Nadu,Kallakuruchi,Kallakurichi(Uzhavar Sandhai ) APMC,Onion Green,2500.0
Tamil Nadu,Kallakuruchi,Sankarapuram(Uzhavar Sandhai ) APMC,Banana,4000.0
Tamil Nadu,Kallakuruchi,Sankarapuram(Uzhavar Sandhai ) APMC,Potato,3000.0
Tamil Nadu,Kallakuruchi,Sankarapuram(Uzhavar Sandhai ) APMC,Cluster beans,5000.0
Tamil Nadu,Kallakuruchi,Sankarapuram(Uzhavar Sandhai ) APMC,Bitter gourd,5500.0
Tamil Nadu,Kallakuruchi,Sankarapuram(Uzhavar Sandhai ) APMC,Ridgeguard(Tori),4000.0
Tamil Nadu,Kallakuruchi,Sankarapuram(Uzhavar Sandhai ) APMC,Tender Coconut,3000.0
Tamil Nadu,Kallakuruchi,Sankarapuram(Uzhavar Sandhai ) APMC,Onion Green,2500.0
Rajasthan,Jaipur,Bassi APMC,Wheat,2321.0
Rajasthan,Jaipur,Bassi APMC,Potato,1850.0
Tamil Nadu,Tuticorin,Tuticorin(Uzhavar Sandhai ) APMC,Brinjal,3750.0
Tamil Nadu,Tuticorin,Tuticorin(Uzhavar Sandhai ) APMC,Amaranthus,900.0
Tamil Nadu,Tuticorin,Tuticorin(Uzhavar Sandhai ) APMC,Banana - Green,2750.0
Tamil Nadu,Tuticorin,Tuticorin(Uzhavar Sandhai ) APMC,Carrot,4750.0
Tamil Nadu,Tuticorin,Tuticorin(Uzhavar Sandhai ) APMC,Raddish,2750.0
Tamil Nadu,Tuticorin,Tuticorin(Uzhavar Sandhai ) APMC,Drumstick,3750.0
Tamil Nadu,Tuticorin,Tuticorin(Uzhavar Sandhai ) APMC,Jack Fruit(Ripe),5500.0
Tamil Nadu,Tuticorin,Tuticorin(Uzhavar Sandhai ) APMC,Guava,3750.0
Madhya Pradesh,Ujjain,Ujjain APMC,Wheat,2300.0
Madhya Pradesh,Panna,Panna APMC,Wheat,2400.0
Madhya Pradesh,Datia,Bhander APMC,Wheat,2314.0
Madhya Pradesh,Datia,Bhander APMC,Bengal Gram(Gram)(Whole),5280.0
Madhya Pradesh,Neemuch,Neemuch APMC,Wheat,3050.0
Madhya Pradesh,Neemuch,Neemuch APMC,Asgand,10000.0
Madhya Pradesh,Satna,Satna APMC,Wheat,2218.0
Madhya Pradesh,Vidisha,Ganjbasoda APMC,Wheat,2670.0
Madhya Pradesh,Vidisha,Vidisha APMC,Wheat,2625.0
Madhya Pradesh,Katni,Katni APMC,Mustard,6600.0
Madhya Pradesh,Morena,Morena APMC,Mustard,6705.0
Madhya Pradesh,Raisen,Raisen APMC,Paddy(Common),4060.0
Madhya Pradesh,Betul,Betul APMC,Wheat,2276.0
Madhya Pradesh,Hoshangabad,Itarsi APMC,Paddy(Common),3600.0
Madhya Pradesh,Dhar,Dhar APMC,Wheat,2540.0
Madhya Pradesh,Khargone,Khargone APMC,Maize,1500.0
Madhya Pradesh,Mandsaur,Mandsaur APMC,Asgand,795.0
Tamil Nadu,Nagercoil (Kannyiakumari),Vadaseri APMC,Onion,2850.0
Tamil Nadu,Nagercoil (Kannyiakumari),Vadaseri APMC,Garlic,13500.0
Tamil Nadu,Nagercoil (Kannyiakumari),Vadaseri APMC,Cauliflower,4550.0
Tamil Nadu,Nagercoil (Kannyiakumari),Vadaseri APMC,Brinjal,4750.0
Tamil Nadu,Nagercoil (Kannyiakumari),Vadaseri APMC,Bottle gourd,1400.0
Tamil Nadu,Nagercoil (Kannyiakumari),Vadaseri APMC,Ashgourd,1400.0
Tamil Nadu,Nagercoil (Kannyiakumari),Vadaseri APMC,Amaranthus,900.0
Tamil Nadu,Nagercoil (Kannyiakumari),Vadaseri APMC,Snakeguard,3550.0
Tamil Nadu,Nagercoil (Kannyiakumari),Vadaseri APMC,Cucumbar(Kheera),3750.0
Tamil Nadu,Nagercoil (Kannyiakumari),Vadaseri APMC,Mango(Raw-Ripe),2850.0
Tamil Nadu,Nagercoil (Kannyiakumari),Vadaseri APMC,Onion Green,4750.0
Madhya Pradesh,Indore,Mhow APMC,Soyabean,5715.0
Madhya Pradesh,Indore,Mhow APMC,Bengal Gram(Gram)(Whole),5230.0
Madhya Pradesh,Indore,Mhow APMC,Kabuli Chana(Chickpeas-White),8581.0
Madhya Pradesh,Morena,Kailaras APMC,Mustard,6980.0
Madhya Pradesh,Morena,Kailaras APMC,Wheat,2280.0
Madhya Pradesh,Chhatarpur,Chhatarpur APMC,Groundnut,6540.0
Madhya Pradesh,Chhatarpur,Chhatarpur APMC,Wheat,2215.0
Tamil Nadu,Pudukkottai,Karambakkudi(Uzhavar Sandhai ) APMC,Brinjal,3750.0
Tamil Nadu,Pudukkottai,Karambakkudi(Uzhavar Sandhai ) APMC,Cluster beans,4750.0
Tamil Nadu,Pudukkottai,Karambakkudi(Uzhavar Sandhai ) APMC,Pumpkin,1750.0
Tamil Nadu,Pudukkottai,Karambakkudi(Uzhavar Sandhai ) APMC,Bhindi(Ladies Finger),3750.0
Tamil Nadu,Pudukkottai,Karambakkudi(Uzhavar Sandhai ) APMC,Banana - Green,2750.0
Tamil Nadu,Pudukkottai,Karambakkudi(Uzhavar Sandhai ) APMC,Drumstick,3750.0
Karnataka,Karwar(Uttar Kannad),Karwar APMC,Cashewnuts,15000.0
Madhya Pradesh,Dhar,Dhamnod APMC,Kabuli Chana(Chickpeas-White),7500.0
Madhya Pradesh,Dhar,Dhamnod APMC,Maize,1415.0
Madhya Pradesh,Dewas,Khategaon APMC,Mustard,6208.0
Madhya Pradesh,Bhind,Gohad APMC,Wheat,2265.0
Madhya Pradesh,Dindori,Dindori APMC,Niger Seed(Ramtil),9900.0
Madhya Pradesh,Dindori,Dindori APMC,Wheat,2100.0
Madhya Pradesh,Umariya,Umariya APMC,buttery,2650.0
Madhya Pradesh,Umariya,Umariya APMC,Kodo Millet(Varagu),2200.0
Madhya Pradesh,Umariya,Umariya APMC,Arhar(Tur/Red Gram)(Whole),6500.0
Madhya Pradesh,Umariya,Umariya APMC,Bengal Gram(Gram)(Whole),5200.0
Tamil Nadu,Vellore,Vellore APMC,Apple,20000.0
Tamil Nadu,Vellore,Vellore APMC,Grapes,12000.0
Tamil Nadu,Vellore,Vellore APMC,Water Melon,2000.0
Tamil Nadu,Vellore,Vellore APMC,Mousambi(Sweet Lime),6000.0
Tamil Nadu,Vellore,Vellore APMC,Green Chilli,3500.0
Tamil Nadu,Vellore,Vellore APMC,Beans,4500.0
Tamil Nadu,Vellore,Vellore APMC,Coconut,3500.0
Tamil Nadu,Vellore,Vellore APMC,Betal Leaves,15000.0
Tamil Nadu,Vellore,Vellore APMC,Carrot,1800.0
Tamil Nadu,Vellore,Vellore APMC,Cabbage,2000.0
Tamil Nadu,Vellore,Vellore APMC,Mango(Raw-Ripe),3500.0
Tamil Nadu,Vellore,Vellore APMC,Knool Khol,2000.0
Tamil Nadu,Vellore,Vellore APMC,Lemon,9000.0
Tamil Nadu,Vellore,Vellore APMC,Sweet Corn ,2000.0
Tamil Nadu,Salem,Ammapet(Uzhavar Sandhai ) APMC,Groundnut,6750.0
Tamil Nadu,Salem,Ammapet(Uzhavar Sandhai ) APMC,Apple,21500.0
Tamil Nadu,Salem,Ammapet(Uzhavar Sandhai ) APMC,Mango,15500.0
Tamil Nadu,Salem,Ammapet(Uzhavar Sandhai ) APMC,Chikoos(Sapota),3750.0
Tamil Nadu,Salem,Ammapet(Uzhavar Sandhai ) APMC,Tomato,1350.0
Tamil Nadu,Salem,Ammapet(Uzhavar Sandhai ) APMC,Sweet Potato,3750.0
Tamil Nadu,Salem,Ammapet(Uzhavar Sandhai ) APMC,Carrot,4750.0
Tamil Nadu,Salem,Ammapet(Uzhavar Sandhai ) APMC,Ridgeguard(Tori),4200.0
Tamil Nadu,Salem,Ammapet(Uzhavar Sandhai ) APMC,Raddish,2200.0
Tamil Nadu,Salem,Ammapet(Uzhavar Sandhai ) APMC,Guava,5500.0
Tamil Nadu,Salem,Ammapet(Uzhavar Sandhai ) APMC,Mashrooms,21500.0
Tamil Nadu,Salem,Ammapet(Uzhavar Sandhai ) APMC,Rose(Local),13000.0
Madhya Pradesh,Rajgarh,Biaora APMC,Wheat,2175.0
Tamil Nadu,Salem,Athur(Uzhavar Sandhai ) APMC,Brinjal,2100.0
Tamil Nadu,Salem,Athur(Uzhavar Sandhai ) APMC,Cluster beans,3750.0
Tamil Nadu,Salem,Athur(Uzhavar Sandhai ) APMC,Amaranthus,2200.0
Tamil Nadu,Salem,Athur(Uzhavar Sandhai ) APMC,Banana - Green,2200.0
Tamil Nadu,Salem,Athur(Uzhavar Sandhai ) APMC,Guava,5750.0
Tamil Nadu,Salem,Athur(Uzhavar Sandhai ) APMC,Elephant Yam(Suran)/Amorphophallus,2750.0
Tamil Nadu,Salem,Athur(Uzhavar Sandhai ) APMC,Rose(Local),11000.0
Tamil Nadu,Salem,Athur(Uzhavar Sandhai ) APMC,Tube Rose(Loose),8500.0
Tamil Nadu,Salem,Athur(Uzhavar Sandhai ) APMC,Sweet Corn ,3000.0
Tamil Nadu,Theni,Periyakulam(Uzhavar Sandhai ) APMC,Onion,2400.0
Tamil Nadu,Theni,Periyakulam(Uzhavar Sandhai ) APMC,Potato,2400.0
Tamil Nadu,Theni,Periyakulam(Uzhavar Sandhai ) APMC,Amaranthus,2250.0
Tamil Nadu,Theni,Periyakulam(Uzhavar Sandhai ) APMC,Green Chilli,3250.0
Tamil Nadu,Theni,Periyakulam(Uzhavar Sandhai ) APMC,Raddish,1900.0
Tamil Nadu,Theni,Periyakulam(Uzhavar Sandhai ) APMC,Drumstick,3500.0
Tamil Nadu,Theni,Periyakulam(Uzhavar Sandhai ) APMC,Elephant Yam(Suran)/Amorphophallus,2700.0
Tamil Nadu,Theni,Periyakulam(Uzhavar Sandhai ) APMC,Yam(Ratalu),4900.0
Maharashtra,Ahmednagar,Rahata APMC,Potato,1100.0
Maharashtra,Ahmednagar,Rahata APMC,Mango(Raw-Ripe),2000.0
Maharashtra,Ahmednagar,Rahata APMC,Methi(Leaves),13.0
Maharashtra,Ahmednagar,Rahata APMC,Little gourd(Kundru),2000.0
Maharashtra,Ahmednagar,Rahata APMC,Green Chilli,5500.0
Madhya Pradesh,Indore,Gautampura APMC,Wheat,2400.0
Madhya Pradesh,Jhabua,Jhabua APMC,Wheat,2500.0
Madhya Pradesh,Badwani,Badwani APMC,Wheat,2150.0
Madhya Pradesh,Neemuch,Manasa APMC,Mustard,6117.0
Madhya Pradesh,Sagar,Banda APMC,Wheat,2100.0
Madhya Pradesh,Damoh,Javera APMC,Bengal Gram(Gram)(Whole),5200.0
Madhya Pradesh,Damoh,Javera APMC,Wheat,2150.0
Madhya Pradesh,Chhatarpur,Badamalhera APMC,Wheat,2300.0
Tamil Nadu,Vellore,Thirupathur APMC,Brinjal,2400.0
Tamil Nadu,Vellore,Thirupathur APMC,Coriander(Leaves),4000.0
Tamil Nadu,Vellore,Thirupathur APMC,Green Peas,5000.0
Tamil Nadu,Vellore,Thirupathur APMC,Papaya,4000.0
Tamil Nadu,Vellore,Thirupathur APMC,Bottle gourd,1500.0
Tamil Nadu,Vellore,Thirupathur APMC,Banana - Green,2500.0
Tamil Nadu,Vellore,Thirupathur APMC,Tapioca,3000.0
Tamil Nadu,Vellore,Thirupathur APMC,Cucumbar(Kheera),4000.0
Tamil Nadu,Vellore,Thirupathur APMC,Thondekai,4000.0
Tamil Nadu,Vellore,Thirupathur APMC,Capsicum,5000.0
Tamil Nadu,Vellore,Thirupathur APMC,Amla(Nelli Kai),6000.0
Madhya Pradesh,Vidisha,Lateri APMC,Wheat,2900.0
Madhya Pradesh,Rajgarh,Machalpur APMC,Lentil(Masur)(Whole),7230.0
Madhya Pradesh,Dhar,Gandhwani APMC,Bengal Gram(Gram)(Whole),5265.0
Madhya Pradesh,Dhar,Gandhwani APMC,Maize,1550.0
Madhya Pradesh,Dhar,Gandhwani APMC,Soyabean,5400.0
Madhya Pradesh,Dhar,Gandhwani APMC,Bengal Gram(Gram)(Whole),5100.0
Madhya Pradesh,Mandsaur,Bhanpura APMC,Wheat,2200.0
Madhya Pradesh,Indore,Indore APMC,Maize,1712.0
Madhya Pradesh,Indore,Indore APMC,Tamarind Fruit,4610.0
Madhya Pradesh,Mandsaur,Garoth APMC,Methi Seeds,6065.0
Madhya Pradesh,Shajapur,Soyatkalan APMC,Wheat,2190.0
Madhya Pradesh,Mandsaur,Daloda APMC,Methi Seeds,5842.68
Madhya Pradesh,Gwalior,Bhitarwar APMC,Wheat,2300.0
Madhya Pradesh,Gwalior,Bhitarwar APMC,Wheat,2305.0
Madhya Pradesh,Khandwa,Mundi APMC,Wheat,2150.0
Tamil Nadu,Dharmapuri,Harur(Uzhavar Sandhai ) APMC,Groundnut,6500.0
Tamil Nadu,Dharmapuri,Harur(Uzhavar Sandhai ) APMC,Banana,4750.0
Tamil Nadu,Dharmapuri,Harur(Uzhavar Sandhai ) APMC,Mango,8900.0
Tamil Nadu,Dharmapuri,Harur(Uzhavar Sandhai ) APMC,Potato,2650.0
Tamil Nadu,Dharmapuri,Harur(Uzhavar Sandhai ) APMC,Brinjal,2200.0
Tamil Nadu,Dharmapuri,Harur(Uzhavar Sandhai ) APMC,Chikoos(Sapota),3750.0
Tamil Nadu,Dharmapuri,Harur(Uzhavar Sandhai ) APMC,Papaya,2250.0
Tamil Nadu,Dharmapuri,Harur(Uzhavar Sandhai ) APMC,Bitter gourd,3750.0
Tamil Nadu,Dharmapuri,Harur(Uzhavar Sandhai ) APMC,Amaranthus,2750.0
Tamil Nadu,Krishnagiri,Kaveripattinam(Uzhavar Sandhai ) APMC,Cluster beans,3000.0
Tamil Nadu,The Nilgiris,Coonoor(Uzhavar Sandhai ) APMC,Onion,2650.0
Tamil Nadu,The Nilgiris,Coonoor(Uzhavar Sandhai ) APMC,Cauliflower,3750.0
Tamil Nadu,The Nilgiris,Coonoor(Uzhavar Sandhai ) APMC,Brinjal,4000.0
Tamil Nadu,The Nilgiris,Coonoor(Uzhavar Sandhai ) APMC,Bitter gourd,4000.0
Tamil Nadu,The Nilgiris,Coonoor(Uzhavar Sandhai ) APMC,Bhindi(Ladies Finger),5250.0
Tamil Nadu,The Nilgiris,Coonoor(Uzhavar Sandhai ) APMC,Banana - Green,4750.0
Tamil Nadu,The Nilgiris,Coonoor(Uzhavar Sandhai ) APMC,Cucumbar(Kheera),4250.0
Tamil Nadu,The Nilgiris,Coonoor(Uzhavar Sandhai ) APMC,Onion Green,3200.0
Tamil Nadu,The Nilgiris,Gudalur(Uzhavar Sandhai ) APMC,Brinjal,3750.0
Tamil Nadu,The Nilgiris,Gudalur(Uzhavar Sandhai ) APMC,Bottle gourd,1750.0
Tamil Nadu,The Nilgiris,Gudalur(Uzhavar Sandhai ) APMC,Bhindi(Ladies Finger),5750.0
Tamil Nadu,The Nilgiris,Gudalur(Uzhavar Sandhai ) APMC,Cowpea(Veg),3750.0
Tamil Nadu,The Nilgiris,Gudalur(Uzhavar Sandhai ) APMC,Banana - Green,4250.0
Tamil Nadu,The Nilgiris,Gudalur(Uzhavar Sandhai ) APMC,Tapioca,3250.0
Tamil Nadu,The Nilgiris,Gudalur(Uzhavar Sandhai ) APMC,Thondekai,3750.0
Tamil Nadu,The Nilgiris,Gudalur(Uzhavar Sandhai ) APMC,Chow Chow,1750.0
Tamil Nadu,The Nilgiris,Gudalur(Uzhavar Sandhai ) APMC,Lemon,13500.0
Tamil Nadu,The Nilgiris,Gudalur(Uzhavar Sandhai ) APMC,Onion Green,3250.0
Tamil Nadu,Theni,Andipatti(Uzhavar Sandhai ) APMC,Bitter gourd,2900.0
Tamil Nadu,Theni,Andipatti(Uzhavar Sandhai ) APMC,Ashgourd,1200.0
Tamil Nadu,Theni,Andipatti(Uzhavar Sandhai ) APMC,Bhindi(Ladies Finger),3900.0
Tamil Nadu,Theni,Andipatti(Uzhavar Sandhai ) APMC,Cabbage,1900.0
Tamil Nadu,Theni,Andipatti(Uzhavar Sandhai ) APMC,Chow Chow,2700.0
Tamil Nadu,Theni,Andipatti(Uzhavar Sandhai ) APMC,Lemon,12500.0
Tamil Nadu,Virudhunagar,Srivilliputhur(Uzhavar Sandhai ) APMC,Coriander(Leaves),4500.0
Tamil Nadu,Virudhunagar,Srivilliputhur(Uzhavar Sandhai ) APMC,Chikoos(Sapota),3750.0
Tamil Nadu,Virudhunagar,Srivilliputhur(Uzhavar Sandhai ) APMC,Cluster beans,3750.0
Tamil Nadu,Virudhunagar,Srivilliputhur(Uzhavar Sandhai ) APMC,Banana - Green,2750.0
Tamil Nadu,Virudhunagar,Srivilliputhur(Uzhavar Sandhai ) APMC,Coconut,5000.0
Tamil Nadu,Virudhunagar,Srivilliputhur(Uzhavar Sandhai ) APMC,Beetroot,2750.0
Tamil Nadu,Virudhunagar,Srivilliputhur(Uzhavar Sandhai ) APMC,Raddish,2750.0
Tamil Nadu,Virudhunagar,Srivilliputhur(Uzhavar Sandhai ) APMC,Guava,4500.0
Tamil Nadu,Virudhunagar,Srivilliputhur(Uzhavar Sandhai ) APMC,Elephant Yam(Suran)/Amorphophallus,3750.0
Tamil Nadu,Virudhunagar,Srivilliputhur(Uzhavar Sandhai ) APMC,Onion Green,3750.0
Tamil Nadu,Virudhunagar,Srivilliputhur(Uzhavar Sandhai ) APMC,Mint(Pudina),3750.0
Kerala,Pathanamthitta,Seethathode  VFPCK APMC,Banana,2800.0
Kerala,Malappuram,Thiruvali  VFPCK APMC,Banana,2100.0
Uttar Pradesh,Shravasti,Bhinga APMC,Wheat,2430.0
Uttar Pradesh,Shravasti,Bhinga APMC,Wheat,2430.0
Haryana,Faridabad,Faridabad APMC,Mousambi(Sweet Lime),3000.0
Telangana,Hyderabad,Hyderabad (F&V) APMC,Onion,600.0
Telangana,Hyderabad,Hyderabad (F&V) APMC,Dry Chillies,16000.0
Telangana,Hyderabad,Hyderabad (F&V) APMC,Ginger(Green),4100.0
Telangana,Hyderabad,Hyderabad (F&V) APMC,Tamarind Fruit,9000.0
Haryana,Kaithal,Cheeka APMC,Water Melon,2350.0
Haryana,Kurukshetra,Pehowa APMC,Onion,1400.0
Haryana,Kurukshetra,Shahabad APMC,Kinnow,3000.0
Haryana,Kurukshetra,Shahabad APMC,Mango,10000.0
Haryana,Kurukshetra,Shahabad APMC,Carrot,2000.0
Haryana,Kurukshetra,Shahabad APMC,Cauliflower,1000.0
Haryana,Kurukshetra,Shahabad APMC,Banana,3200.0
Haryana,Kurukshetra,Shahabad APMC,Orange,5000.0
Haryana,Kurukshetra,Shahabad APMC,Lemon,8700.0
Haryana,Sirsa,Ellanabad APMC,Mustard,6260.0
Haryana,Sirsa,Ellanabad APMC,Cotton,7050.0
Haryana,Sirsa,kalanwali APMC,Banana,2200.0
Haryana,Kurukshetra,Thanesar APMC,Lemon,13000.0
Haryana,Kurukshetra,Thanesar APMC,Mashrooms,11000.0
Haryana,Kurukshetra,Thanesar APMC,Water Melon,1500.0
Haryana,Kurukshetra,Thanesar APMC,Peas Wet,4000.0
Haryana,Kurukshetra,Thanesar APMC,Cucumbar(Kheera),1800.0
Odisha,Bargarh,Attabira APMC,Tomato,800.0
West Bengal,Malda,Samsi APMC,Potato,450.0
Uttar Pradesh,Agra,Agra APMC,Potato,525.22
Himachal Pradesh,Chamba,PMY Chamba,Carrot,2750.0
Himachal Pradesh,Chamba,PMY Chamba,Brinjal,2750.0
Himachal Pradesh,Chamba,PMY Chamba,French Beans(Frasbean),5750.0
Himachal Pradesh,Chamba,PMY Chamba,Lemon,14500.0
Himachal Pradesh,Chamba,PMY Chamba,Capsicum,4750.0
Himachal Pradesh,Kullu,SMY Bhuntar,Capsicum,3100.0
Himachal Pradesh,Kullu,SMY Bhuntar,Brinjal,3100.0
Himachal Pradesh,Kullu,SMY Bhuntar,Bhindi(Ladies Finger),5300.0
Himachal Pradesh,Kullu,SMY Bhuntar,Bitter gourd,6500.0
Himachal Pradesh,Kullu,SMY Bhuntar,Orange,12500.0
Himachal Pradesh,Kangra,SMY Palampur,Banana,4800.0
Himachal Pradesh,Kangra,SMY Palampur,Onion,2200.0
Himachal Pradesh,Kangra,SMY Palampur,Apple,14500.0
Himachal Pradesh,Kangra,SMY Palampur,Raddish,1900.0
Himachal Pradesh,Kangra,SMY Palampur,Pumpkin,2200.0
Himachal Pradesh,Kangra,SMY Palampur,Bottle gourd,1800.0
Kerala,Kozhikode(Calicut),Palayam APMC,Bitter gourd,3800.0
Kerala,Kozhikode(Calicut),Palayam APMC,Cowpea(Veg),2500.0
Kerala,Kozhikode(Calicut),Palayam APMC,Banana - Green,1800.0
Rajasthan,Jalore,Jalore APMC,Brinjal,800.0
Rajasthan,Jalore,Jalore APMC,Bitter gourd,2600.0
Rajasthan,Jalore,Jalore APMC,Cabbage,900.0
Rajasthan,Jalore,Jalore APMC,Capsicum,2800.0
Rajasthan,Jalore,Jalore APMC,Tinda,1300.0
Rajasthan,Jalore,Jalore APMC,Tomato,900.0
Gujarat,Amreli,Amreli APMC,Castor Seed,6275.0
Gujarat,Amreli,Amreli APMC,Ground Nut Seed,8450.0
Gujarat,Amreli,Amreli APMC,Arhar(Tur/Red Gram)(Whole),7075.0
Gujarat,Amreli,Amreli APMC,"Sesamum(Sesame,Gingelly,Til)",10450.0
Gujarat,Amreli,Amreli APMC,Chili Red,20500.0
Gujarat,Amreli,Amreli APMC,Mustard,6500.0
Gujarat,Amreli,Amreli APMC,Soyabean,5100.0
Gujarat,Amreli,Amreli APMC,Black Gram(Urd Beans)(Whole),6400.0
Odisha,Mayurbhanja,Baripada APMC,Bitter gourd,3800.0
Odisha,Mayurbhanja,Baripada APMC,Bhindi(Ladies Finger),5500.0
Rajasthan,Pali,Pali APMC,Tomato,1000.0
Gujarat,Sabarkantha,Idar APMC,Castor Seed,6415.0
Gujarat,Sabarkantha,Idar APMC,Wheat,3143.0
Uttar Pradesh,Auraiya,Auraiya APMC,Wood,480.0
Uttar Pradesh,Auraiya,Auraiya APMC,Mustard,6500.0
Uttarakhand,Dehradoon,Rishikesh APMC,Onion,1600.0
Uttarakhand,Dehradoon,Rishikesh APMC,Raddish,650.0
Uttarakhand,Dehradoon,Rishikesh APMC,Pumpkin,1450.0
Uttarakhand,Dehradoon,Rishikesh APMC,Field Pea,1200.0
Uttarakhand,Dehradoon,Rishikesh APMC,Banana,1500.0
Uttarakhand,Dehradoon,Rishikesh APMC,Orange,4000.0
Uttarakhand,Dehradoon,Rishikesh APMC,Grapes,4500.0
Haryana,Sonipat,Gohana APMC,Raddish,1000.0
Haryana,Sonipat,Gohana APMC,Carrot,1000.0
Haryana,Sonipat,Gohana APMC,Apple,7000.0
Haryana,Sonipat,Gohana APMC,Guava,4000.0
Haryana,Faridabad,Ballabhgarh APMC,Cucumbar(Kheera),800.0
Haryana,Faridabad,Ballabhgarh APMC,Karbuja(Musk Melon),2000.0
Haryana,Faridabad,Ballabhgarh APMC,Raddish,1000.0
Haryana,Gurgaon,Sohna APMC,Potato,1000.0
Haryana,Gurgaon,Sohna APMC,Tomato,1200.0
Haryana,Hissar,Hansi APMC,Carrot,1500.0
Haryana,Hissar,Hansi APMC,Lemon,8000.0
Haryana,Hissar,Hansi APMC,Pumpkin,750.0
Haryana,Hissar,Hansi APMC,Raddish,900.0
Haryana,Hissar,Hansi APMC,Tomato,1000.0
Telangana,Ranga Reddy,"Kukatpally,RBZ APMC",Sweet Potato,2000.0
Telangana,Ranga Reddy,"Kukatpally,RBZ APMC",Tomato,800.0
Punjab,Fatehgarh,Khamano APMC,Garlic,7000.0
Punjab,Amritsar,Rayya APMC,Peas Wet,1715.0
Punjab,Amritsar,Rayya APMC,Carrot,1210.0
Uttarakhand,Haridwar,Lakshar APMC,Wheat,2600.0
Gujarat,Amreli,Bagasara APMC,Arhar(Tur/Red Gram)(Whole),5380.0
Gujarat,Amreli,Bagasara APMC,Bengal Gram(Gram)(Whole),4950.0
Gujarat,Amreli,Savarkundla APMC,Castor Seed,6100.0
Gujarat,Amreli,Savarkundla APMC,Corriander seed,11250.0
Kerala,Kasargod,Kanjangadu APMC,Arecanut(Betelnut/Supari),43000.0
Kerala,Kannur,Kuthuparambu APMC,Banana,7500.0
Kerala,Kannur,Kuthuparambu APMC,Black pepper,63000.0
Kerala,Kannur,Kuthuparambu APMC,Coconut Oil,28000.0
Kerala,Kannur,Kuthuparambu APMC,Green Chilli,8000.0
Kerala,Kannur,Kuthuparambu APMC,Banana,6500.0
Uttar Pradesh,Fatehpur,Khaga APMC,Wood,500.0
Gujarat,Gir Somnath,Veraval APMC,Soyabean,5250.0
Gujarat,Gir Somnath,Veraval APMC,Wheat,2175.0
Gujarat,Gir Somnath,Veraval APMC,Millets,2500.0
Gujarat,Gir Somnath,Veraval APMC,Bengal Gram(Gram)(Whole),5225.0
Gujarat,Gir Somnath,Veraval APMC,Groundnut,6275.0
Haryana,Mewat,FerozpurZirkha(Nagina) APMC,Cauliflower,1400.0
Haryana,Mewat,FerozpurZirkha(Nagina) APMC,Brinjal,1000.0
Kerala,Pathanamthitta,Ezhamkulam APMC,Rubber,17500.0
Kerala,Kollam,Chathanoor APMC,Little gourd(Kundru),9000.0
Kerala,Pathanamthitta,Ranniangadi APMC,Amaranthus,3400.0
Kerala,Idukki,Nedumkandam APMC,Amla(Nelli Kai),5000.0
Kerala,Idukki,Nedumkandam APMC,Banana - Green,3400.0
Kerala,Ernakulam,Perumbavoor APMC,Indian Beans(Seam),5500.0
Kerala,Ernakulam,Perumbavoor APMC,Banana,2500.0
Kerala,Ernakulam,Perumbavoor APMC,Tomato,3000.0
Kerala,Ernakulam,Perumbavoor APMC,Snakeguard,3000.0
Kerala,Ernakulam,Perumbavoor APMC,Brinjal,3500.0
Kerala,Ernakulam,Perumbavoor APMC,Beetroot,3500.0
Kerala,Ernakulam,Perumbavoor APMC,Cowpea(Veg),3000.0
Kerala,Ernakulam,Perumbavoor APMC,Cucumbar(Kheera),2500.0
Kerala,Ernakulam,Perumbavoor APMC,Elephant Yam(Suran)/Amorphophallus,3500.0
Kerala,Malappuram,Parappanangadi APMC,Amaranthus,2500.0
Kerala,Malappuram,Parappanangadi APMC,Coriander(Leaves),5300.0
Kerala,Malappuram,Parappanangadi APMC,Garlic,12600.0
Kerala,Malappuram,Parappanangadi APMC,Elephant Yam(Suran)/Amorphophallus,2900.0
Kerala,Malappuram,Parappanangadi APMC,Tapioca,2400.0
Kerala,Malappuram,Parappanangadi APMC,Sweet Potato,1800.0
Kerala,Malappuram,Parappanangadi APMC,Snakeguard,3400.0
Kerala,Malappuram,Thirurrangadi APMC,Bottle gourd,2600.0
Kerala,Malappuram,Thirurrangadi APMC,Amaranthus,4300.0
Kerala,Malappuram,Thirurrangadi APMC,Cabbage,2200.0
Kerala,Malappuram,Thirurrangadi APMC,Ginger(Green),9000.0
Kerala,Malappuram,Thirurrangadi APMC,Pumpkin,1600.0
Kerala,Malappuram,Thirurrangadi APMC,Tomato,2100.0
Kerala,Kozhikode(Calicut),Mukkom APMC,Cucumbar(Kheera),2100.0
Kerala,Kozhikode(Calicut),Mukkom APMC,Beetroot,3000.0
Kerala,Kozhikode(Calicut),Mukkom APMC,Carrot,5600.0
Uttarakhand,Haridwar,Bhagwanpur(Naveen Mandi Sthal) APMC,Carrot,700.0
Uttarakhand,Haridwar,Bhagwanpur(Naveen Mandi Sthal) APMC,Cauliflower,556.0
Uttarakhand,Haridwar,Bhagwanpur(Naveen Mandi Sthal) APMC,Potato,450.0
Kerala,Idukki,Kamakshi VFPCK APMC,Banana,2800.0
Punjab,Hoshiarpur,GarhShankar (Kotfatuhi) APMC,Tomato,2400.0
Punjab,Hoshiarpur,GarhShankar (Kotfatuhi) APMC,Banana,3300.0
Punjab,Hoshiarpur,GarhShankar (Kotfatuhi) APMC,Field Pea,4500.0
Himachal Pradesh,Una,SMY Takarla,Pumpkin,1600.0
Rajasthan,Kota,Khatauli APMC,Wheat,2270.0
Rajasthan,Kota,Khatauli APMC,Mustard,7095.0
Uttar Pradesh,Auraiya,Achalda APMC,Wheat,2300.0
Gujarat,Surat,KUKARMUNDA APMC,Castor Seed,6000.0
Uttarakhand,Haridwar,Roorkee APMC,Bitter gourd,750.0
Uttarakhand,Haridwar,Roorkee APMC,Brinjal,650.0
Uttar Pradesh,Agra,Achnera APMC,Wheat,2300.0
Madhya Pradesh,Indore,Indore(F&V) APMC,Papaya,1400.0
Madhya Pradesh,Indore,Indore(F&V) APMC,Orange,5000.0
Madhya Pradesh,Indore,Indore(F&V) APMC,Pumpkin,800.0
Madhya Pradesh,Indore,Indore(F&V) APMC,Bitter gourd,2000.0
Uttar Pradesh,Mahoba,Panwari APMC,Firewood,500.0
Uttar Pradesh,Balrampur,Utraula APMC,Wheat,2414.47
Uttar Pradesh,Etah,Aliganj APMC,Paddy(Common),2450.0
Madhya Pradesh,Badwani,Sendhwa APMC,Wheat,2250.0
Uttar Pradesh,Sitapur,Sidhauli APMC,Potato,500.0
Uttar Pradesh,Sitapur,Sidhauli APMC,Wheat,2406.15
Madhya Pradesh,Shivpuri,Karera(F&V) APMC,Potato,800.0
Madhya Pradesh,Shivpuri,Karera(F&V) APMC,Tomato,1000.0
Madhya Pradesh,Morena,Sabalgarh(F&V) APMC,Potato,450.0
Rajasthan,Ganganagar,Sriganganagar (F&V) APMC,Peas Wet,5500.0
Rajasthan,Ganganagar,Sriganganagar (F&V) APMC,Tinda,3000.0
Rajasthan,Ganganagar,Sriganganagar (F&V) APMC,Apple,15000.0
Rajasthan,Ganganagar,Sriganganagar (F&V) APMC,Coriander(Leaves),1800.0
Assam,Kamrup,Fancy Bazaar APMC,Green Peas,4800.0
Uttar Pradesh,Etah,Awagarh APMC,Tomato,1200.0
Uttar Pradesh,Ayodhya,Ayodhya APMC,Wood,420.38
Uttar Pradesh,Azamgarh,Azamgarh APMC,Rice,2467.3
Gujarat,Sabarkantha,Himatnagar APMC,Maize,1900.0
Gujarat,Sabarkantha,Himatnagar APMC,Wheat,2600.0
Gujarat,Surat,Vyra APMC,Arhar(Tur/Red Gram)(Whole),8000.0
Gujarat,Banaskanth,Palanpur APMC,Black Gram(Urd Beans)(Whole),4930.0
Gujarat,Gandhinagar,Mansa APMC,Mustard,6525.0
West Bengal,Nadia,Karimpur APMC,Brinjal,4500.0
West Bengal,Bankura,Bishnupur(Bankura) APMC,Rice,4600.0
West Bengal,Bankura,Bishnupur(Bankura) APMC,Onion,1900.0
West Bengal,Bankura,Bishnupur(Bankura) APMC,Potato,380.0
West Bengal,Bankura,Bishnupur(Bankura) APMC,Wheat,3100.0
Gujarat,Mehsana,Kadi APMC,Castor Seed,6450.0
Tamil Nadu,Dharmapuri,Karimangalam(Uzhavar Sandhai),Onion,2500.0
Tamil Nadu,Dharmapuri,Karimangalam(Uzhavar Sandhai),Potato,2700.0
Tamil Nadu,Dharmapuri,Karimangalam(Uzhavar Sandhai),Cauliflower,2900.0
Tamil Nadu,Dharmapuri,Karimangalam(Uzhavar Sandhai),Coriander(Leaves),5750.0
Tamil Nadu,Dharmapuri,Karimangalam(Uzhavar Sandhai),Green Peas,9500.0
Tamil Nadu,Dharmapuri,Karimangalam(Uzhavar Sandhai),Banana - Green,2900.0
Tamil Nadu,Dharmapuri,Karimangalam(Uzhavar Sandhai),Beans,7750.0
Tamil Nadu,Dharmapuri,Karimangalam(Uzhavar Sandhai),Cucumbar(Kheera),3900.0
Tamil Nadu,Dharmapuri,Karimangalam(Uzhavar Sandhai),Thondekai,7750.0
Tamil Nadu,Dharmapuri,Karimangalam(Uzhavar Sandhai),Knool Khol,3400.0
Tamil Nadu,Dharmapuri,Karimangalam(Uzhavar Sandhai),Indian Beans(Seam),4750.0
Tamil Nadu,Salem,Mecheri(Uzhavar Sandhai),Banana,3750.0
Tamil Nadu,Salem,Mecheri(Uzhavar Sandhai),Brinjal,2650.0
Tamil Nadu,Salem,Mecheri(Uzhavar Sandhai),Bhindi(Ladies Finger),4750.0
Tamil Nadu,Salem,Mecheri(Uzhavar Sandhai),Carrot,4750.0
Tamil Nadu,Salem,Mecheri(Uzhavar Sandhai),Raddish,1800.0
Tamil Nadu,Salem,Mecheri(Uzhavar Sandhai),Drumstick,3500.0
Tamil Nadu,Salem,Mecheri(Uzhavar Sandhai),Lemon,5500.0
Tamil Nadu,Salem,Mecheri(Uzhavar Sandhai),Mint(Pudina),2650.0
Tamil Nadu,Vellore,Pallikonda(Uzhavar Sandhai),Onion,2100.0
Tamil Nadu,Vellore,Pallikonda(Uzhavar Sandhai),Brinjal,2750.0
Tamil Nadu,Vellore,Pallikonda(Uzhavar Sandhai),Cluster beans,3250.0
Tamil Nadu,Vellore,Pallikonda(Uzhavar Sandhai),Pumpkin,1500.0
Tamil Nadu,Vellore,Pallikonda(Uzhavar Sandhai),Coconut,3000.0
Tamil Nadu,Vellore,Pallikonda(Uzhavar Sandhai),Cabbage,2000.0
Tamil Nadu,Vellore,Pallikonda(Uzhavar Sandhai),Drumstick,3500.0
Tamil Nadu,Vellore,Pallikonda(Uzhavar Sandhai),Lemon,9000.0
Tamil Nadu,Vellore,Perampet(Uzhavar Sandhai),Banana,5000.0
Tamil Nadu,Vellore,Perampet(Uzhavar Sandhai),Chikoos(Sapota),3500.0
Tamil Nadu,Vellore,Perampet(Uzhavar Sandhai),Papaya,3500.0
Tamil Nadu,Vellore,Perampet(Uzhavar Sandhai),Ginger(Green),8500.0
Tamil Nadu,Vellore,Perampet(Uzhavar Sandhai),Cucumbar(Kheera),3000.0
Tamil Nadu,Vellore,Perampet(Uzhavar Sandhai),Raddish,2000.0
Tamil Nadu,Vellore,Perampet(Uzhavar Sandhai),Lime,3000.0
Tamil Nadu,Thanjavur,Peravurani(Uzhavar Sandhai),Tomato,2500.0
Tamil Nadu,Thanjavur,Peravurani(Uzhavar Sandhai),Coconut,6000.0
Tamil Nadu,Thanjavur,Peravurani(Uzhavar Sandhai),Snakeguard,4000.0
Tamil Nadu,Thanjavur,Peravurani(Uzhavar Sandhai),Ridgeguard(Tori),5000.0
Tamil Nadu,Thanjavur,Peravurani(Uzhavar Sandhai),Raddish,3000.0
Tamil Nadu,Thanjavur,Peravurani(Uzhavar Sandhai),Lemon,6000.0
Tamil Nadu,Pudukkottai,Ponnamaravathi(Uzhavar Sandhai),Onion,3750.0
Tamil Nadu,Pudukkottai,Ponnamaravathi(Uzhavar Sandhai),Banana - Green,2750.0
Tamil Nadu,Pudukkottai,Ponnamaravathi(Uzhavar Sandhai),Green Avare(W),4750.0
Tamil Nadu,Pudukkottai,Ponnamaravathi(Uzhavar Sandhai),Onion Green,3750.0
Tamil Nadu,Salem,Vazhapadi(Uzhavar Sandhai),Groundnut,6250.0
Tamil Nadu,Salem,Vazhapadi(Uzhavar Sandhai),Brinjal,1950.0
Tamil Nadu,Salem,Vazhapadi(Uzhavar Sandhai),Chikoos(Sapota),2750.0
Tamil Nadu,Salem,Vazhapadi(Uzhavar Sandhai),Papaya,2750.0
Tamil Nadu,Salem,Vazhapadi(Uzhavar Sandhai),Tomato,1250.0
Tamil Nadu,Salem,Vazhapadi(Uzhavar Sandhai),Ginger(Green),7750.0
Tamil Nadu,Salem,Vazhapadi(Uzhavar Sandhai),Sweet Potato,3400.0
Tamil Nadu,Salem,Vazhapadi(Uzhavar Sandhai),Green Avare(W),6800.0
Tamil Nadu,Karur,Gandhigramam(Uzhavar Sandhai),Chikoos(Sapota),3750.0
Tamil Nadu,Karur,Gandhigramam(Uzhavar Sandhai),Bitter gourd,3750.0
Tamil Nadu,Karur,Gandhigramam(Uzhavar Sandhai),Beans,7750.0
Tamil Nadu,Karur,Gandhigramam(Uzhavar Sandhai),Carrot,4750.0
Tamil Nadu,Karur,Gandhigramam(Uzhavar Sandhai),Cabbage,2750.0
Tamil Nadu,Karur,Gandhigramam(Uzhavar Sandhai),Guava,5750.0
Tamil Nadu,Karur,Gandhigramam(Uzhavar Sandhai),Sweet Corn ,3750.0
Rajasthan,Baran,Kawai Salpura - Atru APMC,Bengal Gram(Gram)(Whole),5233.0
Rajasthan,Baran,Kawai Salpura - Atru APMC,Black Gram(Urd Beans)(Whole),5480.0
Punjab,Ropar (Rupnagar),Morinda APMC,Ginger(Green),7250.0
Punjab,Ropar (Rupnagar),Morinda APMC,Coriander(Leaves),1500.0
Punjab,Ropar (Rupnagar),Morinda APMC,Cauliflower,1500.0
Punjab,Ropar (Rupnagar),Morinda APMC,French Beans(Frasbean),6000.0
Punjab,Ropar (Rupnagar),Morinda APMC,Tender Coconut,2750.0
Punjab,Ropar (Rupnagar),Morinda APMC,Garlic,8500.0
Punjab,Ropar (Rupnagar),Morinda APMC,Long Melon(Kakri),2000.0
Punjab,Ropar (Rupnagar),Morinda APMC,Peas Wet,3000.0
Punjab,Ropar (Rupnagar),Morinda APMC,Pumpkin,1200.0
Madhya Pradesh,Ratlam,Jawra(F&V) APMC,Bhindi(Ladies Finger),1700.0
Madhya Pradesh,Ratlam,Jawra(F&V) APMC,Cabbage,1400.0
Gujarat,Patan,Siddhpur APMC,Barley(Jau),2250.0
Gujarat,Patan,Siddhpur APMC,Rajgir,8255.0
Gujarat,Patan,Siddhpur APMC,Bajra(Pearl Millet/Cumbu),2002.0
West Bengal,Coochbehar,Dinhata APMC,Potato,800.0
West Bengal,Medinipur(W),Ghatal APMC,Paddy(Common),2385.0
West Bengal,Medinipur(W),Ghatal APMC,Sweet Pumpkin,2100.0
West Bengal,Medinipur(W),Ghatal APMC,Tomato,1300.0
West Bengal,Medinipur(W),Ghatal APMC,Carrot,1500.0
West Bengal,Medinipur(W),Ghatal APMC,Green Chilli,8200.0
West Bengal,Bankura,Indus(Bankura Sadar) APMC,Sweet Pumpkin,1700.0
West Bengal,Medinipur(E),Kolaghat APMC,Marigold(loose),2000.0
Uttar Pradesh,Balrampur,Balrampur APMC,Paddy(Common),1800.0
Uttar Pradesh,Balrampur,Balrampur APMC,Rice,2200.0
Uttar Pradesh,Banda,Banda APMC,Mustard,6317.83
Uttar Pradesh,Unnao,Bangarmau APMC,Wood,506.42
Uttar Pradesh,Unnao,Bangarmau APMC,Wood,588.71
Uttar Pradesh,Barabanki,Barabanki APMC,Tomato,605.0
Uttar Pradesh,Barabanki,Barabanki APMC,Firewood,440.0
Uttar Pradesh,Barabanki,Barabanki APMC,Mentha Oil,107232.47
Uttar Pradesh,Bareilly,Bareilly APMC,Pegeon Pea(Arhar Fali),10600.0
Uttar Pradesh,Bareilly,Bareilly APMC,Wood,543.69
Uttar Pradesh,Bareilly,Bareilly APMC,Wood,600.0
Uttar Pradesh,Basti,Basti APMC,Paddy(Common),2100.0
Uttar Pradesh,Etawah,Bharthna APMC,Wheat,2393.37
Uttar Pradesh,Etawah,Bharthna APMC,Wood,560.0
Uttar Pradesh,Etawah,Bharthna APMC,Wheat,2350.0
Uttar Pradesh,Etawah,Bharthna APMC,Bajra(Pearl Millet/Cumbu),1851.55
Uttar Pradesh,Hamirpur,Bharuasumerpur APMC,Wood,500.0
Uttar Pradesh,Badaun,Bilsi APMC,Green Chilli,3500.0
Uttar Pradesh,Fatehpur,Bindki APMC,Rice,2510.0
Uttar Pradesh,Sitapur,Viswan APMC,Masur Dal,6564.86
Uttar Pradesh,Sitapur,Viswan APMC,Paddy(Common),1750.0
Uttar Pradesh,Bulandshahar,Buland Shahr APMC,Maize,2200.0
Uttar Pradesh,Chandauli,Chandoli APMC,Rice,3200.0
Uttar Pradesh,Sambhal,Chandausi APMC,Onion,1027.42
Uttar Pradesh,Sambhal,Chandausi APMC,Rice,4000.0
Uttar Pradesh,Aligarh,Charra APMC,Wheat,2490.0
Uttar Pradesh,Aligarh,Charra APMC,Maize,1850.0
Uttar Pradesh,Aligarh,Charra APMC,Potato,850.0
Uttar Pradesh,Aligarh,Charra APMC,Pumpkin,1350.0
Uttar Pradesh,Kannuj,Chhibramau APMC,Potato,451.97
Uttar Pradesh,Saharanpur,Chutmalpur APMC,Pumpkin,800.0
Uttar Pradesh,Saharanpur,Chutmalpur APMC,Raddish,1000.0
Uttar Pradesh,Saharanpur,Chutmalpur APMC,Tomato,1650.0
Uttar Pradesh,Saharanpur,Chutmalpur APMC,Ridgeguard(Tori),2400.0
Uttar Pradesh,Saharanpur,Chutmalpur APMC,Green Chilli,3275.0
Uttar Pradesh,Deoria,Devariya APMC,Wheat,2570.0
Uttar Pradesh,Bulandshahar,Divai APMC,Potato,500.0
Uttar Pradesh,Gonda,Colonelganj APMC,Wood,405.61
Maharashtra,Ahmednagar,Shevgaon(Bodhegaon) APMC,Wheat,2100.0
Maharashtra,Akola,Akola APMC,Bengal Gram(Gram)(Whole),5355.0
Maharashtra,Akola,Akola APMC,Green Gram(Moong)(Whole),4500.0
Maharashtra,Amarawati,Varud(Rajura Bazar) APMC,Green Chilli,3000.0
Maharashtra,Beed,Beed APMC,Arhar(Tur/Red Gram)(Whole),7321.0
Maharashtra,Jalgaon,Bhusaval APMC,Water Melon,1500.0
Maharashtra,Jalgaon,Bhusaval APMC,Papaya,2000.0
Maharashtra,Jalgaon,Bhusaval APMC,Mango(Raw-Ripe),2500.0
Maharashtra,Jalgaon,Bhusaval APMC,Bitter gourd,2200.0
Maharashtra,Jalgaon,Bhusaval APMC,Methi(Leaves),1500.0
Maharashtra,Jalgaon,Bhusaval APMC,Ridgeguard(Tori),2500.0
Maharashtra,Mumbai,Mumbai- Fruit Market APMC,Pomegranate,15000.0
Maharashtra,Mumbai,Mumbai- Fruit Market APMC,Grapes,9500.0
Maharashtra,Mumbai,Mumbai APMC,Green Gram Dal(Moong Dal),10800.0
Maharashtra,Mumbai,Mumbai APMC,Ginger(Green),4500.0
Maharashtra,Mumbai,Mumbai APMC,Carrot,1600.0
Maharashtra,Mumbai,Mumbai APMC,Beans,3300.0
Maharashtra,Mumbai,Mumbai APMC,Onion Green,600.0
Maharashtra,Mumbai,Mumbai APMC,Pumpkin,1300.0
Maharashtra,Mumbai,Mumbai APMC,Snakeguard,2400.0
Maharashtra,Mumbai,Mumbai APMC,Tomato,1250.0
Maharashtra,Mumbai,Mumbai APMC,Ghee,67500.0
Maharashtra,Mumbai,Mumbai APMC,Turmeric,20250.0
Maharashtra,Mumbai,Mumbai APMC,Cummin Seed(Jeera),27000.0
Maharashtra,Mumbai,Mumbai APMC,Cardamoms,260000.0
Maharashtra,Mumbai,Mumbai APMC,Sabu Dan,5150.0
Maharashtra,Mumbai,Mumbai APMC,Wheat,3950.0
Maharashtra,Mumbai,Mumbai APMC,Bengal Gram(Gram)(Whole),7200.0
Maharashtra,Mumbai,Mumbai APMC,Bajra(Pearl Millet/Cumbu),4000.0
Maharashtra,Mumbai,Mumbai APMC,Maize,3250.0
Uttar Pradesh,Farukhabad,Farukhabad APMC,Mustard,6200.0
Uttar Pradesh,Farukhabad,Farukhabad APMC,Wheat,2505.42
Maharashtra,Nagpur,Katol APMC,Cotton,7900.0
Maharashtra,Nagpur,Katol APMC,Arhar(Tur/Red Gram)(Whole),6850.0
Maharashtra,Nashik,Lasalgaon APMC,Onion,1180.0
Maharashtra,Pune,Junnar(Otur) APMC,Cauliflower,800.0
Maharashtra,Pune,Junnar(Otur) APMC,Beans,3200.0
Maharashtra,Pune,Junnar(Otur) APMC,Cucumbar(Kheera),850.0
Maharashtra,Pune,Junnar(Otur) APMC,Drumstick,3250.0
Maharashtra,Pune,Junnar(Otur) APMC,Little gourd(Kundru),3050.0
Maharashtra,Pune,Khed(Chakan) APMC,Potato,1200.0
Maharashtra,Pune,Khed(Chakan) APMC,Carrot,1200.0
Maharashtra,Pune,Khed(Chakan) APMC,Bitter gourd,2000.0
Maharashtra,Pune,Khed(Chakan) APMC,Cabbage,500.0
Maharashtra,Pune,Khed(Chakan) APMC,Spinach,900.0
Maharashtra,Pune,Khed(Chakan) APMC,Drumstick,2500.0
Maharashtra,Pune,Khed(Chakan) APMC,Peas Wet,4500.0
Maharashtra,Pune,Pune APMC,Plum,6000.0
Maharashtra,Pune,Pune APMC,Orange,7000.0
Maharashtra,Pune,Pune APMC,Cauliflower,1050.0
Maharashtra,Pune,Pune APMC,Carrot,1500.0
Maharashtra,Pune,Pune APMC,Beans,4250.0
Maharashtra,Pune,Pune APMC,Cucumbar(Kheera),1150.0
Maharashtra,Pune,Pune APMC,Pumpkin,1750.0
Maharashtra,Pune,Pune APMC,Garlic,12000.0
Maharashtra,Pune,Pune APMC,Snakeguard,2250.0
Maharashtra,Pune,Pune APMC,Pointed gourd(Parval),4000.0
Maharashtra,Pune,Pune APMC,Drumstick,2000.0
Maharashtra,Pune,Pune APMC,Brinjal,2000.0
Maharashtra,Pune,Pune APMC,Corriander seed,11250.0
Maharashtra,Pune,Pune APMC,Green Chilli,4500.0
Maharashtra,Pune,Pune APMC,Rice,5500.0
Maharashtra,Pune,Pune APMC,Bengal Gram(Gram)(Whole),6400.0
Maharashtra,Pune,Pune APMC,Lentil(Masur)(Whole),7150.0
Maharashtra,Pune,Pune APMC,Gur(Jaggery),4263.0
Maharashtra,Pune,Pune APMC,Chikoos(Sapota),3000.0
Maharashtra,Pune,Pune APMC,Water Melon,1500.0
Maharashtra,Pune,Pune APMC,Banana,700.0
Maharashtra,Pune,Pune(Manjri) APMC,Grapes,4000.0
Maharashtra,Pune,Pune(Manjri) APMC,Papaya,1200.0
Maharashtra,Pune,Pune(Manjri) APMC,Bottle gourd,1500.0
Maharashtra,Pune,Pune(Manjri) APMC,Beans,4000.0
Maharashtra,Pune,Pune(Manjri) APMC,Chilly Capsicum,3000.0
Maharashtra,Pune,Pune(Manjri) APMC,Drumstick,3000.0
Maharashtra,Pune,Pune(Moshi) APMC,Papaya,2000.0
Maharashtra,Pune,Pune(Moshi) APMC,Orange,8500.0
Maharashtra,Pune,Pune(Moshi) APMC,Amla(Nelli Kai),5000.0
Maharashtra,Pune,Pune(Moshi) APMC,Ginger(Green),2750.0
Maharashtra,Pune,Pune(Moshi) APMC,Mango(Raw-Ripe),3000.0
Maharashtra,Pune,Pune(Moshi) APMC,Cucumbar(Kheera),900.0
Maharashtra,Pune,Pune(Moshi) APMC,Onion Green,10.0
Maharashtra,Pune,Pune(Moshi) APMC,Garlic,7000.0
Maharashtra,Pune,Pune(Moshi) APMC,Methi(Leaves),8.0
Maharashtra,Pune,Pune(Moshi) APMC,Drumstick,3000.0
Maharashtra,Pune,Pune(Moshi) APMC,Ridgeguard(Tori),3500.0
Maharashtra,Pune,Pune(Pimpri) APMC,Bhindi(Ladies Finger),3450.0
Maharashtra,Pune,Pune(Pimpri) APMC,Mango(Raw-Ripe),2200.0
Maharashtra,Pune,Pune(Pimpri) APMC,Tomato,1300.0
Maharashtra,Raigad,Panvel APMC,Bhindi(Ladies Finger),3500.0
Maharashtra,Raigad,Panvel APMC,Bitter gourd,3500.0
Maharashtra,Satara,Patan APMC,Tomato,1750.0
Maharashtra,Satara,Vai APMC,Brinjal,2300.0
Maharashtra,Sholapur,Akluj APMC,Water Melon,800.0
Maharashtra,Sholapur,Akluj APMC,Ginger(Green),4800.0
Maharashtra,Sholapur,Akluj APMC,Cabbage,700.0
Maharashtra,Sholapur,Akluj APMC,Brinjal,2000.0
Maharashtra,Sholapur,Mangal Wedha APMC,Bhindi(Ladies Finger),2200.0
Maharashtra,Sholapur,Mangal Wedha APMC,Brinjal,1200.0
Maharashtra,Sholapur,Sangola APMC,Pomegranate,11000.0
Maharashtra,Sholapur,Solapur APMC,Cucumbar(Kheera),1200.0
Maharashtra,Sholapur,Solapur APMC,Onion,600.0
Maharashtra,Sholapur,Solapur APMC,Ridgeguard(Tori),2000.0
Maharashtra,Sholapur,Solapur APMC,Brinjal,1000.0
Maharashtra,Sholapur,Solapur APMC,Jowar(Sorghum),4000.0
Maharashtra,Sholapur,Solapur APMC,Rice,3615.0
Maharashtra,Sholapur,Solapur APMC,Pomegranate,7500.0
Uttar Pradesh,Fatehpur,Fatehpur APMC,Paddy(Common),2200.0
Uttar Pradesh,Fatehpur,Fatehpur APMC,Paddy(Common),2001.8
Uttar Pradesh,Lakhimpur,Golagokarnath APMC,Wheat,2283.39
Uttar Pradesh,Ghaziabad,Hapur APMC,Wood,743.33
Uttar Pradesh,Ghaziabad,Hapur APMC,Mustard,6180.83
Uttar Pradesh,Ghaziabad,Hapur APMC,Potato,985.4
Uttar Pradesh,Ghaziabad,Hapur APMC,Gur(Jaggery),4027.26
Uttar Pradesh,Sitapur,Hargaon (Laharpur) APMC,Firewood,358.19
Uttar Pradesh,Hathras,Haathras APMC,Paddy(Common),3357.08
Uttar Pradesh,Amethi,Jafarganj APMC,Paddy(Common),1908.58
Uttar Pradesh,Bulandshahar,Jahangirabad APMC,Potato,400.0
Uttar Pradesh,Raebarelli,Jayas APMC,Rice,2200.0
Uttar Pradesh,Jalaun (Orai),Jalaun APMC,Cauliflower,1400.0
Uttar Pradesh,Jalaun (Orai),Jalaun APMC,Pumpkin,800.0
Uttar Pradesh,Jalaun (Orai),Jalaun APMC,Paddy(Common),2750.0
Uttar Pradesh,Jalaun (Orai),Jalaun APMC,Firewood,500.0
Uttar Pradesh,Jhansi,Jhansi APMC,Onion,1123.81
Uttar Pradesh,Jhansi,Jhansi APMC,Wheat,2301.86
Uttar Pradesh,Kanpur Dehat,Jhijhank APMC,Wheat,2280.0
Uttar Pradesh,Farukhabad,Kayamganj APMC,Wheat,2500.0
Uttar Pradesh,Farukhabad,Kayamganj APMC,Tomato,1100.0
Uttar Pradesh,Farukhabad,Kayamganj APMC,Paddy(Common),2500.0
Uttar Pradesh,Farukhabad,Kayamganj APMC,Onion,1300.0
Uttar Pradesh,Farukhabad,Kayamganj APMC,Tobacco,1667.01
Uttar Pradesh,Chitrakut,Karvi APMC,Mustard,6662.23
Uttar Pradesh,Kasganj,Kasganj APMC,Tomato,700.0
Uttar Pradesh,Kasganj,Kasganj APMC,Chicory(Chikori/Kasni),2700.0
Uttar Pradesh,Kasganj,Kasganj APMC,Mustard,6030.5
Uttar Pradesh,Aligarh,Khair APMC,Green Chilli,5000.0
Uttar Pradesh,Baghpat,Khekda APMC,Potato,631.11
Uttar Pradesh,Bulandshahar,Khurja APMC,Wood,614.0
Uttar Pradesh,Bulandshahar,Khurja APMC,Wheat,2590.0
Uttar Pradesh,Bijnor,Kiratpur APMC,Gur(Jaggery),4000.0
Uttar Pradesh,Jalaun (Orai),Konch APMC,Wheat,2585.0
Uttar Pradesh,Mathura,Kosikalan APMC,Wheat,2450.0
Uttar Pradesh,Mathura,Kosikalan APMC,Onion,1200.0
Uttar Pradesh,Mathura,Kosikalan APMC,Potato,672.22
Uttar Pradesh,Mathura,Kosikalan APMC,Wheat,2450.0
Uttar Pradesh,Mathura,Kosikalan APMC,Pegeon Pea(Arhar Fali),5000.0
Uttar Pradesh,Mathura,Kosikalan APMC,Wheat,2450.43
Uttar Pradesh,Hamirpur,Kurara APMC,Mustard,6000.0
Uttar Pradesh,Sitapur,Mehmoodabad APMC,Rice,2250.0
Uttar Pradesh,Sitapur,Mehmoodabad APMC,Mentha Oil,103509.13
Uttar Pradesh,Mahoba,Mahoba APMC,"Sesamum(Sesame,Gingelly,Til)",8000.0
Uttar Pradesh,Mahoba,Mahoba APMC,Masur Dal,6000.0
Uttar Pradesh,Mahoba,Mahoba APMC,Barley(Jau),2222.49
Uttar Pradesh,Mahoba,Mahoba APMC,Wheat,2591.1
Uttar Pradesh,Mathura,Mathura APMC,Ginger(Green),6000.0
Uttar Pradesh,Mathura,Mathura APMC,Wheat,2400.0
Uttar Pradesh,Mathura,Mathura APMC,Wheat,2400.72
Uttar Pradesh,Hamirpur,Maudaha APMC,Wheat,2300.0
Uttar Pradesh,Hamirpur,Maudaha APMC,Wheat,2300.0
Uttar Pradesh,Hamirpur,Maudaha APMC,Firewood,400.0
Uttar Pradesh,Hamirpur,Maudaha APMC,Wheat,2301.81
Uttar Pradesh,Jhansi,Mauranipur APMC,Wheat,2350.0
Uttar Pradesh,Jhansi,Mauranipur APMC,Wood,593.01
Uttar Pradesh,Mirzapur,Mirzapur APMC,Firewood,450.56
Uttar Pradesh,Mirzapur,Mirzapur APMC,Wood,500.0
Uttar Pradesh,Farukhabad,Mohamadabad APMC,Potato,450.0
Uttar Pradesh,Jhansi,Moth APMC,Bengal Gram(Gram)(Whole),5650.0
Uttar Pradesh,Jaunpur,Mugrabaadshahpur APMC,Wood,500.0
Uttar Pradesh,Jaunpur,Mugrabaadshahpur APMC,Firewood,500.0
Uttar Pradesh,Hamirpur,Muskara APMC,Wood,450.0
Uttar Pradesh,Hamirpur,Muskara APMC,Wheat,2590.0
Uttar Pradesh,Muzaffarnagar,Muzzafarnagar APMC,Cotton,10777.0
Uttar Pradesh,Bahraich,Naanpara APMC,Paddy(Common),1750.0
Uttar Pradesh,Maharajganj,Nautnava APMC,Wheat,2250.0
Uttar Pradesh,Gonda,Nawabganj APMC,Firewood,250.0
Uttar Pradesh,Gonda,Nawabganj APMC,Rice,1900.0
Uttar Pradesh,Gonda,Nawabganj APMC,Wheat,2325.0
Uttar Pradesh,Balrampur,Panchpedwa APMC,Wood,500.0
Uttar Pradesh,Shravasti,Payagpur APMC,Wood,500.0
Uttar Pradesh,Shravasti,Payagpur APMC,Paddy(Common),2050.0
Uttar Pradesh,Prayagraj,Prayagraj APMC,Bengal Gram Dal(Chana Dal),6500.0
Uttar Pradesh,Prayagraj,Prayagraj APMC,Rice,3200.0
Uttar Pradesh,Pillibhit,Puranpur APMC,Firewood,410.0
Uttar Pradesh,Pillibhit,Puranpur APMC,Wheat,2300.39
Uttar Pradesh,Raebarelli,Raibareilly APMC,Wheat,2450.0
Uttar Pradesh,Raebarelli,Raibareilly APMC,Rice,2234.61
Uttar Pradesh,Raebarelli,Raibareilly APMC,Wood,550.58
Uttar Pradesh,Rampur,Rampur APMC,Capsicum,1200.0
Uttar Pradesh,Rampur,Rampur APMC,Wood,658.12
Uttar Pradesh,Rampur,Rampur APMC,Firewood,400.0
Uttar Pradesh,Sonbhadra,Robertsganj APMC,Barley(Jau),2250.0
Uttar Pradesh,Sonbhadra,Robertsganj APMC,Peas(Dry),3976.56
Uttar Pradesh,Kanpur Dehat,Rura APMC,Wheat,2300.0
Uttar Pradesh,Kanpur Dehat,Rura APMC,Wood,550.0
Uttar Pradesh,Barabanki,Safdarganj APMC,Pegeon Pea(Arhar Fali),5500.0
Uttar Pradesh,Barabanki,Safdarganj APMC,Green Chilli,3500.0
Uttar Pradesh,Barabanki,Safdarganj APMC,Garlic,4200.0
Uttar Pradesh,Barabanki,Safdarganj APMC,Paddy(Common),2347.47
Uttar Pradesh,Badaun,Shahaswan APMC,Onion,1200.0
Uttar Pradesh,Badaun,Shahaswan APMC,Potato,800.0
Uttar Pradesh,Siddharth Nagar,Sahiyapur APMC,Wheat,2431.73
Uttar Pradesh,Raebarelli,Salon APMC,Paddy(Common),2349.66
Uttar Pradesh,Raebarelli,Salon APMC,Mentha Oil,108000.0
Uttar Pradesh,Sambhal,Sambhal APMC,Apple,9000.0
Uttar Pradesh,Sambhal,Sambhal APMC,Green Chilli,2200.0
Uttar Pradesh,Sambhal,Sambhal APMC,Wood,528.48
Uttar Pradesh,Hardoi,Sandi APMC,Potato,600.0
Uttar Pradesh,Hardoi,Shahabad(New Mandi) APMC,Wheat,2280.0
Uttar Pradesh,Hardoi,Shahabad(New Mandi) APMC,Wheat,2281.33
Uttar Pradesh,Rampur,Shahabad APMC,Wood,500.0
Uttar Pradesh,Shamli,Shamli APMC,Potato,537.04
Uttar Pradesh,Bulandshahar,Sikarpur APMC,Cauliflower,1700.0
Uttar Pradesh,Bulandshahar,Sikarpur APMC,Ginger(Green),4900.0
Uttar Pradesh,Firozabad,Sirsaganj APMC,Potato,500.0
Uttar Pradesh,Amethi,Sultanpur APMC,Wood,517.62
Uttar Pradesh,Amethi,Sultanpur APMC,Paddy(Common),2050.0
Uttar Pradesh,Amethi,Sultanpur APMC,Wheat,2450.0
Uttar Pradesh,Ghazipur,Saidpur APMC,Paddy(Common),2400.0
Uttar Pradesh,Khiri (Lakhimpur),Tikonia APMC,Wheat,2300.15
Uttar Pradesh,Shahjahanpur,Tilhar APMC,Wood,589.25
Uttar Pradesh,Balrampur,Tulsipur APMC,Paddy(Common),1900.0
Uttar Pradesh,Firozabad,Tundla APMC,Mustard,6657.37
Uttar Pradesh,Firozabad,Tundla APMC,Barley(Jau),2394.0
Uttar Pradesh,Firozabad,Tundla APMC,Bajra(Pearl Millet/Cumbu),1785.8
Uttar Pradesh,Badaun,Ujhani APMC,Green Chilli,3000.0
Uttar Pradesh,Badaun,Ujhani APMC,Wood,620.0
Uttar Pradesh,Badaun,Ujhani APMC,Capsicum,1500.0
Uttar Pradesh,Badaun,Wazirganj APMC,Wheat,2410.0
Uttar Pradesh,Badaun,Wazirganj APMC,Bajra(Pearl Millet/Cumbu),1800.0
Uttar Pradesh,Ghazipur,Yusufpur APMC,Green Chilli,1500.0
Uttar Pradesh,Hardoi,Sandila APMC,Potato,550.0
Tripura,Khowai,Bachaibari APMC,Green Chilli,6500.0
Tripura,Dhalai,Kulai APMC,Bitter gourd,5500.0
Tripura,Dhalai,Chowmanu APMC,Brinjal,2000.0
Tripura,Dhalai,Gandacharra APMC,Onion,3400.0
West Bengal,Kolkata,Sealdah Koley Market APMC,Green Chilli,4000.0
West Bengal,Kolkata,Sealdah Koley Market APMC,Ridgeguard(Tori),5000.0
West Bengal,Kolkata,Sealdah Koley Market APMC,Bhindi(Ladies Finger),4000.0
West Bengal,Kolkata,Sealdah Koley Market APMC,Capsicum,4500.0
West Bengal,North 24 Parganas,Habra APMC,Pumpkin,2400.0
West Bengal,Bankura,Khatra APMC,Rice,3750.0
West Bengal,Bankura,Khatra APMC,Potato,400.0
West Bengal,Bankura,Khatra APMC,Potato,350.0
West Bengal,Darjeeling,Karsiyang(Matigara) APMC,Cabbage,2200.0
West Bengal,Darjeeling,Darjeeling APMC,Raddish,2600.0
West Bengal,Uttar Dinajpur,Raiganj APMC,Potato,650.0
Tamil Nadu,Coimbatore,Sulur(Uzhavar Sandhai ) APMC,Brinjal,3650.0
Tamil Nadu,Coimbatore,Sulur(Uzhavar Sandhai ) APMC,Papaya,3250.0
Tamil Nadu,Coimbatore,Sulur(Uzhavar Sandhai ) APMC,Drumstick,3000.0
Tamil Nadu,Pudukkottai,Gandarvakottai(Uzhavar Sandhai ) APMC,Tomato,1750.0
Tamil Nadu,Pudukkottai,Gandarvakottai(Uzhavar Sandhai ) APMC,Bottle gourd,1350.0
Tamil Nadu,Pudukkottai,Gandarvakottai(Uzhavar Sandhai ) APMC,Drumstick,3250.0
Tamil Nadu,Pudukkottai,Gandarvakottai(Uzhavar Sandhai ) APMC,Mint(Pudina),4500.0
Madhya Pradesh,Vidisha,Sironj APMC,Bengal Gram(Gram)(Whole),5400.0
Uttar Pradesh,Sitapur,Mishrit APMC,Mustard,5802.9
Tamil Nadu,Nagapattinam,Mayiladuthurai(Uzhavar Sandhai ) APMC,Brinjal,3750.0
Tamil Nadu,Nagapattinam,Mayiladuthurai(Uzhavar Sandhai ) APMC,Tomato,1750.0
Tamil Nadu,Nagapattinam,Mayiladuthurai(Uzhavar Sandhai ) APMC,Ginger(Green),8000.0
Tamil Nadu,Nagapattinam,Mayiladuthurai(Uzhavar Sandhai ) APMC,Carrot,5000.0
Tamil Nadu,Nagapattinam,Mayiladuthurai(Uzhavar Sandhai ) APMC,Cabbage,3000.0
Tamil Nadu,Nagapattinam,Mayiladuthurai(Uzhavar Sandhai ) APMC,Snakeguard,3750.0
Tamil Nadu,Nagapattinam,Mayiladuthurai(Uzhavar Sandhai ) APMC,Tender Coconut,2250.0
Tamil Nadu,Nagapattinam,Vedaranyam(Uzhavar Sandhai),Banana,3100.0
Tamil Nadu,Nagapattinam,Vedaranyam(Uzhavar Sandhai),Cluster beans,2900.0
Tamil Nadu,Nagapattinam,Vedaranyam(Uzhavar Sandhai),Ashgourd,1900.0
Tamil Nadu,Nagapattinam,Vedaranyam(Uzhavar Sandhai),Pumpkin,2350.0
Tamil Nadu,Nagapattinam,Vedaranyam(Uzhavar Sandhai),Amaranthus,1900.0
Tamil Nadu,Nagapattinam,Vedaranyam(Uzhavar Sandhai),Coconut,4250.0
Tamil Nadu,Nagapattinam,Vedaranyam(Uzhavar Sandhai),Raddish,2900.0
Tamil Nadu,Nagapattinam,Vedaranyam(Uzhavar Sandhai),Chow Chow,1900.0
Tamil Nadu,Nagapattinam,Vedaranyam(Uzhavar Sandhai),Mango(Raw-Ripe),3900.0
Tamil Nadu,Nagapattinam,Vedaranyam(Uzhavar Sandhai),Yam(Ratalu),4750.0
Tamil Nadu,Namakkal,Paramathivelur(Uzhavar Sandhai ) APMC,Potato,2800.0
Tamil Nadu,Namakkal,Paramathivelur(Uzhavar Sandhai ) APMC,Brinjal,5100.0
Tamil Nadu,Namakkal,Paramathivelur(Uzhavar Sandhai ) APMC,Bhindi(Ladies Finger),4700.0
Tamil Nadu,Namakkal,Paramathivelur(Uzhavar Sandhai ) APMC,Amaranthus,3750.0
Tamil Nadu,Namakkal,Paramathivelur(Uzhavar Sandhai ) APMC,Mango(Raw-Ripe),4200.0
Tamil Nadu,Namakkal,Paramathivelur(Uzhavar Sandhai ) APMC,Mint(Pudina),4700.0
Tamil Nadu,Salem,Thammampatti (Uzhavar Sandhai ) APMC,Banana,4500.0
Tamil Nadu,Salem,Thammampatti (Uzhavar Sandhai ) APMC,Potato,3500.0
Tamil Nadu,Salem,Thammampatti (Uzhavar Sandhai ) APMC,Coriander(Leaves),2750.0
Tamil Nadu,Salem,Thammampatti (Uzhavar Sandhai ) APMC,Green Peas,12000.0
Tamil Nadu,Salem,Thammampatti (Uzhavar Sandhai ) APMC,Chikoos(Sapota),4000.0
Tamil Nadu,Salem,Thammampatti (Uzhavar Sandhai ) APMC,Mousambi(Sweet Lime),2750.0
Tamil Nadu,Salem,Thammampatti (Uzhavar Sandhai ) APMC,Bitter gourd,4000.0
Tamil Nadu,Salem,Thammampatti (Uzhavar Sandhai ) APMC,Ashgourd,1500.0
Tamil Nadu,Salem,Thammampatti (Uzhavar Sandhai ) APMC,Bhindi(Ladies Finger),5000.0
Tamil Nadu,Salem,Thammampatti (Uzhavar Sandhai ) APMC,Banana - Green,2200.0
Tamil Nadu,Salem,Thammampatti (Uzhavar Sandhai ) APMC,Beans,7750.0
Tamil Nadu,Salem,Thammampatti (Uzhavar Sandhai ) APMC,Ridgeguard(Tori),4250.0
Tamil Nadu,Salem,Thammampatti (Uzhavar Sandhai ) APMC,Thondekai,6000.0
Tamil Nadu,Salem,Thammampatti (Uzhavar Sandhai ) APMC,Elephant Yam(Suran)/Amorphophallus,3000.0
Tamil Nadu,Salem,Thammampatti (Uzhavar Sandhai ) APMC,Yam(Ratalu),4000.0
Tamil Nadu,Salem,Thammampatti (Uzhavar Sandhai ) APMC,Onion Green,2750.0
Tamil Nadu,Salem,Thammampatti (Uzhavar Sandhai ) APMC,Sweet Corn ,2750.0
Uttar Pradesh,Sitapur,Maholi APMC,Firewood,357.83
Tamil Nadu,Thiruvarur,Tiruvarur(Uzhavar Sandhai ) APMC,Tomato,2000.0
Tamil Nadu,Thiruvarur,Tiruvarur(Uzhavar Sandhai ) APMC,Bitter gourd,3000.0
Tamil Nadu,Thiruvarur,Tiruvarur(Uzhavar Sandhai ) APMC,Bottle gourd,2000.0
Tamil Nadu,Thiruvarur,Tiruvarur(Uzhavar Sandhai ) APMC,Amaranthus,1250.0
Tamil Nadu,Thiruvarur,Tiruvarur(Uzhavar Sandhai ) APMC,Green Avare(W),4000.0
Tamil Nadu,Coimbatore,Udumalpet APMC,Bhindi(Ladies Finger),5250.0
Tamil Nadu,Coimbatore,Udumalpet APMC,Amaranthus,2750.0
Tamil Nadu,Coimbatore,Udumalpet APMC,Beans,9250.0
Tamil Nadu,Coimbatore,Udumalpet APMC,Sweet Potato,3750.0
Tamil Nadu,Coimbatore,Udumalpet APMC,Cabbage,2250.0
Tamil Nadu,Coimbatore,Udumalpet APMC,Snakeguard,2750.0
Tamil Nadu,Coimbatore,Udumalpet APMC,Drumstick,2750.0
Tamil Nadu,Coimbatore,Udumalpet APMC,Karbuja(Musk Melon),3250.0
Tamil Nadu,Coimbatore,Udumalpet APMC,Elephant Yam(Suran)/Amorphophallus,4500.0
Tamil Nadu,Coimbatore,Udumalpet APMC,Yam(Ratalu),7250.0
Tamil Nadu,Coimbatore,Udumalpet APMC,Colacasia,4500.0
Tamil Nadu,Vellore,Katpadi (Uzhavar Sandhai ) APMC,Onion,2400.0
Tamil Nadu,Vellore,Katpadi (Uzhavar Sandhai ) APMC,Garlic,13000.0
Tamil Nadu,Vellore,Katpadi (Uzhavar Sandhai ) APMC,Brinjal,3500.0
Tamil Nadu,Vellore,Katpadi (Uzhavar Sandhai ) APMC,Coriander(Leaves),2500.0
Tamil Nadu,Vellore,Katpadi (Uzhavar Sandhai ) APMC,Cluster beans,3500.0
Tamil Nadu,Vellore,Katpadi (Uzhavar Sandhai ) APMC,Amaranthus,3000.0
Tamil Nadu,Vellore,Katpadi (Uzhavar Sandhai ) APMC,Carrot,2000.0
Tamil Nadu,Vellore,Katpadi (Uzhavar Sandhai ) APMC,Ridgeguard(Tori),4500.0
Tamil Nadu,Vellore,Katpadi (Uzhavar Sandhai ) APMC,Capsicum,4000.0
Tamil Nadu,Thanjavur,Kumbakonam (Uzhavar Sandhai ) APMC,Cauliflower,4200.0
Tamil Nadu,Thanjavur,Kumbakonam (Uzhavar Sandhai ) APMC,Green Peas,9600.0
Tamil Nadu,Thanjavur,Kumbakonam (Uzhavar Sandhai ) APMC,Bitter gourd,4800.0
Tamil Nadu,Thanjavur,Kumbakonam (Uzhavar Sandhai ) APMC,Bottle gourd,2400.0
Tamil Nadu,Thanjavur,Kumbakonam (Uzhavar Sandhai ) APMC,Beans,7800.0
Tamil Nadu,Thanjavur,Kumbakonam (Uzhavar Sandhai ) APMC,Cucumbar(Kheera),5000.0
Tamil Nadu,Thanjavur,Kumbakonam (Uzhavar Sandhai ) APMC,Chow Chow,3600.0
Tamil Nadu,Thanjavur,Kumbakonam (Uzhavar Sandhai ) APMC,Lime,4000.0
Tamil Nadu,Thanjavur,Kumbakonam (Uzhavar Sandhai ) APMC,Indian Beans(Seam),7200.0
Tamil Nadu,Thanjavur,Kumbakonam (Uzhavar Sandhai ) APMC,Colacasia,4800.0
Tamil Nadu,Villupuram,Tindivanam APMC,Banana,6000.0
Tamil Nadu,Villupuram,Tindivanam APMC,Brinjal,3500.0
Tamil Nadu,Villupuram,Tindivanam APMC,Chikoos(Sapota),5000.0
Tamil Nadu,Villupuram,Tindivanam APMC,Tomato,1350.0
Tamil Nadu,Villupuram,Tindivanam APMC,Cluster beans,3500.0
Tamil Nadu,Villupuram,Tindivanam APMC,Pumpkin,2000.0
Tamil Nadu,Villupuram,Tindivanam APMC,Amaranthus,4000.0
Tamil Nadu,Villupuram,Tindivanam APMC,Cowpea(Veg),5000.0
Tamil Nadu,Villupuram,Tindivanam APMC,Beetroot,3000.0
Tamil Nadu,Villupuram,Tindivanam APMC,Karbuja(Musk Melon),2000.0
Tamil Nadu,Villupuram,Tindivanam APMC,Colacasia,3500.0
Tamil Nadu,Villupuram,Ulundurpettai APMC,Brinjal,2750.0
Tamil Nadu,Villupuram,Ulundurpettai APMC,Tomato,1800.0
Tamil Nadu,Villupuram,Ulundurpettai APMC,Banana - Green,3000.0
Tamil Nadu,Villupuram,Ulundurpettai APMC,Ridgeguard(Tori),4000.0
Tamil Nadu,Villupuram,Ulundurpettai APMC,Tender Coconut,3000.0
Tamil Nadu,Villupuram,Ulundurpettai APMC,Lemon,10000.0
Tamil Nadu,Villupuram,Ulundurpettai APMC,Mint(Pudina),3000.0
Madhya Pradesh,Vidisha,Shamshabad APMC,Wheat,2158.0
Madhya Pradesh,Rajgarh,Pachaur APMC,Wheat,2380.0
Madhya Pradesh,Rajgarh,Narsinghgarh APMC,Garlic,2500.0
Madhya Pradesh,Rajgarh,Narsinghgarh APMC,Onion,800.0
Madhya Pradesh,Rajgarh,Khilchipur APMC,Coriander(Leaves),11025.0
Madhya Pradesh,Rajgarh,Khilchipur APMC,Wheat,2225.0
Madhya Pradesh,Rajgarh,Khujner APMC,Lentil(Masur)(Whole),6625.0
Madhya Pradesh,Dhar,Manawar APMC,Soyabean,4500.0
Madhya Pradesh,Dhar,Manawar APMC,Wheat,2150.0
Madhya Pradesh,Dhar,Manawar APMC,Maize,1500.0
Madhya Pradesh,Dhar,Rajgarh APMC,Soyabean,5500.0
Madhya Pradesh,Alirajpur,Alirajpur APMC,Maize,1600.0
Madhya Pradesh,Khargone,Sanawad APMC,Maize,1575.0
Madhya Pradesh,Khargone,Kasrawad APMC,Wheat,2150.0
Madhya Pradesh,Khargone,Segaon APMC,Wheat,2175.0
Madhya Pradesh,Khargone,Segaon APMC,Wheat,2275.0
Madhya Pradesh,Badwani,Anjad APMC,Wheat,2200.0
Madhya Pradesh,Badwani,Anjad APMC,Maize,1650.0
Madhya Pradesh,Khandwa,Pandhana APMC,Soyabean,5450.0
Madhya Pradesh,Ujjain,Badnagar APMC,Wheat,2101.0
Madhya Pradesh,Ujjain,Badnagar APMC,Wheat,2100.0
Madhya Pradesh,Dewas,Loharda APMC,Wheat,2275.0
Madhya Pradesh,Mandsaur,Piplya APMC,Maize,1817.0
Madhya Pradesh,Ratlam,Jaora APMC,Wheat,2100.0
Madhya Pradesh,Ratlam,Sailana APMC,Wheat,2541.0
Madhya Pradesh,Ratlam,Taal APMC,Wheat,2300.0
Madhya Pradesh,Shajapur,Shajapur APMC,Wheat,2100.0
Madhya Pradesh,Shajapur,Shajapur APMC,Garlic,4609.4
Madhya Pradesh,Shajapur,Susner APMC,Wheat,2200.0
Madhya Pradesh,Datia,Datia APMC,Wheat,2251.0
Madhya Pradesh,Datia,Sevda APMC,Paddy(Common),4100.0
Madhya Pradesh,Datia,Sevda APMC,Wheat,2300.0
Madhya Pradesh,Gwalior,Lashkar APMC,Mustard,6900.0
Madhya Pradesh,Ashoknagar,Chanderi APMC,Wheat,2210.0
Madhya Pradesh,Shivpuri,Pichhour APMC,Wheat,2225.0
Madhya Pradesh,Shivpuri,Magroni APMC,Mustard,7175.0
Madhya Pradesh,Bhind,Bhind APMC,Bajra(Pearl Millet/Cumbu),1972.0
Madhya Pradesh,Bhind,Alampur APMC,Bengal Gram(Gram)(Whole),5260.0
Madhya Pradesh,Bhind,Alampur APMC,Wheat,2180.0
Madhya Pradesh,Bhind,Lahar APMC,Green Peas,3700.0
Madhya Pradesh,Morena,Ambaha APMC,Mustard,6750.0
Madhya Pradesh,Morena,Ambaha APMC,Wheat,2200.0
Madhya Pradesh,Morena,Banmorkalan APMC,Wheat,2250.0
Madhya Pradesh,Sheopur,Sheopurkalan APMC,Wheat,2230.0
Madhya Pradesh,Sheopur,Sheopurbadod APMC,Paddy(Common),4150.0
Madhya Pradesh,Sheopur,Vijaypur APMC,Wheat,2400.0
Madhya Pradesh,Jabalpur,Jabalpur APMC,Arhar(Tur/Red Gram)(Whole),8244.24
Madhya Pradesh,Jabalpur,Jabalpur APMC,Wheat,2100.0
Madhya Pradesh,Sagar,Shahagarh APMC,Soyabean,5100.0
Madhya Pradesh,Sagar,Shahagarh APMC,Wheat,2175.0
Punjab,Sangrur,Lehra Gaga APMC,Tomato,1000.0
Punjab,Sangrur,Lehra Gaga APMC,Onion,1100.0
Punjab,Sangrur,Lehra Gaga APMC,Bhindi(Ladies Finger),4500.0
Madhya Pradesh,Damoh,Damoh APMC,Lentil(Masur)(Whole),5832.5
Madhya Pradesh,Chhatarpur,LavKush Nagar(Laundi) APMC,Wheat,2100.0
Madhya Pradesh,Chhatarpur,LavKush Nagar(Laundi) APMC,Bengal Gram(Gram)(Whole),5050.0
Madhya Pradesh,Chhatarpur,Bijawar APMC,Barley(Jau),2254.0
Madhya Pradesh,Chhatarpur,Bijawar APMC,Wheat,2265.0
Madhya Pradesh,Tikamgarh,Tikamgarh APMC,Mustard,6675.0
Madhya Pradesh,Tikamgarh,Khargapur APMC,Soyabean,5000.0
Madhya Pradesh,Chhindwara,Amarwda APMC,Maize,1610.0
Madhya Pradesh,Chhindwara,Amarwda APMC,Wheat,2100.0
Madhya Pradesh,Chhindwara,Pandhurna APMC,Wheat,2200.0
Madhya Pradesh,Dindori,Gorakhpur APMC,Soyabean,5000.0
Madhya Pradesh,Narsinghpur,Narsinghpur APMC,Wheat,2110.0
Madhya Pradesh,Seoni,Seoni APMC,Paddy(Common),1900.0
Madhya Pradesh,Seoni,Seoni APMC,Wheat,2250.0
Madhya Pradesh,Seoni,Seoni APMC,Wheat,2300.0
Madhya Pradesh,Rewa,Rewa APMC,Kodo Millet(Varagu),2200.0
Madhya Pradesh,Shehdol,Shahdol APMC,Mahua,4000.0
Madhya Pradesh,Shehdol,Beohari APMC,Mustard,6000.0
Madhya Pradesh,Sidhi,Sidhi APMC,Flax seeds,5200.0
Madhya Pradesh,Singroli,Singroli APMC,Kutki,3000.0
Gujarat,Sabarkantha,Dhansura APMC,Castor Seed,6320.0
Gujarat,Banaskanth,Thara APMC,Cummin Seed(Jeera),20625.0
Gujarat,Banaskanth,Bhabhar APMC,Castor Seed,6420.0
Gujarat,Banaskanth,Panthawada APMC,Isabgul(Psyllium),9075.0
Gujarat,Banaskanth,Panthawada APMC,Castor Seed,6300.0
Gujarat,Sabarkantha,Vadali APMC,Wheat,2805.0
Gujarat,Sabarkantha,Vadali APMC,Maize,1940.0
Gujarat,Sabarkantha,Vadali APMC,Cotton,6900.0
Gujarat,Banaskanth,Vadgam APMC,Castor Seed,6425.0
Gujarat,Dahod,Dahod(Veg. Market) APMC,Green Chilli,4100.0
Gujarat,Dahod,Dahod(Veg. Market) APMC,Onion,1000.0
Gujarat,Dahod,Dahod(Veg. Market) APMC,Methi(Leaves),3200.0
Gujarat,Dahod,Dahod(Veg. Market) APMC,Potato,1000.0
Gujarat,Dahod,Dahod(Veg. Market) APMC,Sponge gourd,1600.0
Gujarat,Gandhinagar,"Kalol(Veg,Market,Kalol) APMC",Tomato,1000.0
Gujarat,Banaskanth,Lakhani APMC,Castor Seed,6400.0
Gujarat,Anand,"Anand(Veg,Yard,Anand) APMC",Potato,600.0
Gujarat,Gandhinagar,Mansa(Manas Veg Yard) APMC,Brinjal,1000.0
Gujarat,Gandhinagar,Mansa(Manas Veg Yard) APMC,Bhindi(Ladies Finger),2500.0
Himachal Pradesh,Bilaspur,PMY Bilaspur,Cauliflower,2400.0
Himachal Pradesh,Bilaspur,PMY Bilaspur,Cucumbar(Kheera),2800.0
Himachal Pradesh,Bilaspur,PMY Bilaspur,Bottle gourd,2300.0
Gujarat,Mehsana,Mehsana(Mehsana Veg) APMC,Chikoos(Sapota),2250.0
Gujarat,Mehsana,Mehsana(Mehsana Veg) APMC,Green Chilli,3400.0
Gujarat,Banaskanth,Thara(Shihori) APMC,Tobacco,9437.5
Gujarat,Rajkot,Rajkot APMC,Wheat,2300.0
Gujarat,Rajkot,Rajkot APMC,Arhar(Tur/Red Gram)(Whole),7250.0
Gujarat,Rajkot,Rajkot APMC,Green Gram(Moong)(Whole),7215.0
Gujarat,Morbi,Morbi APMC,Castor Seed,6190.0
Gujarat,Morbi,Morbi APMC,Groundnut,6000.0
Gujarat,Morbi,Morbi APMC,Cucumbar(Kheera),1500.0
Gujarat,Morbi,Morbi APMC,Onion,950.0
Gujarat,Morbi,Morbi APMC,Green Chilli,2750.0
Gujarat,Jamnagar,Jamnagar APMC,Jowar(Sorghum),3450.0
Gujarat,Jamnagar,Jamnagar APMC,Other Pulses,4125.0
Gujarat,Jamnagar,Jamnagar APMC,Cotton,7625.0
Gujarat,Jamnagar,Jamnagar APMC,Methi Seeds,6350.0
Gujarat,Junagarh,Junagadh APMC,Soyabean,5250.0
Gujarat,Junagarh,Junagadh APMC,Kulthi(Horse Gram),5100.0
Gujarat,Junagarh,Junagadh APMC,Black Gram(Urd Beans)(Whole),5250.0
Gujarat,Junagarh,Junagadh APMC,"Sesamum(Sesame,Gingelly,Til)",9000.0
Gujarat,Rajkot,Dhoraji APMC,Wheat,2130.0
Gujarat,Rajkot,Dhoraji APMC,Arhar(Tur/Red Gram)(Whole),6505.0
Gujarat,Porbandar,Porbandar APMC,Pomegranate,8000.0
Gujarat,Porbandar,Porbandar APMC,Orange,6500.0
Gujarat,Porbandar,Porbandar APMC,Bhindi(Ladies Finger),4000.0
Gujarat,Porbandar,Porbandar APMC,Lemon,14500.0
Gujarat,Porbandar,Porbandar APMC,Ginger(Green),5500.0
Gujarat,Porbandar,Porbandar APMC,Green Chilli,3500.0
Gujarat,Porbandar,Porbandar APMC,Guar,4000.0
Gujarat,Amreli,Damnagar APMC,Cabbage,4000.0
Gujarat,Amreli,Damnagar APMC,Bottle gourd,3500.0
Gujarat,Junagarh,Bhesan APMC,Cotton,7500.0
Gujarat,Surendranagar,Dhragradhra APMC,"Sesamum(Sesame,Gingelly,Til)",8250.0
Gujarat,Surendranagar,Dhragradhra APMC,Corriander seed,11250.0
Gujarat,Surendranagar,Dhragradhra APMC,Isabgul(Psyllium),11900.0
Uttar Pradesh,Ghaziabad,Noida APMC,Garlic,7800.0
Uttar Pradesh,Ghaziabad,Noida APMC,Tomato,1200.0
Gujarat,Bhavnagar,Taleja APMC,Cotton,7575.0
Gujarat,Bhavnagar,Taleja APMC,Groundnut,7945.0
Gujarat,Bhavnagar,Taleja APMC,Arhar(Tur/Red Gram)(Whole),6000.0
Gujarat,Rajkot,Gondal(Veg.market Gondal) APMC,Brinjal,1500.0
Gujarat,Rajkot,Gondal(Veg.market Gondal) APMC,Cucumbar(Kheera),1500.0
Gujarat,Rajkot,Gondal(Veg.market Gondal) APMC,Guar,4000.0
Gujarat,Rajkot,Gondal(Veg.market Gondal) APMC,Potato,1025.0
Gujarat,Morbi,APMC HALVAD,Bengal Gram(Gram)(Whole),5175.0
Gujarat,Morbi,APMC HALVAD,Mustard,7500.0
Karnataka,Haveri,Ranebennur APMC,Tomato,2000.0
Karnataka,Haveri,Ranebennur APMC,Ladies Finger,2500.0
Karnataka,Chamrajnagar,Chamaraj Nagar APMC,Brinjal,1400.0
Karnataka,Chamrajnagar,Chamaraj Nagar APMC,Coconut,18000.0
Karnataka,Chamrajnagar,Chamaraj Nagar APMC,Knool Khol,1750.0
Karnataka,Chitradurga,Challakere APMC,Groundnut,7429.0
Karnataka,Bangalore,Ramanagara APMC,Ashgourd,2000.0
Karnataka,Bangalore,Ramanagara APMC,Beans,5000.0
Karnataka,Bangalore,Ramanagara APMC,Ladies Finger,4000.0
Karnataka,Bangalore,Ramanagara APMC,Seemebadnekai,2000.0
Gujarat,Surat,Surat APMC,Banana - Green,950.0
Gujarat,Surat,Surat APMC,Capsicum,2750.0
Gujarat,Surat,Surat APMC,Mango(Raw-Ripe),3750.0
Gujarat,Surat,Surat APMC,Surat Beans(Papadi),6000.0
Chattisgarh,Narayanpur,Narayanpur APMC,Tamarind Fruit,5400.0
Telangana,Mahbubnagar,Shadnagar APMC,Cluster beans,1900.0
Telangana,Mahbubnagar,Shadnagar APMC,Tomato,600.0
Telangana,Warangal,Warangal APMC,Bhindi(Ladies Finger),2250.0
Telangana,Warangal,Warangal APMC,Beetroot,1400.0
Telangana,Warangal,Warangal APMC,Brinjal,900.0
Telangana,Warangal,Warangal APMC,Capsicum,4750.0
Telangana,Warangal,Warangal APMC,Green Chilli,1800.0
Telangana,Warangal,Warangal APMC,Ridgeguard(Tori),2750.0
Telangana,Khammam,Burgampadu APMC,Wood,420.0
Haryana,Fatehabad,Fatehabad APMC,Garlic,7000.0
Haryana,Hissar,Hissar APMC,Mustard,6115.0
Jammu and Kashmir,Udhampur,Udhampur APMC,Bhindi(Ladies Finger),5500.0
Jammu and Kashmir,Udhampur,Udhampur APMC,Apple,12000.0
Jammu and Kashmir,Udhampur,Udhampur APMC,Bitter gourd,5500.0
Jammu and Kashmir,Udhampur,Udhampur APMC,Banana,4200.0
Jammu and Kashmir,Udhampur,Udhampur APMC,Onion,1800.0
Kerala,Kannur,Kannur APMC,Bitter gourd,5300.0
Kerala,Kannur,Kannur APMC,Cowpea(Veg),3800.0
Kerala,Kannur,Kannur APMC,Coconut Oil,29700.0
Kerala,Kannur,Kannur APMC,Black pepper,66000.0
Kerala,Kannur,Payyannur APMC,Ashgourd,2500.0
Kerala,Thirssur,Thrissur APMC,Cabbage,2000.0
Kerala,Thirssur,Kodungalloor APMC,Elephant Yam(Suran)/Amorphophallus,3500.0
Uttar Pradesh,Maharajganj,Gadaura APMC,Onion,1200.0
Punjab,Faridkot,Kotkapura APMC,Potato,550.0
Punjab,Ludhiana,Khanna APMC,Brinjal,1500.0
Punjab,Ludhiana,Khanna APMC,Cabbage,600.0
Punjab,Ludhiana,Khanna APMC,Banana,1800.0
Punjab,Ludhiana,Khanna APMC,Orange,6000.0
Punjab,Ludhiana,Khanna APMC,Cucumbar(Kheera),1200.0
Uttar Pradesh,Bahraich,Risia APMC,Wood,450.0
Punjab,Patiala,Patiala APMC,Pineapple,4500.0
Punjab,Patiala,Patiala APMC,Tinda,1400.0
Punjab,Patiala,Patiala APMC,Orange,5500.0
Punjab,Patiala,Patiala APMC,Capsicum,2800.0
Punjab,Patiala,Patiala APMC,Tomato,800.0
Punjab,Sangrur,Sunam APMC,Green Chilli,2600.0
Rajasthan,Baran,Baran APMC,Paddy(Common),3910.0
Rajasthan,Baran,Baran APMC,Bengal Gram(Gram)(Whole),5235.0
Andhra Pradesh,Anantapur,Anantapur APMC,Mousambi(Sweet Lime),1500.0
Rajasthan,Churu,Sadulpur APMC,Green Gram(Moong)(Whole),9000.0
Uttar Pradesh,Etawah,Etawah APMC,Potato,550.04
Uttar Pradesh,Ghaziabad,Ghaziabad APMC,Gond,10500.0
Uttar Pradesh,Hardoi,Hardoi APMC,Wheat,2250.0
Uttar Pradesh,Hardoi,Hardoi APMC,Paddy(Common),2084.79
Uttar Pradesh,Jaunpur,Jaunpur APMC,Wood,500.0
Uttar Pradesh,Jaunpur,Jaunpur APMC,Tomato,1082.19
Uttar Pradesh,Jaunpur,Jaunpur APMC,Paddy(Common),2100.0
Uttar Pradesh,Jaunpur,Jaunpur APMC,Onion,1100.0
Uttar Pradesh,Kanpur,Kanpur(Grain) APMC,Wheat,2300.0
Uttar Pradesh,Kanpur,Kanpur(Grain) APMC,Wheat,2300.0
Uttar Pradesh,Kanpur,Kanpur(Grain) APMC,Onion,1000.0
Uttar Pradesh,Kanpur,Kanpur(Grain) APMC,Bajra(Pearl Millet/Cumbu),1800.0
Uttar Pradesh,Lalitpur,Lalitpur APMC,Wheat,2200.0
Uttar Pradesh,Lalitpur,Lalitpur APMC,Wheat,2252.95
Uttar Pradesh,Lalitpur,Lalitpur APMC,Wheat,2233.7
Uttar Pradesh,Lucknow,Lucknow APMC,Bengal Gram Dal(Chana Dal),9565.83
Uttar Pradesh,Lucknow,Lucknow APMC,Green Gram Dal(Moong Dal),12502.79
Uttar Pradesh,Lucknow,Lucknow APMC,Arecanut(Betelnut/Supari),32752.0
Uttar Pradesh,Lucknow,Lucknow APMC,Black Gram Dal(Urd Dal),12871.67
Uttar Pradesh,Lucknow,Lucknow APMC,Potato,1100.0
Uttar Pradesh,Mainpuri,Mainpuri APMC,Wheat,2585.0
Uttar Pradesh,Mainpuri,Mainpuri APMC,Wheat,2312.22
Uttar Pradesh,Mainpuri,Mainpuri APMC,Wheat,2300.0
Uttar Pradesh,Mainpuri,Mainpuri APMC,Potato,500.0
Uttar Pradesh,Sambhal,Muradabad APMC,Black Gram Dal(Urd Dal),10500.0
Uttar Pradesh,Sambhal,Muradabad APMC,Wheat,2585.58
Uttar Pradesh,Sambhal,Muradabad APMC,Firewood,650.0
Uttar Pradesh,Pillibhit,Pilibhit APMC,Wheat,2300.46
Uttar Pradesh,Pillibhit,Pilibhit APMC,Wheat,2301.4
Uttar Pradesh,Sitapur,Sitapur APMC,Wheat,2300.0
Uttar Pradesh,Sitapur,Sitapur APMC,Paddy(Common),1895.36
Uttar Pradesh,Varanasi,Varanasi APMC,Wheat,2426.0
Uttar Pradesh,Varanasi,Varanasi APMC,Bengal Gram Dal(Chana Dal),7520.0
Uttar Pradesh,Varanasi,Varanasi APMC,Rice,3312.08
Uttar Pradesh,Varanasi,Varanasi APMC,Onion,850.9
West Bengal,North 24 Parganas,Barasat APMC,Potato,1100.0
West Bengal,Purba Bardhaman,Kalna APMC,Green Chilli,5200.0
West Bengal,Purba Bardhaman,Kalna APMC,Potato,680.0
West Bengal,Jalpaiguri,Dhupguri APMC,Bhindi(Ladies Finger),4700.0
West Bengal,Jalpaiguri,Dhupguri APMC,Brinjal,1900.0
West Bengal,Jalpaiguri,Dhupguri APMC,Cabbage,800.0
West Bengal,Medinipur(E),Tamluk (Medinipur E) APMC,Betal Leaves,8000.0
West Bengal,Nadia,Bethuadahari APMC,Ridgeguard(Tori),2500.0
West Bengal,Nadia,Bethuadahari APMC,Potato,710.0
Uttarakhand,Udhamsinghnagar,Rudrapur APMC,Garlic,6000.0
Uttarakhand,Udhamsinghnagar,Rudrapur APMC,Potato,450.0
Uttarakhand,Udhamsinghnagar,Rudrapur APMC,Tomato,1400.0
Uttarakhand,Udhamsinghnagar,Rudrapur APMC,Pointed gourd(Parval),6000.0
West Bengal,Uttar Dinajpur,Islampur APMC,Onion,1400.0
Haryana,Rohtak,Rohtak APMC,Onion,1000.0
Haryana,Rohtak,Rohtak APMC,Mango,6000.0
Haryana,Panipat,Panipat APMC,Pomegranate,8000.0
Haryana,Panipat,Panipat APMC,Bottle gourd,1250.0
Haryana,Panipat,Panipat APMC,Brinjal,1100.0
Haryana,Panipat,Panipat APMC,Tomato,700.0
Punjab,Hoshiarpur,Mukerian APMC,Tomato,1400.0
Punjab,Hoshiarpur,Mukerian APMC,Brinjal,1400.0
Punjab,Mansa,Budalada APMC,Cabbage,670.0
Punjab,Mansa,Budalada APMC,Tomato,1600.0
Punjab,Jalandhar,Nakodar APMC,Brinjal,2700.0
Rajasthan,Bikaner,Bikaner (Grain) APMC,Guar,5434.0
Rajasthan,Bikaner,Bikaner (Grain) APMC,Barley(Jau),2043.0
Rajasthan,Bikaner,Bikaner (Grain) APMC,Isabgul(Psyllium),11893.0
Rajasthan,Bikaner,Bikaner (Grain) APMC,Cummin Seed(Jeera),17113.0
Uttar Pradesh,Badaun,Badayoun APMC,Bajra(Pearl Millet/Cumbu),1700.0
Uttar Pradesh,Baghpat,Baraut APMC,Tomato,1000.0
Uttar Pradesh,Baghpat,Baraut APMC,Pegeon Pea(Arhar Fali),4000.0
Tripura,Unokoti,Pabiacherra APMC,Carrot,3500.0
Tripura,Unokoti,Pabiacherra APMC,Green Chilli,7800.0
Tripura,Unokoti,Pabiacherra APMC,Cabbage,800.0
Tripura,Unokoti,Pabiacherra APMC,Onion,1800.0
Uttar Pradesh,Firozabad,Firozabad APMC,Firewood,500.0
Punjab,Ludhiana,Ludhiana APMC,Capsicum,1500.0
Punjab,Ludhiana,Ludhiana APMC,Green Chilli,2000.0
Punjab,Ludhiana,Ludhiana APMC,Bottle gourd,500.0
Punjab,Ludhiana,Ludhiana APMC,Pumpkin,700.0
Uttar Pradesh,Gonda,Gonda APMC,Wood,500.0
Kerala,Kottayam,Pampady APMC,Cauliflower,3590.0
Kerala,Kottayam,Pampady APMC,Cucumbar(Kheera),2000.0
Kerala,Kottayam,Pampady APMC,Little gourd(Kundru),3500.0
Kerala,Kottayam,Pampady APMC,Pumpkin,3000.0
Kerala,Kottayam,Pampady APMC,Snakeguard,3500.0
Kerala,Kottayam,Pampady APMC,Banana - Green,4590.0
Tamil Nadu,Thiruvannamalai,Cheyyar(Uzhavar Sandhai ) APMC,Potato,2250.0
Tamil Nadu,Thiruvannamalai,Cheyyar(Uzhavar Sandhai ) APMC,Coriander(Leaves),4500.0
Tamil Nadu,Thiruvannamalai,Cheyyar(Uzhavar Sandhai ) APMC,Green Chilli,4500.0
Tamil Nadu,Thiruvannamalai,Cheyyar(Uzhavar Sandhai ) APMC,Cabbage,2250.0
Tamil Nadu,Thiruvannamalai,Cheyyar(Uzhavar Sandhai ) APMC,Snakeguard,2750.0
Tamil Nadu,Thiruvannamalai,Cheyyar(Uzhavar Sandhai ) APMC,Chow Chow,2750.0
Tamil Nadu,Thiruvannamalai,Cheyyar(Uzhavar Sandhai ) APMC,Mango(Raw-Ripe),4500.0
Tamil Nadu,Thiruvannamalai,Cheyyar(Uzhavar Sandhai ) APMC,Yam(Ratalu),2750.0
Tamil Nadu,Thiruvannamalai,Cheyyar(Uzhavar Sandhai ) APMC,Lemon,7500.0
Tamil Nadu,Thiruvannamalai,Cheyyar(Uzhavar Sandhai ) APMC,Onion Green,4500.0
Andhra Pradesh,Anantapur,Kalyandurg APMC,Tamarind Fruit,15000.0
Haryana,Ambala,Naraingarh APMC,Cucumbar(Kheera),500.0
Haryana,Ambala,Naraingarh APMC,Peas Wet,2200.0
Haryana,Ambala,Naraingarh APMC,French Beans(Frasbean),2250.0
Haryana,Ambala,Naraingarh APMC,Pomegranate,8200.0
Haryana,Ambala,Naraingarh APMC,Grapes,5200.0
Haryana,Ambala,Naraingarh APMC,Apple,8000.0
Haryana,Ambala,Naraingarh APMC,Coriander(Leaves),1200.0
Tamil Nadu,Thanjavur,Papanasam(Uzhavar Sandhai ) APMC,Ashgourd,2400.0
Tamil Nadu,Thanjavur,Papanasam(Uzhavar Sandhai ) APMC,Green Chilli,4200.0
Tamil Nadu,Thanjavur,Papanasam(Uzhavar Sandhai ) APMC,Beans,7800.0
Tamil Nadu,Thanjavur,Papanasam(Uzhavar Sandhai ) APMC,Carrot,4200.0
Tamil Nadu,Thanjavur,Papanasam(Uzhavar Sandhai ) APMC,Snakeguard,3000.0
Haryana,Mahendragarh-Narnaul,Mohindergarh APMC,Tender Coconut,2500.0
Haryana,Mahendragarh-Narnaul,Mohindergarh APMC,Mango(Raw-Ripe),3000.0
Haryana,Mahendragarh-Narnaul,Mohindergarh APMC,Water Melon,1500.0
Odisha,Sundergarh,Panposh APMC,Cauliflower,3000.0
Odisha,Sundergarh,Panposh APMC,Brinjal,2000.0
Odisha,Sundergarh,Panposh APMC,Bottle gourd,2200.0
Odisha,Sundergarh,Panposh APMC,Cucumbar(Kheera),4000.0
Uttarakhand,Nanital,Haldwani APMC,Tomato,1000.0
Uttarakhand,Nanital,Haldwani APMC,Pea Pod/Pea Cod/हरी मटर,1600.0
Uttarakhand,Nanital,Haldwani APMC,Potato,900.0
Haryana,Sonipat,Sonepat APMC,Onion,1100.0
Haryana,Sonipat,Sonepat APMC,Cauliflower,1200.0
Haryana,Sonipat,Sonepat APMC,Apple,11000.0
Uttar Pradesh,Bijnor,Bijnaur APMC,Bengal Gram Dal(Chana Dal),6600.0
Uttar Pradesh,Bulandshahar,Sikanderabad APMC,Wheat,2588.0
Uttar Pradesh,Bulandshahar,Sikanderabad APMC,Wheat,2590.0
Telangana,Karimnagar,V.Saidapur APMC,Paddy(Common),2369.0
Rajasthan,Hanumangarh,Bhadara APMC,Onion,755.0
Rajasthan,Ganganagar,Suratgarh APMC,Guar,5300.0
Rajasthan,Jhalawar,Khanpur APMC,Soyabean,5540.0
Rajasthan,Jhalawar,Khanpur APMC,Bengal Gram(Gram)(Whole),5160.0
Rajasthan,Jhunjhunu,Surajgarh APMC,Mustard,6475.0
Rajasthan,Ganganagar,Gajsinghpur APMC,Mustard,6452.0
Uttar Pradesh,Saharanpur,Saharanpur APMC,Ginger(Green),4200.0
Uttar Pradesh,Saharanpur,Saharanpur APMC,Green Gram Dal(Moong Dal),9500.0
Uttar Pradesh,Saharanpur,Saharanpur APMC,Pegeon Pea(Arhar Fali),2800.0
Uttar Pradesh,Saharanpur,Saharanpur APMC,Masur Dal,7740.0
Punjab,Hoshiarpur,Garh Shankar APMC,Potato,500.0
Punjab,Hoshiarpur,Garh Shankar APMC,Ginger(Dry),5500.0
Punjab,Hoshiarpur,Tanda Urmur APMC,Ginger(Green),6500.0
Punjab,Hoshiarpur,Tanda Urmur APMC,Bhindi(Ladies Finger),5500.0
Punjab,Hoshiarpur,Tanda Urmur APMC,Field Pea,2800.0
Punjab,Hoshiarpur,Tanda Urmur APMC,Cauliflower,3200.0
Punjab,Jalandhar,Adampur APMC,French Beans(Frasbean),3000.0
Punjab,Jalandhar,Adampur APMC,Ginger(Green),6000.0
Punjab,Jalandhar,Adampur APMC,Green Chilli,4000.0
Punjab,Ludhiana,Doraha APMC,Bottle gourd,2000.0
Punjab,Ludhiana,Sahnewal APMC,Onion,1600.0
Punjab,Patiala,Rajpura APMC,Bhindi(Ladies Finger),4500.0
Punjab,Patiala,Rajpura APMC,Tomato,1150.0
Punjab,Mohali,Kurali APMC,French Beans(Frasbean),4600.0
Punjab,Mohali,Kurali APMC,Green Chilli,5800.0
Punjab,Mohali,Kurali APMC,Onion,1450.0
Punjab,Jalandhar,Bhogpur APMC,Potato,500.0
Punjab,Jalandhar,Bhogpur APMC,Cabbage,500.0
Odisha,Boudh,Boudh APMC,Water Melon,800.0
Odisha,Boudh,Boudh APMC,Pumpkin,1200.0
Odisha,Boudh,Boudh APMC,Bitter gourd,4500.0
Odisha,Sundergarh,Sargipali APMC,Cauliflower,1500.0
Odisha,Sundergarh,Sargipali APMC,Onion,1400.0
Odisha,Sundergarh,Sargipali APMC,Tomato,500.0
Punjab,Sangrur,Ahmedgarh APMC,Cauliflower,1600.0
Odisha,Mayurbhanja,Betnoti APMC,Pumpkin,1100.0
Punjab,Tarntaran,Naushera Pannuan APMC,Bottle gourd,2000.0
Punjab,Tarntaran,Naushera Pannuan APMC,Capsicum,2000.0
Punjab,Bhatinda,Bhagta Bhai Ka APMC,Potato,700.0
Punjab,Bhatinda,Bhagta Bhai Ka APMC,Tinda,1500.0
Punjab,Bhatinda,Talwandi Sabo APMC,Cucumbar(Kheera),800.0
Punjab,Bhatinda,Talwandi Sabo APMC,Capsicum,1800.0
Punjab,Bhatinda,Talwandi Sabo APMC,Grapes,4800.0
Punjab,Gurdaspur,Dera Baba Nanak APMC,Brinjal,972.0
Punjab,Gurdaspur,Dera Baba Nanak APMC,Cauliflower,1113.0
West Bengal,Murshidabad,Jangipur APMC,Green Chilli,5100.0
West Bengal,Murshidabad,Jangipur APMC,Potato,535.0
Punjab,Patiala,Ghanaur APMC,Potato,400.0
Rajasthan,Bikaner,Bikaner (F&V) APMC,Brinjal,1800.0
Rajasthan,Bikaner,Bikaner (F&V) APMC,Green Chilli,2400.0
Tamil Nadu,Coimbatore,Vadavalli(Uzhavar Sandhai ) APMC,Grapes,8500.0
Tamil Nadu,Coimbatore,Vadavalli(Uzhavar Sandhai ) APMC,Papaya,3400.0
Tamil Nadu,Coimbatore,Vadavalli(Uzhavar Sandhai ) APMC,Bhindi(Ladies Finger),5750.0
Tamil Nadu,Coimbatore,Vadavalli(Uzhavar Sandhai ) APMC,Cabbage,1700.0
Tamil Nadu,Coimbatore,Vadavalli(Uzhavar Sandhai ) APMC,Thondekai,2750.0
Tamil Nadu,Coimbatore,Vadavalli(Uzhavar Sandhai ) APMC,Green Avare(W),5750.0
Tamil Nadu,Coimbatore,Vadavalli(Uzhavar Sandhai ) APMC,Chow Chow,2350.0
Tamil Nadu,Coimbatore,Vadavalli(Uzhavar Sandhai ) APMC,Sweet Corn ,3750.0
Tripura,North Tripura,Dasda APMC,Masur Dal,8500.0
Tripura,North Tripura,Dasda APMC,Cucumbar(Kheera),4000.0
Tripura,North Tripura,Dasda APMC,Bitter gourd,4000.0
Uttar Pradesh,Ambedkarnagar,Akbarpur APMC,Wood,450.0
Rajasthan,Nagaur,Degana APMC,Bengal Gram(Gram)(Whole),5000.0
Gujarat,Amreli,Dhari APMC,Methi Seeds,5630.0
Punjab,Ferozpur,Zira APMC,Cauliflower,1200.0
Tamil Nadu,Dindigul,Vedasanthur(Uzhavar Sandhai ) APMC,Tomato,1500.0
Tamil Nadu,Dindigul,Vedasanthur(Uzhavar Sandhai ) APMC,Bitter gourd,3500.0
Tamil Nadu,Dindigul,Vedasanthur(Uzhavar Sandhai ) APMC,Bhindi(Ladies Finger),3750.0
Tamil Nadu,Dindigul,Vedasanthur(Uzhavar Sandhai ) APMC,Green Chilli,3050.0
Tamil Nadu,Dindigul,Vedasanthur(Uzhavar Sandhai ) APMC,Banana - Green,2250.0
Tamil Nadu,Dindigul,Vedasanthur(Uzhavar Sandhai ) APMC,Ridgeguard(Tori),4500.0
Tamil Nadu,Dindigul,Vedasanthur(Uzhavar Sandhai ) APMC,Raddish,2200.0
Gujarat,Vadodara(Baroda),Padra APMC,Green Chilli,1650.0
Gujarat,Vadodara(Baroda),Padra APMC,Leafy Vegetable,1125.0
Gujarat,Vadodara(Baroda),Padra APMC,Spinach,675.0
Haryana,Panchkula,Raipur Rai APMC,Pumpkin,1400.0
Haryana,Panchkula,Raipur Rai APMC,Colacasia,1700.0
Haryana,Ambala,Mullana APMC,Wheat,2585.0
Haryana,Ambala,Shahzadpur APMC,Cauliflower,1500.0
Haryana,Ambala,Shahzadpur APMC,Brinjal,1500.0
Haryana,Ambala,Shahzadpur APMC,Bottle gourd,1500.0
Haryana,Yamuna Nagar,Jagadhri APMC,Onion,1400.0
Haryana,Yamuna Nagar,Jagadhri APMC,Bottle gourd,1500.0
Haryana,Yamuna Nagar,Jagadhri APMC,Cabbage,300.0
Haryana,Yamuna Nagar,Jagadhri APMC,Pumpkin,1800.0
Haryana,Yamuna Nagar,Jagadhri APMC,Ginger(Green),6200.0
Haryana,Yamuna Nagar,Jagadhri APMC,Cauliflower,2000.0
Haryana,Yamuna Nagar,Jagadhri APMC,Chikoos(Sapota),2200.0
Haryana,Yamuna Nagar,Chhachrauli APMC,Cauliflower,1400.0
Haryana,Yamuna Nagar,Chhachrauli APMC,Pumpkin,1000.0
Haryana,Yamuna Nagar,Chhachrauli APMC,Cucumbar(Kheera),600.0
Haryana,Yamuna Nagar,Chhachrauli APMC,Ginger(Green),4000.0
Haryana,Yamuna Nagar,Sadhaura APMC,Pumpkin,750.0
Haryana,Yamuna Nagar,Sadhaura APMC,Onion,1300.0
Haryana,Bhiwani,Tosham APMC,Wheat,2585.0
Uttar Pradesh,Bulandshahar,Gulavati APMC,Potato,1300.0
Uttar Pradesh,Bulandshahar,Gulavati APMC,Wood,1650.0
Uttar Pradesh,Bulandshahar,Gulavati APMC,Mustard,6077.28
Haryana,Hissar,Barwala(Hisar) APMC,Cotton,7471.0
Haryana,Hissar,Uklana APMC,Cauliflower,800.0
Haryana,Fatehabad,Jakhal APMC,Tomato,1500.0
Haryana,Fatehabad,Jakhal APMC,Potato,300.0
Haryana,Fatehabad,Ratia APMC,Apple,10000.0
Haryana,Fatehabad,Ratia APMC,Banana,2800.0
Haryana,Jind,Uchana APMC,Barley(Jau),2005.0
Punjab,Fazilka,Jalalabad APMC,Tomato,1800.0
Punjab,Fazilka,Jalalabad APMC,Banana,3200.0
Punjab,Fazilka,Jalalabad APMC,Guava,4500.0
Punjab,Fazilka,Jalalabad APMC,Karbuja(Musk Melon),2700.0
Punjab,Fazilka,Jalalabad APMC,Papaya,3400.0
Punjab,Fazilka,Jalalabad APMC,Bhindi(Ladies Finger),5000.0
Punjab,Fazilka,Jalalabad APMC,Brinjal,1600.0
Punjab,Fazilka,Jalalabad APMC,Cauliflower,1100.0
Punjab,Fazilka,Jalalabad APMC,Garlic,9000.0
Punjab,Fazilka,Jalalabad APMC,Carrot,1600.0
Punjab,Fazilka,Jalalabad APMC,Gram Raw(Chholia),1300.0
Punjab,Fazilka,Jalalabad APMC,Green Chilli,6100.0
Punjab,Fazilka,Jalalabad APMC,Raddish,1000.0
Punjab,Fazilka,Jalalabad APMC,Sweet Pumpkin,1500.0
Gujarat,Surat,Nizar APMC,Wheat,2150.0
Madhya Pradesh,Bhind,Mow APMC,Barley(Jau),2080.0
Haryana,Sonipat,Ganaur APMC,Banana,2800.0
Haryana,Sonipat,Ganaur APMC,Mousambi(Sweet Lime),3800.0
Haryana,Sonipat,Ganaur APMC,Carrot,3200.0
Haryana,Sonipat,Ganaur APMC,Mango(Raw-Ripe),4500.0
Haryana,Sonipat,Ganaur APMC,Raddish,1000.0
Haryana,Jhajar,Bahadurgarh APMC,Cauliflower,1450.0
Haryana,Jhajar,Bahadurgarh APMC,Water Melon,2000.0
Madhya Pradesh,Jabalpur,Sehora APMC,Wheat,2268.0
Madhya Pradesh,Jabalpur,Sehora APMC,Wheat,2150.0
Kerala,Thirssur,Chelakkara APMC,Ashgourd,2500.0
Kerala,Thirssur,Chelakkara APMC,Tomato,2800.0
Kerala,Thirssur,Chelakkara APMC,Cowpea(Veg),4200.0
Kerala,Thirssur,Chelakkara APMC,Cabbage,1900.0
Kerala,Thirssur,Chelakkara APMC,Cauliflower,3600.0
Kerala,Kozhikode(Calicut),Kallachi APMC,Potato,2400.0
Kerala,Kozhikode(Calicut),Kallachi APMC,Cucumbar(Kheera),2000.0
Kerala,Kollam,Sasthamkotta APMC,Colacasia,5000.0
Kerala,Kollam,Sasthamkotta APMC,Ashgourd,2500.0
Kerala,Kollam,Sasthamkotta APMC,Banana,4000.0
Kerala,Kollam,Sasthamkotta APMC,Banana,3500.0
Kerala,Ernakulam,Piravam APMC,Bhindi(Ladies Finger),6000.0
Kerala,Ernakulam,Piravam APMC,Beetroot,4500.0
Kerala,Ernakulam,Piravam APMC,Banana - Green,3500.0
Kerala,Ernakulam,Piravam APMC,Carrot,6500.0
Kerala,Ernakulam,Piravam APMC,Cowpea(Veg),6500.0
Kerala,Ernakulam,Piravam APMC,Cucumbar(Kheera),5000.0
Kerala,Ernakulam,Piravam APMC,Little gourd(Kundru),4500.0
Kerala,Ernakulam,Piravam APMC,Tapioca,3000.0
Tamil Nadu,Coimbatore,Sundarapuram(Uzhavar Sandhai ) APMC,Potato,3250.0
Tamil Nadu,Coimbatore,Sundarapuram(Uzhavar Sandhai ) APMC,Chikoos(Sapota),4250.0
Tamil Nadu,Coimbatore,Sundarapuram(Uzhavar Sandhai ) APMC,Ashgourd,1800.0
Tamil Nadu,Coimbatore,Sundarapuram(Uzhavar Sandhai ) APMC,Bhindi(Ladies Finger),6250.0
Tamil Nadu,Coimbatore,Sundarapuram(Uzhavar Sandhai ) APMC,Beans,8250.0
Tamil Nadu,Coimbatore,Sundarapuram(Uzhavar Sandhai ) APMC,Cabbage,1900.0
Tamil Nadu,Coimbatore,Sundarapuram(Uzhavar Sandhai ) APMC,Snakeguard,3400.0
Tamil Nadu,Coimbatore,Sundarapuram(Uzhavar Sandhai ) APMC,Cucumbar(Kheera),3250.0
Tamil Nadu,Coimbatore,Sundarapuram(Uzhavar Sandhai ) APMC,Capsicum,5250.0
Tamil Nadu,Coimbatore,Sundarapuram(Uzhavar Sandhai ) APMC,Mango(Raw-Ripe),4250.0
Tamil Nadu,Coimbatore,Sundarapuram(Uzhavar Sandhai ) APMC,Amla(Nelli Kai),7750.0
Kerala,Thiruvananthapuram,Parassala APMC,Snakeguard,4000.0
Kerala,Thiruvananthapuram,Parassala APMC,Banana,4000.0
Kerala,Thiruvananthapuram,Parassala APMC,Amaranthus,6000.0
Kerala,Kollam,Anchal APMC,Amaranthus,4200.0
Kerala,Kollam,Anchal APMC,Cabbage,5600.0
Kerala,Kollam,Anchal APMC,Elephant Yam(Suran)/Amorphophallus,4600.0
Kerala,Kollam,Anchal APMC,Papaya,2300.0
Kerala,Kollam,Anchal APMC,Tapioca,2600.0
Kerala,Alappuzha,Chengannur APMC,Mango(Raw-Ripe),4000.0
Kerala,Alappuzha,Chengannur APMC,Onion,2000.0
Kerala,Alappuzha,Chengannur APMC,Potato,3000.0
Kerala,Alappuzha,Chengannur APMC,Elephant Yam(Suran)/Amorphophallus,3100.0
Kerala,Alappuzha,Chengannur APMC,Bottle gourd,1800.0
Kerala,Alappuzha,Chengannur APMC,Bhindi(Ladies Finger),4800.0
Kerala,Alappuzha,Chengannur APMC,Cabbage,3000.0
Kerala,Alappuzha,Chengannur APMC,Cowpea(Veg),3500.0
Kerala,Alappuzha,Harippad APMC,Onion,4000.0
Jammu and Kashmir,Kathua,Kathua APMC,Orange,7750.0
Jammu and Kashmir,Kathua,Kathua APMC,Bitter gourd,6250.0
Jammu and Kashmir,Kathua,Kathua APMC,Banana,3250.0
Kerala,Alappuzha,Kayamkulam APMC,Onion,2800.0
Haryana,Rohtak,Meham APMC,Grapes,7000.0
Kerala,Ernakulam,Kurumassery VFPCK APMC,Banana,4000.0
Kerala,Thirssur,Chazhur VFPCK APMC,Banana,3500.0
Kerala,Palakad,Moochamkundu VFPCK APMC,Brinjal,2700.0
Kerala,Kozhikode(Calicut),Kakkur VFPCK APMC,Bitter gourd,5800.0
Uttar Pradesh,Banda,Atarra APMC,Rice,2400.0
Uttar Pradesh,Banda,Atarra APMC,Peas(Dry),4100.0
West Bengal,Murshidabad,Kandi APMC,Wheat,2650.0
Punjab,Jalandhar,Jalandhar City(Jalandhar) APMC,Papaya,1100.0
Punjab,Jalandhar,Jalandhar City(Jalandhar) APMC,Banana - Green,1200.0
Punjab,Gurdaspur,Kalanaur APMC,Cauliflower,2500.0
Punjab,Gurdaspur,Kalanaur APMC,Green Chilli,4000.0
Gujarat,Kheda,Nadiyad(Piplag) APMC,Brinjal,1500.0
Gujarat,Kheda,Nadiyad(Piplag) APMC,Cabbage,1500.0
Gujarat,Kheda,Nadiyad(Piplag) APMC,Cauliflower,1800.0
Gujarat,Kheda,Nadiyad(Piplag) APMC,Coriander(Leaves),1400.0
Rajasthan,Baran,Anta APMC,Wheat,2361.0
Rajasthan,Baran,Anta APMC,Bengal Gram(Gram)(Whole),5209.0
Kerala,Ernakulam,North Paravur APMC,Green Chilli,4800.0
Kerala,Ernakulam,North Paravur APMC,Cowpea(Veg),4200.0
Kerala,Ernakulam,North Paravur APMC,Ginger(Green),7500.0
Kerala,Ernakulam,North Paravur APMC,Cucumbar(Kheera),3000.0
Kerala,Ernakulam,North Paravur APMC,Garlic,9500.0
Kerala,Ernakulam,North Paravur APMC,Mango(Raw-Ripe),4000.0
Punjab,Bhatinda,Rampuraphul(Nabha Mandi) APMC,Bhindi(Ladies Finger),7000.0
Punjab,Bhatinda,Rampuraphul(Nabha Mandi) APMC,Cauliflower,1500.0
Punjab,Bhatinda,Rampuraphul(Nabha Mandi) APMC,Tomato,1500.0
Punjab,Bhatinda,Rampuraphul(Nabha Mandi) APMC,Papaya,3000.0
Punjab,Hoshiarpur,Mukerian(Talwara) APMC,Cabbage,1000.0
Himachal Pradesh,Kangra,SMY Jaisinghpur,Banana,5000.0
Himachal Pradesh,Kangra,SMY Jaisinghpur,Apple,15500.0
Himachal Pradesh,Kangra,SMY Jaisinghpur,Carrot,3000.0
Himachal Pradesh,Mandi,SMY Takoli,Carrot,2000.0
Himachal Pradesh,Mandi,SMY Takoli,Raddish,1300.0
West Bengal,Darjeeling,Siliguri APMC,Masur Dal,12200.0
West Bengal,Darjeeling,Siliguri APMC,Green Gram Dal(Moong Dal),9700.0
West Bengal,Darjeeling,Siliguri APMC,Potato,750.0
Punjab,Hoshiarpur,Garh Shankar(Mahalpur) APMC,Garlic,7000.0
Punjab,Hoshiarpur,Garh Shankar(Mahalpur) APMC,Banana,2300.0
Punjab,Hoshiarpur,Garh Shankar(Mahalpur) APMC,Guava,4500.0
Tamil Nadu,Erode,Sampath Nagar(Uzhavar Sandhai ) APMC,Groundnut,5800.0
Tamil Nadu,Erode,Sampath Nagar(Uzhavar Sandhai ) APMC,Grapes,11500.0
Tamil Nadu,Erode,Sampath Nagar(Uzhavar Sandhai ) APMC,Ashgourd,1700.0
Tamil Nadu,Erode,Sampath Nagar(Uzhavar Sandhai ) APMC,Amaranthus,3250.0
Tamil Nadu,Erode,Sampath Nagar(Uzhavar Sandhai ) APMC,Green Chilli,3100.0
Tamil Nadu,Erode,Sampath Nagar(Uzhavar Sandhai ) APMC,Beans,7300.0
Tamil Nadu,Erode,Sampath Nagar(Uzhavar Sandhai ) APMC,Ginger(Green),6600.0
Tamil Nadu,Erode,Sampath Nagar(Uzhavar Sandhai ) APMC,Ridgeguard(Tori),4100.0
Tamil Nadu,Erode,Sampath Nagar(Uzhavar Sandhai ) APMC,Raddish,2200.0
Tamil Nadu,Erode,Sampath Nagar(Uzhavar Sandhai ) APMC,Lemon,13500.0
Uttar Pradesh,Gorakhpur,Gorakhpur APMC,Paddy(Common),2200.0
Uttar Pradesh,Gorakhpur,Gorakhpur APMC,Wood,600.0
Uttar Pradesh,Gorakhpur,Gorakhpur APMC,Green Gram(Moong)(Whole),9250.0
Uttar Pradesh,Gorakhpur,Gorakhpur APMC,Methi Seeds,5219.68
Punjab,Tarntaran,Tarantaran APMC,Cabbage,900.0
Punjab,Tarntaran,Tarantaran APMC,Tomato,2000.0
Madhya Pradesh,Seoni,Keolari APMC,Maize,1617.0
Tamil Nadu,Erode,Gobichettipalayam(Uzhavar Sandhai ) APMC,Papaya,2650.0
Tamil Nadu,Erode,Gobichettipalayam(Uzhavar Sandhai ) APMC,Bitter gourd,5200.0
Tamil Nadu,Erode,Gobichettipalayam(Uzhavar Sandhai ) APMC,Bhindi(Ladies Finger),5750.0
Tamil Nadu,Erode,Gobichettipalayam(Uzhavar Sandhai ) APMC,Tapioca,2200.0
Tamil Nadu,Erode,Gobichettipalayam(Uzhavar Sandhai ) APMC,Coconut,4750.0
Tamil Nadu,Erode,Gobichettipalayam(Uzhavar Sandhai ) APMC,Green Avare(W),6200.0
Tamil Nadu,Erode,Gobichettipalayam(Uzhavar Sandhai ) APMC,Mint(Pudina),3350.0
Tamil Nadu,Erode,Sathiyamagalam(Uzhavar Sandhai ) APMC,Banana,3750.0
Tamil Nadu,Erode,Sathiyamagalam(Uzhavar Sandhai ) APMC,Water Melon,2150.0
Tamil Nadu,Erode,Sathiyamagalam(Uzhavar Sandhai ) APMC,Bottle gourd,1250.0
Tamil Nadu,Erode,Sathiyamagalam(Uzhavar Sandhai ) APMC,Ashgourd,1600.0
Tamil Nadu,Erode,Sathiyamagalam(Uzhavar Sandhai ) APMC,Pumpkin,1800.0
Tamil Nadu,Erode,Sathiyamagalam(Uzhavar Sandhai ) APMC,Green Chilli,3300.0
Tamil Nadu,Erode,Sathiyamagalam(Uzhavar Sandhai ) APMC,Banana - Green,3250.0
Tamil Nadu,Erode,Sathiyamagalam(Uzhavar Sandhai ) APMC,Cabbage,2200.0
Tamil Nadu,Erode,Sathiyamagalam(Uzhavar Sandhai ) APMC,Snakeguard,4200.0
Haryana,Panipat,Samalkha APMC,Cabbage,500.0
Haryana,Panipat,Samalkha APMC,Onion Green,1000.0
Haryana,Panipat,Samalkha APMC,Pumpkin,1000.0
Haryana,Panipat,Samalkha APMC,Spinach,1000.0
Tamil Nadu,Thiruvarur,Valangaiman APMC,Tomato,1400.0
Tamil Nadu,Thiruvarur,Valangaiman APMC,Banana - Green,4000.0
Tamil Nadu,Thiruvarur,Valangaiman APMC,Snakeguard,3000.0
Telangana,Ranga Reddy,Chevella APMC,Brinjal,3000.0
Maharashtra,Mumbai,Vashi New Mumbai APMC,Onion,950.0
Uttar Pradesh,Etawah,Jasvantnagar APMC,Onion,1320.0
Uttar Pradesh,Etawah,Jasvantnagar APMC,Apple,9620.0
Uttar Pradesh,Etawah,Jasvantnagar APMC,Grapes,5010.0
Uttar Pradesh,Etawah,Jasvantnagar APMC,Capsicum,3210.0
Uttar Pradesh,Etawah,Jasvantnagar APMC,Carrot,2210.0
Uttar Pradesh,Etawah,Jasvantnagar APMC,Ginger(Green),4710.0
Uttar Pradesh,Etawah,Jasvantnagar APMC,Green Chilli,3620.0
Uttar Pradesh,Etawah,Jasvantnagar APMC,Pumpkin,1510.0
Odisha,Dhenkanal,Hindol APMC,Bhindi(Ladies Finger),4000.0
Odisha,Dhenkanal,Hindol APMC,Potato,1100.0
West Bengal,Medinipur(W),Garbeta(Medinipur) APMC,Potato,490.0
West Bengal,Purba Bardhaman,Guskara APMC,Rice,3050.0
West Bengal,Purba Bardhaman,Guskara APMC,Brinjal,2400.0
Tamil Nadu,Namakkal,Tiruchengode APMC,Tomato,1700.0
Tamil Nadu,Namakkal,Tiruchengode APMC,Amaranthus,3250.0
Tamil Nadu,Namakkal,Tiruchengode APMC,Beans,7500.0
Tamil Nadu,Namakkal,Tiruchengode APMC,Ginger(Green),6600.0
Tamil Nadu,Namakkal,Tiruchengode APMC,Elephant Yam(Suran)/Amorphophallus,2800.0
Tamil Nadu,Namakkal,Tiruchengode APMC,Yam(Ratalu),5700.0
Tamil Nadu,Namakkal,Tiruchengode APMC,Onion Green,2250.0
Tamil Nadu,Namakkal,Tiruchengode APMC,Mint(Pudina),3750.0
Punjab,Kapurthala,Bhulath (Nadala) APMC,Peas Wet,2400.0
Punjab,Kapurthala,Bhulath (Nadala) APMC,Raddish,1350.0
Tamil Nadu,Thiruchirappalli,Thuraiyur APMC,Papaya,3750.0
Tamil Nadu,Thiruchirappalli,Thuraiyur APMC,Bitter gourd,3750.0
Tamil Nadu,Thiruchirappalli,Thuraiyur APMC,Ashgourd,1350.0
Tamil Nadu,Thiruchirappalli,Thuraiyur APMC,Pumpkin,1350.0
Tamil Nadu,Thiruchirappalli,Thuraiyur APMC,Cowpea(Veg),2750.0
Tamil Nadu,Thiruchirappalli,Thuraiyur APMC,Banana - Green,1750.0
Tamil Nadu,Thiruchirappalli,Thuraiyur APMC,Beans,6500.0
Tamil Nadu,Thiruchirappalli,Thuraiyur APMC,Ginger(Green),7300.0
Tamil Nadu,Thiruchirappalli,Thuraiyur APMC,Sweet Potato,3250.0
Tamil Nadu,Thiruchirappalli,Thuraiyur APMC,Carrot,3250.0
Tamil Nadu,Thiruchirappalli,Thuraiyur APMC,Snakeguard,3250.0
Tamil Nadu,Thiruchirappalli,Thuraiyur APMC,Thondekai,2750.0
Tamil Nadu,Thiruchirappalli,Thuraiyur APMC,Mango(Raw-Ripe),3250.0
Tamil Nadu,Thiruchirappalli,Thuraiyur APMC,Guava,5500.0
Madhya Pradesh,Dhar,Badnawar(F&V) APMC,Onion,500.0
Tamil Nadu,Ariyalur,Ariyalur(Uzhavar Sandhai) APMC,Potato,3700.0
Tamil Nadu,Ariyalur,Ariyalur(Uzhavar Sandhai) APMC,Beans,7600.0
Tamil Nadu,Ariyalur,Ariyalur(Uzhavar Sandhai) APMC,Ginger(Green),7700.0
Tamil Nadu,Ariyalur,Ariyalur(Uzhavar Sandhai) APMC,Cabbage,2600.0
Tamil Nadu,Ariyalur,Ariyalur(Uzhavar Sandhai) APMC,Beetroot,3700.0
Tamil Nadu,Ariyalur,Ariyalur(Uzhavar Sandhai) APMC,Raddish,2250.0
Tamil Nadu,Ariyalur,Jeyankondam (Uzhavar Sandhai ) APMC,Brinjal,5200.0
Tamil Nadu,Ariyalur,Jeyankondam (Uzhavar Sandhai ) APMC,Bottle gourd,1600.0
Tamil Nadu,Ariyalur,Jeyankondam (Uzhavar Sandhai ) APMC,Ashgourd,1600.0
Tamil Nadu,Ariyalur,Jeyankondam (Uzhavar Sandhai ) APMC,Bhindi(Ladies Finger),5000.0
Tamil Nadu,Ariyalur,Jeyankondam (Uzhavar Sandhai ) APMC,Amaranthus,3600.0
Tamil Nadu,Ariyalur,Jeyankondam (Uzhavar Sandhai ) APMC,Green Avare(W),7800.0
Madhya Pradesh,Ujjain,Ujjain(F&V) APMC,Cabbage,1094.0
Madhya Pradesh,Ujjain,Ujjain(F&V) APMC,Green Chilli,2074.0
Madhya Pradesh,Ujjain,Ujjain(F&V) APMC,Methi(Leaves),762.0
Madhya Pradesh,Sagar,Sagar(F&V) APMC,Cucumbar(Kheera),800.0
Madhya Pradesh,Sagar,Sagar(F&V) APMC,Green Chilli,2500.0
Tamil Nadu,Coimbatore,RSPuram(Uzhavar Sandhai ) APMC,Groundnut,6000.0
Tamil Nadu,Coimbatore,RSPuram(Uzhavar Sandhai ) APMC,Apple,23000.0
Tamil Nadu,Coimbatore,RSPuram(Uzhavar Sandhai ) APMC,Onion,1950.0
Tamil Nadu,Coimbatore,RSPuram(Uzhavar Sandhai ) APMC,Garlic,12600.0
Tamil Nadu,Coimbatore,RSPuram(Uzhavar Sandhai ) APMC,Cauliflower,3500.0
Tamil Nadu,Coimbatore,RSPuram(Uzhavar Sandhai ) APMC,Coriander(Leaves),4600.0
Tamil Nadu,Coimbatore,RSPuram(Uzhavar Sandhai ) APMC,Papaya,3000.0
Tamil Nadu,Coimbatore,RSPuram(Uzhavar Sandhai ) APMC,Bottle gourd,2100.0
Tamil Nadu,Coimbatore,RSPuram(Uzhavar Sandhai ) APMC,Ginger(Green),6250.0
Tamil Nadu,Coimbatore,RSPuram(Uzhavar Sandhai ) APMC,Carrot,3200.0
Tamil Nadu,Coimbatore,RSPuram(Uzhavar Sandhai ) APMC,Raddish,2400.0
Tamil Nadu,Coimbatore,RSPuram(Uzhavar Sandhai ) APMC,Knool Khol,3000.0
Tamil Nadu,Coimbatore,RSPuram(Uzhavar Sandhai ) APMC,Karbuja(Musk Melon),3200.0
Tamil Nadu,Coimbatore,RSPuram(Uzhavar Sandhai ) APMC,Tender Coconut,3600.0
Tamil Nadu,Coimbatore,Singanallur(Uzhavar Sandhai ) APMC,Banana,5000.0
Tamil Nadu,Coimbatore,Singanallur(Uzhavar Sandhai ) APMC,Garlic,14000.0
Tamil Nadu,Coimbatore,Singanallur(Uzhavar Sandhai ) APMC,Green Peas,8250.0
Tamil Nadu,Coimbatore,Singanallur(Uzhavar Sandhai ) APMC,Ginger(Green),7000.0
Tamil Nadu,Coimbatore,Singanallur(Uzhavar Sandhai ) APMC,Snakeguard,3250.0
Tamil Nadu,Coimbatore,Singanallur(Uzhavar Sandhai ) APMC,Capsicum,5000.0
Tamil Nadu,Coimbatore,Singanallur(Uzhavar Sandhai ) APMC,Chow Chow,2400.0
Tamil Nadu,Coimbatore,Singanallur(Uzhavar Sandhai ) APMC,Mango(Raw-Ripe),4500.0
Tamil Nadu,Coimbatore,Singanallur(Uzhavar Sandhai ) APMC,Knool Khol,3250.0
Tamil Nadu,Coimbatore,Singanallur(Uzhavar Sandhai ) APMC,Colacasia,4750.0
Tamil Nadu,Coimbatore,Singanallur(Uzhavar Sandhai ) APMC,Amla(Nelli Kai),8250.0
Gujarat,Banaskanth,Deesa APMC,Mustard,6600.0
Gujarat,Banaskanth,Deesa APMC,Rajgir,9200.0
Gujarat,Banaskanth,Dhanera APMC,Bajra(Pearl Millet/Cumbu),3120.0
Gujarat,Banaskanth,Dhanera APMC,Barley(Jau),2435.0
Gujarat,Banaskanth,Dhanera APMC,Wheat,2150.0
Gujarat,Banaskanth,Dhanera APMC,Cummin Seed(Jeera),19885.0
Gujarat,Bharuch,Bharuch APMC,Grapes,3500.0
Gujarat,Bharuch,Bharuch APMC,Karbuja(Musk Melon),1200.0
Gujarat,Bharuch,Bharuch APMC,Onion Green,1700.0
Gujarat,Bharuch,Bharuch APMC,Tomato,800.0
Gujarat,Bharuch,Bharuch APMC,Field Pea,3000.0
Gujarat,Dahod,Dahod APMC,Wheat,2750.0
Gujarat,Dahod,Dahod APMC,Dry Chillies,20000.0
Gujarat,Sabarkantha,Talod APMC,Guar Seed(Cluster Beans Seed),5088.0
Gujarat,Bhavnagar,Mahuva(Station Road) APMC,Cummin Seed(Jeera),18475.0
Uttar Pradesh,Gorakhpur,Sehjanwa APMC,Wheat,2442.89
Uttar Pradesh,Gorakhpur,Sehjanwa APMC,Wheat,2479.96
Haryana,Mahendragarh-Narnaul,Narnaul APMC,Spinach,2000.0
Haryana,Mahendragarh-Narnaul,Narnaul APMC,Ginger(Green),5000.0
Haryana,Mahendragarh-Narnaul,Narnaul APMC,Cabbage,800.0
Haryana,Mahendragarh-Narnaul,Narnaul APMC,Karbuja(Musk Melon),1500.0
Gujarat,Rajkot,Rajkot(Veg.Sub Yard) APMC,Potato,860.0
Gujarat,Rajkot,Rajkot(Veg.Sub Yard) APMC,Coriander(Leaves),815.0
Gujarat,Rajkot,Rajkot(Veg.Sub Yard) APMC,Onion,800.0
Gujarat,Surendranagar,Chotila APMC,Wheat,2450.0
Uttar Pradesh,Raebarelli,Lalganj APMC,Peas(Dry),4000.0
Uttar Pradesh,Raebarelli,Lalganj APMC,Wheat,2306.42
Uttar Pradesh,Raebarelli,Lalganj APMC,Paddy(Common),2350.0
Uttar Pradesh,Kasganj,Ganj Dundwara APMC,Wood,600.0
Uttar Pradesh,Bahraich,Mihipurwa APMC,Wheat,2550.0
Uttar Pradesh,Amroha,Hasanpur APMC,Wood,700.0
Uttar Pradesh,Amroha,Hasanpur APMC,Ginger(Green),4010.0
Uttar Pradesh,Amroha,Hasanpur APMC,Wood,400.0
Haryana,Panchkula,Barwala APMC,Onion,1750.0
Haryana,Panchkula,Barwala APMC,Pumpkin,700.0
Tamil Nadu,Coimbatore,Pollachi(Uzhavar Sandhai ) APMC,Coriander(Leaves),4750.0
Tamil Nadu,Coimbatore,Pollachi(Uzhavar Sandhai ) APMC,Tomato,1650.0
Tamil Nadu,Coimbatore,Pollachi(Uzhavar Sandhai ) APMC,Cluster beans,3750.0
Tamil Nadu,Coimbatore,Pollachi(Uzhavar Sandhai ) APMC,Ashgourd,2000.0
Tamil Nadu,Coimbatore,Pollachi(Uzhavar Sandhai ) APMC,Amaranthus,3500.0
Tamil Nadu,Coimbatore,Pollachi(Uzhavar Sandhai ) APMC,Ginger(Green),6000.0
Tamil Nadu,Coimbatore,Pollachi(Uzhavar Sandhai ) APMC,Cabbage,2250.0
Tamil Nadu,Coimbatore,Pollachi(Uzhavar Sandhai ) APMC,Mango(Raw-Ripe),3750.0
Tamil Nadu,Coimbatore,Pollachi(Uzhavar Sandhai ) APMC,Tender Coconut,3750.0
Tamil Nadu,Coimbatore,Pollachi(Uzhavar Sandhai ) APMC,Lemon,11000.0
Uttar Pradesh,Gautam Budh Nagar,Jewar APMC,Wheat,2585.0
Chattisgarh,Kanker,Lakhanpuri APMC,Paddy(Common),1900.0
Chattisgarh,Kanker,Bhanupratappur APMC,Mahua,3000.0
Uttar Pradesh,Lucknow,Banthara APMC,Sweet Saag,32052.15
Uttar Pradesh,Hamirpur,Raath APMC,Firewood,410.0
Uttar Pradesh,Hamirpur,Raath APMC,Wheat,2590.0
Tamil Nadu,Coimbatore,Mettupalayam(Uzhavar Sandhai ) APMC,Coriander(Leaves),4750.0
Tamil Nadu,Coimbatore,Mettupalayam(Uzhavar Sandhai ) APMC,Papaya,3250.0
Tamil Nadu,Coimbatore,Mettupalayam(Uzhavar Sandhai ) APMC,Tomato,1650.0
Tamil Nadu,Coimbatore,Mettupalayam(Uzhavar Sandhai ) APMC,Pumpkin,1800.0
Tamil Nadu,Coimbatore,Mettupalayam(Uzhavar Sandhai ) APMC,Carrot,3750.0
Tamil Nadu,Coimbatore,Mettupalayam(Uzhavar Sandhai ) APMC,Thondekai,2300.0
Tamil Nadu,Coimbatore,Mettupalayam(Uzhavar Sandhai ) APMC,Capsicum,5750.0
Tamil Nadu,Coimbatore,Mettupalayam(Uzhavar Sandhai ) APMC,Chow Chow,2250.0
Tamil Nadu,Coimbatore,Mettupalayam(Uzhavar Sandhai ) APMC,Mango(Raw-Ripe),3250.0
Tamil Nadu,Coimbatore,Mettupalayam(Uzhavar Sandhai ) APMC,Lime,12000.0
Tamil Nadu,Coimbatore,Mettupalayam(Uzhavar Sandhai ) APMC,Tender Coconut,4250.0
Tamil Nadu,Coimbatore,Mettupalayam(Uzhavar Sandhai ) APMC,Elephant Yam(Suran)/Amorphophallus,3250.0
Tamil Nadu,Coimbatore,Mettupalayam(Uzhavar Sandhai ) APMC,Yam(Ratalu),5750.0
Uttar Pradesh,Rampur,Milak APMC,Capsicum,710.0
Uttar Pradesh,Khiri (Lakhimpur),Mohammdi APMC,Wheat,2252.1
Uttar Pradesh,Unnao,Purwa APMC,Wood,520.0
Uttar Pradesh,Unnao,Purwa APMC,Wheat,2362.96
Uttar Pradesh,Saharanpur,Gangoh APMC,Mustard,6200.0
Uttar Pradesh,Saharanpur,Gangoh APMC,Wheat,2400.0
Uttar Pradesh,Sant Kabir Nagar,Khalilabad APMC,Wood,510.0
Uttar Pradesh,Bijnor,Nagina APMC,Wood,500.0
Uttar Pradesh,Kanpur Dehat,Pukharayan APMC,Mustard,6260.0
Uttar Pradesh,Kanpur Dehat,Pukharayan APMC,Bottle gourd,1150.0
Uttar Pradesh,Kanpur Dehat,Pukharayan APMC,Tomato,1020.0
Uttar Pradesh,Kanpur Dehat,Pukharayan APMC,Pomegranate,7500.0
Madhya Pradesh,Satna,Maihar(F&V) APMC,Onion,500.0
Madhya Pradesh,Satna,Maihar(F&V) APMC,Bottle gourd,1115.79
Madhya Pradesh,Satna,Maihar(F&V) APMC,Green Chilli,3200.0
Uttar Pradesh,Jhansi,Baruwasagar APMC,Ginger(Green),4700.0
Uttar Pradesh,Bijnor,Najibabad APMC,Wood,500.0
Uttar Pradesh,Bijnor,Najibabad APMC,Gur(Jaggery),3600.0
Uttar Pradesh,Agra,Fatehabad APMC,Wheat,2425.0
Kerala,Idukki,Thodupuzha APMC,Cucumbar(Kheera),3300.0
Kerala,Idukki,Thodupuzha APMC,French Beans(Frasbean),6500.0
Kerala,Idukki,Thodupuzha APMC,Drumstick,4600.0
Kerala,Idukki,Thodupuzha APMC,Long Melon(Kakri),3400.0
Uttar Pradesh,Saharanpur,Deoband APMC,Gur(Jaggery),2500.0
Uttar Pradesh,Auraiya,Dibiapur APMC,Bajra(Pearl Millet/Cumbu),1900.0
Uttar Pradesh,Agra,Fatehpur Sikri APMC,Green Chilli,4200.0
Uttar Pradesh,Agra,Fatehpur Sikri APMC,Mustard,6800.0
Uttar Pradesh,Rampur,Bilaspur APMC,Firewood,400.0
Uttar Pradesh,Rampur,Bilaspur APMC,Paddy(Common),2168.98
Uttar Pradesh,Badaun,Dataganj APMC,Paddy(Common),2300.0
Chandigarh,Chandigarh,Chandigarh(Grain/Fruit) APMC,Carrot,1200.0
Chandigarh,Chandigarh,Chandigarh(Grain/Fruit) APMC,Green Chilli,4500.0
Uttar Pradesh,Mainpuri,Bewar APMC,Wheat,2431.0
Uttar Pradesh,Mahoba,Charkhari APMC,Barley(Jau),2000.0
Uttar Pradesh,Agra,Samsabad APMC,Green Chilli,1200.0
Odisha,Bargarh,Bargarh(Barapalli) APMC,Onion,1500.0
Odisha,Bargarh,Bargarh(Barapalli) APMC,Cabbage,1800.0
Uttar Pradesh,Agra,Khairagarh APMC,Bajra(Pearl Millet/Cumbu),1760.0
Uttar Pradesh,Agra,Khairagarh APMC,Green Chilli,3000.0
Uttar Pradesh,Banda,Baberu APMC,Paddy(Common),4000.0
Uttar Pradesh,Amroha,Dhanaura APMC,Wood,500.0
Uttar Pradesh,Muzaffarnagar,Shahpur APMC,Gur(Jaggery),3600.0
Tamil Nadu,Karur,Karur(Uzhavar Sandhai ) APMC,Banana,5500.0
Tamil Nadu,Karur,Karur(Uzhavar Sandhai ) APMC,Cauliflower,2750.0
Tamil Nadu,Karur,Karur(Uzhavar Sandhai ) APMC,Green Chilli,3000.0
Tamil Nadu,Karur,Karur(Uzhavar Sandhai ) APMC,Ginger(Green),7750.0
Tamil Nadu,Karur,Karur(Uzhavar Sandhai ) APMC,Drumstick,2750.0
Tamil Nadu,Karur,Karur(Uzhavar Sandhai ) APMC,Guava,5750.0
Tamil Nadu,Karur,Karur(Uzhavar Sandhai ) APMC,Sweet Corn ,3750.0
Tripura,Dhalai,Masli,Green Chilli,7200.0
Tripura,Dhalai,Masli,Sweet Pumpkin,2200.0
Tripura,Dhalai,Masli,Bhindi(Ladies Finger),5500.0
Assam,Kamrup,Pamohi(Garchuk) APMC,Potato,1300.0
Assam,Kamrup,Pamohi(Garchuk) APMC,Bhindi(Ladies Finger),4500.0
Assam,Kamrup,Pamohi(Garchuk) APMC,Ridgeguard(Tori),3500.0
Assam,Kamrup,Pamohi(Garchuk) APMC,Pumpkin,1700.0
Assam,Kamrup,Pamohi(Garchuk) APMC,Raddish,1700.0
Assam,Kamrup,Pamohi(Garchuk) APMC,Sponge gourd,4000.0
Assam,Kamrup,Pamohi(Garchuk) APMC,Cabbage,1500.0
Assam,Kamrup,Pamohi(Garchuk) APMC,Cauliflower,2700.0
Assam,Kamrup,Pamohi(Garchuk) APMC,Beans,3500.0
Assam,Kamrup,Pamohi(Garchuk) APMC,Green Chilli,5000.0
Assam,Kamrup,Pamohi(Garchuk) APMC,Capsicum,5500.0
Assam,Kamrup,Pamohi(Garchuk) APMC,Corriander seed,6500.0
Tamil Nadu,Coimbatore,Kurichi(Uzhavar Sandhai ) APMC,Onion,2100.0
Tamil Nadu,Coimbatore,Kurichi(Uzhavar Sandhai ) APMC,Cluster beans,3750.0
Tamil Nadu,Coimbatore,Kurichi(Uzhavar Sandhai ) APMC,Coconut,5600.0
Tamil Nadu,Coimbatore,Kurichi(Uzhavar Sandhai ) APMC,Sweet Potato,3250.0
Maharashtra,Buldhana,BSK Krishi Bazar Private Ltd APMC,Wheat,2100.0
Maharashtra,Ahmednagar,Om Chaitanya Multistate Agro Purpose CoOp Society  APMC,Wheat,2200.0
Maharashtra,Ahmednagar,Om Chaitanya Multistate Agro Purpose CoOp Society  APMC,Kulthi(Horse Gram),5000.0
Tamil Nadu,Cuddalore,Cuddalore(Uzhavar Sandhai ) APMC,Brinjal,4250.0
Tamil Nadu,Cuddalore,Cuddalore(Uzhavar Sandhai ) APMC,Bhindi(Ladies Finger),4500.0
Tamil Nadu,Cuddalore,Cuddalore(Uzhavar Sandhai ) APMC,Amaranthus,2500.0
Tamil Nadu,Cuddalore,Cuddalore(Uzhavar Sandhai ) APMC,Green Chilli,3250.0
Tamil Nadu,Cuddalore,Cuddalore(Uzhavar Sandhai ) APMC,Beans,7000.0
Tamil Nadu,Cuddalore,Cuddalore(Uzhavar Sandhai ) APMC,Ginger(Green),8000.0
Tamil Nadu,Cuddalore,Cuddalore(Uzhavar Sandhai ) APMC,Sweet Potato,3000.0
Tamil Nadu,Cuddalore,Cuddalore(Uzhavar Sandhai ) APMC,Knool Khol,3000.0
Tamil Nadu,Cuddalore,Cuddalore(Uzhavar Sandhai ) APMC,Guava,4500.0
Tamil Nadu,Cuddalore,Cuddalore(Uzhavar Sandhai ) APMC,Yam(Ratalu),7000.0
Tamil Nadu,Cuddalore,Cuddalore(Uzhavar Sandhai ) APMC,Lemon,13500.0
Tamil Nadu,Cuddalore,Cuddalore(Uzhavar Sandhai ) APMC,Colacasia,6000.0
Tamil Nadu,Cuddalore,Chidambaram(Uzhavar Sandhai ) APMC,Onion Green,4000.0
Tamil Nadu,Cuddalore,Viruthachalam(Uzhavar Sandhai ) APMC,Potato,3000.0
Tamil Nadu,Cuddalore,Viruthachalam(Uzhavar Sandhai ) APMC,Cluster beans,3000.0
Tamil Nadu,Cuddalore,Viruthachalam(Uzhavar Sandhai ) APMC,Bhindi(Ladies Finger),4000.0
Tamil Nadu,Cuddalore,Viruthachalam(Uzhavar Sandhai ) APMC,Beans,7000.0
Tamil Nadu,Cuddalore,Viruthachalam(Uzhavar Sandhai ) APMC,Cabbage,2000.0
Tamil Nadu,Cuddalore,Panruti(Uzhavar Sandhai ) APMC,Papaya,4000.0
Tamil Nadu,Cuddalore,Panruti(Uzhavar Sandhai ) APMC,Cluster beans,3000.0
Tamil Nadu,Cuddalore,Panruti(Uzhavar Sandhai ) APMC,Pumpkin,2000.0
Tamil Nadu,Cuddalore,Panruti(Uzhavar Sandhai ) APMC,Raddish,2000.0
Tamil Nadu,Cuddalore,Panruti(Uzhavar Sandhai ) APMC,Guava,5000.0
Tamil Nadu,Cuddalore,Panruti(Uzhavar Sandhai ) APMC,Onion Green,4000.0
Tamil Nadu,Cuddalore,Vadalur(Uzhavar Sandhai ) APMC,Orange,7000.0
Tamil Nadu,Cuddalore,Vadalur(Uzhavar Sandhai ) APMC,Cluster beans,4000.0
Tamil Nadu,Cuddalore,Vadalur(Uzhavar Sandhai ) APMC,Amaranthus,2750.0
Tamil Nadu,Cuddalore,Vadalur(Uzhavar Sandhai ) APMC,Banana - Green,3000.0
Tamil Nadu,Cuddalore,Vadalur(Uzhavar Sandhai ) APMC,Beans,7000.0
Tamil Nadu,Cuddalore,Vadalur(Uzhavar Sandhai ) APMC,Coconut,6500.0
Tamil Nadu,Cuddalore,Vadalur(Uzhavar Sandhai ) APMC,Cabbage,2500.0
Tamil Nadu,Cuddalore,Vadalur(Uzhavar Sandhai ) APMC,Raddish,2500.0
Tamil Nadu,Cuddalore,Vadalur(Uzhavar Sandhai ) APMC,Knool Khol,3000.0
Tamil Nadu,Cuddalore,Vadalur(Uzhavar Sandhai ) APMC,Yam(Ratalu),6000.0
Tamil Nadu,Cuddalore,Vadalur(Uzhavar Sandhai ) APMC,Mint(Pudina),4000.0
Tamil Nadu,Dharmapuri,Dharmapuri(Uzhavar Sandhai ) APMC,Green Peas,9800.0
Tamil Nadu,Dharmapuri,Dharmapuri(Uzhavar Sandhai ) APMC,Water Melon,1900.0
Tamil Nadu,Dharmapuri,Dharmapuri(Uzhavar Sandhai ) APMC,Pumpkin,900.0
Tamil Nadu,Dharmapuri,Dharmapuri(Uzhavar Sandhai ) APMC,Carrot,3500.0
Tamil Nadu,Dharmapuri,Dharmapuri(Uzhavar Sandhai ) APMC,Snakeguard,1100.0
Tamil Nadu,Dharmapuri,Dharmapuri(Uzhavar Sandhai ) APMC,Beetroot,3900.0
Tamil Nadu,Dharmapuri,Dharmapuri(Uzhavar Sandhai ) APMC,Raddish,1300.0
Tamil Nadu,Dharmapuri,Dharmapuri(Uzhavar Sandhai ) APMC,Guava,4350.0
Tamil Nadu,Dharmapuri,Dharmapuri(Uzhavar Sandhai ) APMC,Tender Coconut,2900.0
Tamil Nadu,Dharmapuri,Dharmapuri(Uzhavar Sandhai ) APMC,Tamarind Fruit,13900.0
Tamil Nadu,Dharmapuri,Pennagaram(Uzhavar Sandhai ) APMC,Cluster beans,4400.0
Tamil Nadu,Dharmapuri,Pennagaram(Uzhavar Sandhai ) APMC,Bitter gourd,3700.0
Tamil Nadu,Dharmapuri,Pennagaram(Uzhavar Sandhai ) APMC,Beans,7900.0
Tamil Nadu,Dharmapuri,Pennagaram(Uzhavar Sandhai ) APMC,Tapioca,2900.0
Tamil Nadu,Dharmapuri,Pennagaram(Uzhavar Sandhai ) APMC,Cabbage,2400.0
Tamil Nadu,Dharmapuri,Pennagaram(Uzhavar Sandhai ) APMC,Snakeguard,3400.0
Tamil Nadu,Dharmapuri,Pennagaram(Uzhavar Sandhai ) APMC,Knool Khol,4900.0
Tamil Nadu,Dharmapuri,Pennagaram(Uzhavar Sandhai ) APMC,Guava,4900.0
Tamil Nadu,Dharmapuri,Pennagaram(Uzhavar Sandhai ) APMC,Lemon,16900.0
Tamil Nadu,Dharmapuri,Palacode(Uzhavar Sandhai ) APMC,Cauliflower,2900.0
Tamil Nadu,Dharmapuri,Palacode(Uzhavar Sandhai ) APMC,Cluster beans,3800.0
Tamil Nadu,Dharmapuri,Palacode(Uzhavar Sandhai ) APMC,Ashgourd,1400.0
Tamil Nadu,Dharmapuri,Palacode(Uzhavar Sandhai ) APMC,Pumpkin,1400.0
Tamil Nadu,Dharmapuri,Palacode(Uzhavar Sandhai ) APMC,Cowpea(Veg),5800.0
Tamil Nadu,Dharmapuri,Palacode(Uzhavar Sandhai ) APMC,Coconut,5800.0
Tamil Nadu,Dharmapuri,Palacode(Uzhavar Sandhai ) APMC,Beetroot,2900.0
Tamil Nadu,Dharmapuri,Palacode(Uzhavar Sandhai ) APMC,Knool Khol,3700.0
Tamil Nadu,Dharmapuri,Palacode(Uzhavar Sandhai ) APMC,Elephant Yam(Suran)/Amorphophallus,3800.0
Tamil Nadu,Dharmapuri,Palacode(Uzhavar Sandhai ) APMC,Lemon,14500.0
Tamil Nadu,Dharmapuri,Palacode(Uzhavar Sandhai ) APMC,Amla(Nelli Kai),9250.0
Tamil Nadu,Dharmapuri,Palacode(Uzhavar Sandhai ) APMC,Onion Green,3400.0
Tamil Nadu,Dharmapuri,AJattihalli(Uzhavar Sandhai ) APMC,Onion,2500.0
Tamil Nadu,Dharmapuri,AJattihalli(Uzhavar Sandhai ) APMC,Cauliflower,2900.0
Tamil Nadu,Dharmapuri,AJattihalli(Uzhavar Sandhai ) APMC,Cluster beans,3900.0
Tamil Nadu,Dharmapuri,AJattihalli(Uzhavar Sandhai ) APMC,Beetroot,3900.0
Tamil Nadu,Dharmapuri,AJattihalli(Uzhavar Sandhai ) APMC,Cucumbar(Kheera),3700.0
Tamil Nadu,Dindigul,Dindigul(Uzhavar Sandhai ) APMC,Cauliflower,4500.0
Tamil Nadu,Dindigul,Dindigul(Uzhavar Sandhai ) APMC,Papaya,3250.0
Tamil Nadu,Dindigul,Dindigul(Uzhavar Sandhai ) APMC,Ashgourd,2750.0
Tamil Nadu,Dindigul,Dindigul(Uzhavar Sandhai ) APMC,Bhindi(Ladies Finger),4500.0
Tamil Nadu,Dindigul,Dindigul(Uzhavar Sandhai ) APMC,Beetroot,4500.0
Tamil Nadu,Dindigul,Dindigul(Uzhavar Sandhai ) APMC,Thondekai,3300.0
Tamil Nadu,Dindigul,Dindigul(Uzhavar Sandhai ) APMC,Chow Chow,2750.0
Tamil Nadu,Dindigul,Dindigul(Uzhavar Sandhai ) APMC,Mango(Raw-Ripe),4500.0
Tamil Nadu,Dindigul,Dindigul(Uzhavar Sandhai ) APMC,Tamarind Fruit,15500.0
Tamil Nadu,Dindigul,Dindigul(Uzhavar Sandhai ) APMC,Yam(Ratalu),6500.0
Tamil Nadu,Dindigul,Palani(Uzhavar Sandhai ) APMC,Potato,2300.0
Tamil Nadu,Dindigul,Palani(Uzhavar Sandhai ) APMC,Garlic,25000.0
Tamil Nadu,Dindigul,Palani(Uzhavar Sandhai ) APMC,Bottle gourd,1000.0
Tamil Nadu,Dindigul,Palani(Uzhavar Sandhai ) APMC,Tapioca,2750.0
Tamil Nadu,Dindigul,Palani(Uzhavar Sandhai ) APMC,Carrot,3600.0
Tamil Nadu,Dindigul,Palani(Uzhavar Sandhai ) APMC,Drumstick,2750.0
Tamil Nadu,Dindigul,Palani(Uzhavar Sandhai ) APMC,Mango(Raw-Ripe),2750.0
Tamil Nadu,Dindigul,Palani(Uzhavar Sandhai ) APMC,Guava,4500.0
Tamil Nadu,Dindigul,Palani(Uzhavar Sandhai ) APMC,Tender Coconut,3500.0
Tamil Nadu,Dindigul,Palani(Uzhavar Sandhai ) APMC,Yam(Ratalu),5500.0
Tamil Nadu,Dindigul,Chinnalapatti(Uzhavar Sandhai ) APMC,Cluster beans,3750.0
Tamil Nadu,Dindigul,Chinnalapatti(Uzhavar Sandhai ) APMC,Banana - Green,1750.0
Tamil Nadu,Dindigul,Chinnalapatti(Uzhavar Sandhai ) APMC,Tapioca,3300.0
Tamil Nadu,Dindigul,Chinnalapatti(Uzhavar Sandhai ) APMC,Cabbage,2750.0
Tamil Nadu,Dindigul,Chinnalapatti(Uzhavar Sandhai ) APMC,Snakeguard,3500.0
Tamil Nadu,Dindigul,Chinnalapatti(Uzhavar Sandhai ) APMC,Drumstick,4500.0
Tamil Nadu,Dindigul,Chinnalapatti(Uzhavar Sandhai ) APMC,Mango(Raw-Ripe),4500.0
Tamil Nadu,Dindigul,Chinnalapatti(Uzhavar Sandhai ) APMC,Indian Beans(Seam),7500.0
Tamil Nadu,Dindigul,Chinnalapatti(Uzhavar Sandhai ) APMC,Mint(Pudina),2250.0
Tamil Nadu,Erode,Periyar Nagar(Uzhavar Sandhai ) APMC,Banana,2200.0
Tamil Nadu,Erode,Periyar Nagar(Uzhavar Sandhai ) APMC,Brinjal,2200.0
Tamil Nadu,Erode,Periyar Nagar(Uzhavar Sandhai ) APMC,Bitter gourd,3200.0
Tamil Nadu,Erode,Periyar Nagar(Uzhavar Sandhai ) APMC,Bhindi(Ladies Finger),5200.0
Tamil Nadu,Erode,Periyar Nagar(Uzhavar Sandhai ) APMC,Banana - Green,3250.0
Tamil Nadu,Erode,Periyar Nagar(Uzhavar Sandhai ) APMC,Sweet Potato,3250.0
Tamil Nadu,Erode,Periyar Nagar(Uzhavar Sandhai ) APMC,Raddish,2200.0
Tamil Nadu,Erode,Periyar Nagar(Uzhavar Sandhai ) APMC,Green Avare(W),5200.0
Tamil Nadu,Erode,Periyar Nagar(Uzhavar Sandhai ) APMC,Elephant Yam(Suran)/Amorphophallus,2100.0
Tamil Nadu,Erode,Periyar Nagar(Uzhavar Sandhai ) APMC,Onion Green,2400.0
Tamil Nadu,Erode,Perundurai(Uzhavar Sandhai ) APMC,Potato,2750.0
Tamil Nadu,Erode,Perundurai(Uzhavar Sandhai ) APMC,Brinjal,2650.0
Tamil Nadu,Erode,Perundurai(Uzhavar Sandhai ) APMC,Coriander(Leaves),4650.0
Tamil Nadu,Erode,Perundurai(Uzhavar Sandhai ) APMC,Bitter gourd,2800.0
Tamil Nadu,Erode,Perundurai(Uzhavar Sandhai ) APMC,Coconut,4250.0
Tamil Nadu,Erode,Perundurai(Uzhavar Sandhai ) APMC,Beetroot,4250.0
Tamil Nadu,Erode,Perundurai(Uzhavar Sandhai ) APMC,Mint(Pudina),3750.0
Tamil Nadu,Erode,Thalavadi(Uzhavar Sandhai ) APMC,Potato,3200.0
Tamil Nadu,Erode,Thalavadi(Uzhavar Sandhai ) APMC,Cauliflower,2750.0
Tamil Nadu,Erode,Thalavadi(Uzhavar Sandhai ) APMC,Brinjal,2600.0
Tamil Nadu,Erode,Thalavadi(Uzhavar Sandhai ) APMC,Papaya,2200.0
Tamil Nadu,Erode,Thalavadi(Uzhavar Sandhai ) APMC,Bottle gourd,1750.0
Tamil Nadu,Erode,Thalavadi(Uzhavar Sandhai ) APMC,Coconut,4500.0
Tamil Nadu,Erode,Thalavadi(Uzhavar Sandhai ) APMC,Cabbage,1150.0
Tamil Nadu,Erode,Thalavadi(Uzhavar Sandhai ) APMC,Snakeguard,3750.0
Tamil Nadu,Erode,Thalavadi(Uzhavar Sandhai ) APMC,Beetroot,2700.0
Tamil Nadu,Kancheepuram,Padappai(Uzhavar Sandhai ) APMC,Banana,5250.0
Tamil Nadu,Kancheepuram,Padappai(Uzhavar Sandhai ) APMC,Onion,2250.0
Tamil Nadu,Kancheepuram,Padappai(Uzhavar Sandhai ) APMC,Cauliflower,3000.0
Tamil Nadu,Kancheepuram,Padappai(Uzhavar Sandhai ) APMC,Banana - Green,3000.0
Tamil Nadu,Kancheepuram,Padappai(Uzhavar Sandhai ) APMC,Beans,5250.0
Tamil Nadu,Kancheepuram,Padappai(Uzhavar Sandhai ) APMC,Cabbage,1250.0
Tamil Nadu,Kancheepuram,Padappai(Uzhavar Sandhai ) APMC,Cucumbar(Kheera),3500.0
Tamil Nadu,Kancheepuram,Padappai(Uzhavar Sandhai ) APMC,Mashrooms,24000.0
Tamil Nadu,Kancheepuram,Sunguvarchatram(Uzhavar Sandhai ) APMC,Cauliflower,2750.0
Tamil Nadu,Kancheepuram,Sunguvarchatram(Uzhavar Sandhai ) APMC,Amaranthus,1350.0
Tamil Nadu,Kancheepuram,Sunguvarchatram(Uzhavar Sandhai ) APMC,Banana - Green,1750.0
Tamil Nadu,Kancheepuram,Sunguvarchatram(Uzhavar Sandhai ) APMC,Coconut,4750.0
Tamil Nadu,Kancheepuram,Sunguvarchatram(Uzhavar Sandhai ) APMC,Cabbage,1750.0
Tamil Nadu,Kancheepuram,Sunguvarchatram(Uzhavar Sandhai ) APMC,Green Avare(W),4250.0
Tamil Nadu,Kancheepuram,Kundrathur(Uzhavar Sandhai ) APMC,Banana,4500.0
Tamil Nadu,Kancheepuram,Kundrathur(Uzhavar Sandhai ) APMC,Potato,2750.0
Tamil Nadu,Kancheepuram,Kundrathur(Uzhavar Sandhai ) APMC,Coriander(Leaves),4000.0
Tamil Nadu,Kancheepuram,Kundrathur(Uzhavar Sandhai ) APMC,Tomato,1700.0
Tamil Nadu,Kancheepuram,Kundrathur(Uzhavar Sandhai ) APMC,Cluster beans,3500.0
Tamil Nadu,Kancheepuram,Kundrathur(Uzhavar Sandhai ) APMC,Ashgourd,1750.0
Tamil Nadu,Kancheepuram,Kundrathur(Uzhavar Sandhai ) APMC,Pumpkin,1750.0
Tamil Nadu,Kancheepuram,Kundrathur(Uzhavar Sandhai ) APMC,Snakeguard,3500.0
Tamil Nadu,Kancheepuram,Kundrathur(Uzhavar Sandhai ) APMC,Green Avare(W),4500.0
Tamil Nadu,Kancheepuram,Kundrathur(Uzhavar Sandhai ) APMC,Knool Khol,2000.0
Tamil Nadu,Kancheepuram,Kundrathur(Uzhavar Sandhai ) APMC,Colacasia,3000.0
Tamil Nadu,Kancheepuram,Kundrathur(Uzhavar Sandhai ) APMC,Mint(Pudina),3500.0
Tamil Nadu,Karur,Kulithalai(Uzhavar Sandhai ) APMC,Chikoos(Sapota),4500.0
Tamil Nadu,Karur,Kulithalai(Uzhavar Sandhai ) APMC,Bhindi(Ladies Finger),4700.0
Tamil Nadu,Karur,Kulithalai(Uzhavar Sandhai ) APMC,Green Chilli,3800.0
Tamil Nadu,Karur,Kulithalai(Uzhavar Sandhai ) APMC,Carrot,3800.0
Tamil Nadu,Karur,Kulithalai(Uzhavar Sandhai ) APMC,Thondekai,4500.0
Tamil Nadu,Karur,Kulithalai(Uzhavar Sandhai ) APMC,Yam(Ratalu),6500.0
Tamil Nadu,Karur,Kulithalai(Uzhavar Sandhai ) APMC,Amla(Nelli Kai),7500.0
Tamil Nadu,Karur,Kulithalai(Uzhavar Sandhai ) APMC,Onion Green,3250.0
Tamil Nadu,Karur,Velayuthampalayam(Uzhavar Sandhai ) APMC,Brinjal,3150.0
Tamil Nadu,Karur,Velayuthampalayam(Uzhavar Sandhai ) APMC,Cluster beans,3600.0
Tamil Nadu,Karur,Velayuthampalayam(Uzhavar Sandhai ) APMC,Bitter gourd,3600.0
Tamil Nadu,Karur,Velayuthampalayam(Uzhavar Sandhai ) APMC,Ridgeguard(Tori),3600.0
Tamil Nadu,Karur,Velayuthampalayam(Uzhavar Sandhai ) APMC,Raddish,2250.0
Tamil Nadu,Karur,Pallapatti (Uzhavar Sandhai ) APMC,Bottle gourd,1350.0
Tamil Nadu,Karur,Pallapatti (Uzhavar Sandhai ) APMC,Pumpkin,1750.0
Tamil Nadu,Karur,Vengamedu(Uzhavar Sandhai ) APMC,Banana - Green,3750.0
Tamil Nadu,Karur,Vengamedu(Uzhavar Sandhai ) APMC,Ridgeguard(Tori),3750.0
Tamil Nadu,Karur,Vengamedu(Uzhavar Sandhai ) APMC,Raddish,2250.0
Tamil Nadu,Karur,Vengamedu(Uzhavar Sandhai ) APMC,Green Avare(W),8000.0
Tamil Nadu,Karur,Vengamedu(Uzhavar Sandhai ) APMC,Onion Green,3250.0
Tamil Nadu,Krishnagiri,Hosur(Uzhavar Sandhai ) APMC,Apple,23000.0
Tamil Nadu,Krishnagiri,Hosur(Uzhavar Sandhai ) APMC,Cauliflower,2750.0
Tamil Nadu,Krishnagiri,Hosur(Uzhavar Sandhai ) APMC,Coriander(Leaves),2750.0
Tamil Nadu,Krishnagiri,Hosur(Uzhavar Sandhai ) APMC,Green Peas,10500.0
Tamil Nadu,Krishnagiri,Hosur(Uzhavar Sandhai ) APMC,Ashgourd,3750.0
Tamil Nadu,Krishnagiri,Hosur(Uzhavar Sandhai ) APMC,Bhindi(Ladies Finger),5500.0
Tamil Nadu,Krishnagiri,Hosur(Uzhavar Sandhai ) APMC,Cowpea(Veg),4750.0
Tamil Nadu,Krishnagiri,Hosur(Uzhavar Sandhai ) APMC,Beans,6500.0
Tamil Nadu,Krishnagiri,Hosur(Uzhavar Sandhai ) APMC,Tapioca,4750.0
Tamil Nadu,Krishnagiri,Hosur(Uzhavar Sandhai ) APMC,Sweet Potato,3750.0
Tamil Nadu,Krishnagiri,Hosur(Uzhavar Sandhai ) APMC,Cabbage,900.0
Tamil Nadu,Krishnagiri,Hosur(Uzhavar Sandhai ) APMC,Ridgeguard(Tori),3750.0
Tamil Nadu,Krishnagiri,Hosur(Uzhavar Sandhai ) APMC,Pomegranate,17500.0
Tamil Nadu,Krishnagiri,Krishnagiri(Uzhavar Sandhai ) APMC,Groundnut,5750.0
Tamil Nadu,Krishnagiri,Krishnagiri(Uzhavar Sandhai ) APMC,Brinjal,1800.0
Tamil Nadu,Krishnagiri,Krishnagiri(Uzhavar Sandhai ) APMC,Chikoos(Sapota),2750.0
Tamil Nadu,Krishnagiri,Krishnagiri(Uzhavar Sandhai ) APMC,Bottle gourd,1100.0
Tamil Nadu,Krishnagiri,Krishnagiri(Uzhavar Sandhai ) APMC,Amaranthus,2750.0
Tamil Nadu,Krishnagiri,Krishnagiri(Uzhavar Sandhai ) APMC,Green Chilli,3750.0
Tamil Nadu,Krishnagiri,Krishnagiri(Uzhavar Sandhai ) APMC,Banana - Green,2750.0
Tamil Nadu,Krishnagiri,Krishnagiri(Uzhavar Sandhai ) APMC,Ginger(Green),7500.0
Tamil Nadu,Krishnagiri,Krishnagiri(Uzhavar Sandhai ) APMC,Carrot,4250.0
Tamil Nadu,Krishnagiri,Krishnagiri(Uzhavar Sandhai ) APMC,Cucumbar(Kheera),1200.0
Tamil Nadu,Krishnagiri,Krishnagiri(Uzhavar Sandhai ) APMC,Raddish,1300.0
Tamil Nadu,Krishnagiri,Krishnagiri(Uzhavar Sandhai ) APMC,Onion Green,3250.0
Tamil Nadu,Krishnagiri,Krishnagiri(Uzhavar Sandhai ) APMC,Sweet Corn ,2750.0
Tamil Nadu,Krishnagiri,Denkanikottai(Uzhavar Sandhai ) APMC,Papaya,2750.0
Tamil Nadu,Krishnagiri,Denkanikottai(Uzhavar Sandhai ) APMC,Ashgourd,2750.0
Tamil Nadu,Krishnagiri,Denkanikottai(Uzhavar Sandhai ) APMC,Amaranthus,3500.0
Tamil Nadu,Krishnagiri,Denkanikottai(Uzhavar Sandhai ) APMC,Green Chilli,4500.0
Tamil Nadu,Krishnagiri,Denkanikottai(Uzhavar Sandhai ) APMC,Cabbage,900.0
Tamil Nadu,Krishnagiri,Denkanikottai(Uzhavar Sandhai ) APMC,Chow Chow,1750.0
Tamil Nadu,Krishnagiri,Avallapalli(Uzhavar Sandhai ) APMC,Cauliflower,2250.0
Tamil Nadu,Krishnagiri,Avallapalli(Uzhavar Sandhai ) APMC,Papaya,3750.0
Tamil Nadu,Krishnagiri,Avallapalli(Uzhavar Sandhai ) APMC,Cluster beans,4750.0
Tamil Nadu,Krishnagiri,Avallapalli(Uzhavar Sandhai ) APMC,Cowpea(Veg),3750.0
Tamil Nadu,Krishnagiri,Avallapalli(Uzhavar Sandhai ) APMC,Green Avare(W),5250.0
Tamil Nadu,Krishnagiri,Avallapalli(Uzhavar Sandhai ) APMC,Mint(Pudina),1750.0
Tamil Nadu,Madurai,Anna nagar(Uzhavar Sandhai ) APMC,Apple,19000.0
Tamil Nadu,Madurai,Anna nagar(Uzhavar Sandhai ) APMC,Beans,6500.0
Tamil Nadu,Madurai,Anna nagar(Uzhavar Sandhai ) APMC,Beetroot,3750.0
Tamil Nadu,Madurai,Anna nagar(Uzhavar Sandhai ) APMC,Ridgeguard(Tori),3300.0
Tamil Nadu,Madurai,Anna nagar(Uzhavar Sandhai ) APMC,Mango(Raw-Ripe),3750.0
Tamil Nadu,Madurai,Anna nagar(Uzhavar Sandhai ) APMC,Knool Khol,3300.0
Tamil Nadu,Madurai,Anna nagar(Uzhavar Sandhai ) APMC,Lime,11000.0
Tamil Nadu,Madurai,Anna nagar(Uzhavar Sandhai ) APMC,Jasmine,62500.0
Tamil Nadu,Madurai,Chokkikulam(Uzhavar Sandhai ) APMC,Banana,4500.0
Tamil Nadu,Madurai,Chokkikulam(Uzhavar Sandhai ) APMC,Pineapple,6500.0
Tamil Nadu,Madurai,Chokkikulam(Uzhavar Sandhai ) APMC,Green Peas,8000.0
Tamil Nadu,Madurai,Chokkikulam(Uzhavar Sandhai ) APMC,Tomato,1500.0
Tamil Nadu,Madurai,Chokkikulam(Uzhavar Sandhai ) APMC,Ginger(Green),8500.0
Tamil Nadu,Madurai,Chokkikulam(Uzhavar Sandhai ) APMC,Sweet Potato,3300.0
Tamil Nadu,Madurai,Chokkikulam(Uzhavar Sandhai ) APMC,Cabbage,1800.0
Tamil Nadu,Madurai,Chokkikulam(Uzhavar Sandhai ) APMC,Drumstick,5000.0
Tamil Nadu,Madurai,Chokkikulam(Uzhavar Sandhai ) APMC,Guava,7500.0
Tamil Nadu,Madurai,Chokkikulam(Uzhavar Sandhai ) APMC,Yam(Ratalu),5750.0
Tamil Nadu,Madurai,Chokkikulam(Uzhavar Sandhai ) APMC,Indian Beans(Seam),6250.0
Tamil Nadu,Madurai,Chokkikulam(Uzhavar Sandhai ) APMC,Amla(Nelli Kai),6750.0
Tamil Nadu,Madurai,Chokkikulam(Uzhavar Sandhai ) APMC,Onion Green,3900.0
Tamil Nadu,Madurai,Palanganatham(Uzhavar Sandhai ) APMC,Cauliflower,2750.0
Tamil Nadu,Madurai,Palanganatham(Uzhavar Sandhai ) APMC,Bitter gourd,3100.0
Tamil Nadu,Madurai,Palanganatham(Uzhavar Sandhai ) APMC,Ashgourd,1350.0
Tamil Nadu,Madurai,Palanganatham(Uzhavar Sandhai ) APMC,Amaranthus,3300.0
Tamil Nadu,Madurai,Palanganatham(Uzhavar Sandhai ) APMC,Mango(Raw-Ripe),2500.0
Tamil Nadu,Madurai,Palanganatham(Uzhavar Sandhai ) APMC,Guava,7500.0
Tamil Nadu,Madurai,Palanganatham(Uzhavar Sandhai ) APMC,Elephant Yam(Suran)/Amorphophallus,3800.0
Tamil Nadu,Madurai,Usilampatti(Uzhavar Sandhai ) APMC,Coconut,5600.0
Tamil Nadu,Madurai,Usilampatti(Uzhavar Sandhai ) APMC,Snakeguard,3300.0
Tamil Nadu,Madurai,Usilampatti(Uzhavar Sandhai ) APMC,Onion Green,3750.0
Tamil Nadu,Madurai,Usilampatti(Uzhavar Sandhai ) APMC,Mint(Pudina),2750.0
Tamil Nadu,Madurai,Thirumangalam(Uzhavar Sandhai ) APMC,Raddish,2250.0
Tamil Nadu,Madurai,Thirumangalam(Uzhavar Sandhai ) APMC,Drumstick,3500.0
Tamil Nadu,Madurai,Melur(Uzhavar Sandhai ) APMC,Groundnut,6500.0
Tamil Nadu,Madurai,Melur(Uzhavar Sandhai ) APMC,Bottle gourd,1900.0
Tamil Nadu,Madurai,Melur(Uzhavar Sandhai ) APMC,Bhindi(Ladies Finger),4200.0
Tamil Nadu,Madurai,Melur(Uzhavar Sandhai ) APMC,Amaranthus,3300.0
Tamil Nadu,Madurai,Melur(Uzhavar Sandhai ) APMC,Banana - Green,2000.0
Tamil Nadu,Madurai,Melur(Uzhavar Sandhai ) APMC,Snakeguard,3300.0
Tamil Nadu,Madurai,Melur(Uzhavar Sandhai ) APMC,Thondekai,2800.0
Tamil Nadu,Madurai,Melur(Uzhavar Sandhai ) APMC,Colacasia,5000.0
Tamil Nadu,Madurai,Melur(Uzhavar Sandhai ) APMC,Amla(Nelli Kai),6750.0
Tamil Nadu,Madurai,Anaiyur(Uzhavar Sandhai ) APMC,Banana,3500.0
Tamil Nadu,Madurai,Anaiyur(Uzhavar Sandhai ) APMC,Green Peas,7500.0
Tamil Nadu,Madurai,Anaiyur(Uzhavar Sandhai ) APMC,Mousambi(Sweet Lime),7500.0
Tamil Nadu,Madurai,Anaiyur(Uzhavar Sandhai ) APMC,Green Chilli,3300.0
Tamil Nadu,Madurai,Anaiyur(Uzhavar Sandhai ) APMC,Beetroot,3050.0
Tamil Nadu,Madurai,Anaiyur(Uzhavar Sandhai ) APMC,Thondekai,2750.0
Tamil Nadu,Madurai,Anaiyur(Uzhavar Sandhai ) APMC,Capsicum,5500.0
Tamil Nadu,Madurai,Anaiyur(Uzhavar Sandhai ) APMC,Indian Beans(Seam),5500.0
Tamil Nadu,Madurai,Anaiyur(Uzhavar Sandhai ) APMC,Colacasia,5250.0
Tamil Nadu,Madurai,Anaiyur(Uzhavar Sandhai ) APMC,Mint(Pudina),2750.0
Tamil Nadu,Nagapattinam,Nagapattinam(Uzhavar Sandhai ) APMC,Garlic,19000.0
Tamil Nadu,Nagapattinam,Nagapattinam(Uzhavar Sandhai ) APMC,Brinjal,4500.0
Tamil Nadu,Nagapattinam,Nagapattinam(Uzhavar Sandhai ) APMC,Chikoos(Sapota),4500.0
Tamil Nadu,Nagapattinam,Nagapattinam(Uzhavar Sandhai ) APMC,Cabbage,3500.0
Tamil Nadu,Nagapattinam,Nagapattinam(Uzhavar Sandhai ) APMC,Cucumbar(Kheera),6250.0
Tamil Nadu,Nagapattinam,Nagapattinam(Uzhavar Sandhai ) APMC,Thondekai,5500.0
Tamil Nadu,Nagapattinam,Nagapattinam(Uzhavar Sandhai ) APMC,Tamarind Fruit,16000.0
Tamil Nadu,Nagapattinam,Nagapattinam(Uzhavar Sandhai ) APMC,Amla(Nelli Kai),5500.0
Tamil Nadu,Nagapattinam,Sirkali(Uzhavar Sandhai ) APMC,Groundnut,5750.0
Tamil Nadu,Nagapattinam,Sirkali(Uzhavar Sandhai ) APMC,Amaranthus,1750.0
Tamil Nadu,Nagapattinam,Sirkali(Uzhavar Sandhai ) APMC,Cabbage,2750.0
Tamil Nadu,Nagapattinam,Sirkali(Uzhavar Sandhai ) APMC,Mango(Raw-Ripe),6750.0
Tamil Nadu,Nagapattinam,Sirkali(Uzhavar Sandhai ) APMC,Guava,4500.0
Tamil Nadu,Namakkal,Namakkal(Uzhavar Sandhai ) APMC,Pineapple,3750.0
Tamil Nadu,Namakkal,Namakkal(Uzhavar Sandhai ) APMC,Bitter gourd,4750.0
Tamil Nadu,Namakkal,Namakkal(Uzhavar Sandhai ) APMC,Bhindi(Ladies Finger),4400.0
Tamil Nadu,Namakkal,Namakkal(Uzhavar Sandhai ) APMC,Cowpea(Veg),3750.0
Tamil Nadu,Namakkal,Namakkal(Uzhavar Sandhai ) APMC,Beans,7500.0
Tamil Nadu,Namakkal,Namakkal(Uzhavar Sandhai ) APMC,Ridgeguard(Tori),5500.0
Tamil Nadu,Namakkal,Namakkal(Uzhavar Sandhai ) APMC,Knool Khol,2750.0
Tamil Nadu,Namakkal,Namakkal(Uzhavar Sandhai ) APMC,Elephant Yam(Suran)/Amorphophallus,2750.0
Tamil Nadu,Namakkal,Namakkal(Uzhavar Sandhai ) APMC,Yam(Ratalu),5500.0
Tamil Nadu,Namakkal,Namakkal(Uzhavar Sandhai ) APMC,Mint(Pudina),3250.0
Tamil Nadu,Namakkal,Rasipuram(Uzhavar Sandhai ) APMC,Groundnut,6750.0
Tamil Nadu,Namakkal,Rasipuram(Uzhavar Sandhai ) APMC,Onion,2900.0
Tamil Nadu,Namakkal,Rasipuram(Uzhavar Sandhai ) APMC,Cauliflower,3000.0
Tamil Nadu,Namakkal,Rasipuram(Uzhavar Sandhai ) APMC,Coriander(Leaves),7800.0
Tamil Nadu,Namakkal,Rasipuram(Uzhavar Sandhai ) APMC,Bottle gourd,1700.0
Tamil Nadu,Namakkal,Rasipuram(Uzhavar Sandhai ) APMC,Amaranthus,3750.0
Tamil Nadu,Namakkal,Rasipuram(Uzhavar Sandhai ) APMC,Tapioca,2500.0
Tamil Nadu,Namakkal,Rasipuram(Uzhavar Sandhai ) APMC,Coconut,5100.0
Tamil Nadu,Namakkal,Rasipuram(Uzhavar Sandhai ) APMC,Snakeguard,5250.0
Tamil Nadu,Namakkal,Rasipuram(Uzhavar Sandhai ) APMC,Beetroot,4500.0
Tamil Nadu,Namakkal,Rasipuram(Uzhavar Sandhai ) APMC,Fig(Anjura/Anjeer),14000.0
Tamil Nadu,Namakkal,Rasipuram(Uzhavar Sandhai ) APMC,Mint(Pudina),3900.0
Tamil Nadu,Namakkal,Rasipuram(Uzhavar Sandhai ) APMC,Sweet Corn ,2250.0
Tamil Nadu,Namakkal,Kumarapalayam(Uzhavar Sandhai ) APMC,Onion,2300.0
Tamil Nadu,Namakkal,Kumarapalayam(Uzhavar Sandhai ) APMC,Bhindi(Ladies Finger),5000.0
Tamil Nadu,Namakkal,Kumarapalayam(Uzhavar Sandhai ) APMC,Ginger(Green),7000.0
Tamil Nadu,Namakkal,Kumarapalayam(Uzhavar Sandhai ) APMC,Lemon,7000.0
Tamil Nadu,Namakkal,Kumarapalayam(Uzhavar Sandhai ) APMC,Onion Green,3200.0
Tamil Nadu,Namakkal,Mohanur(Uzhavar Sandhai ) APMC,Onion,2700.0
Tamil Nadu,Namakkal,Mohanur(Uzhavar Sandhai ) APMC,Beetroot,3600.0
Tamil Nadu,Namakkal,Mohanur(Uzhavar Sandhai ) APMC,Raddish,2700.0
Tamil Nadu,Namakkal,Mohanur(Uzhavar Sandhai ) APMC,Mango(Raw-Ripe),5700.0
Tamil Nadu,Namakkal,Mohanur(Uzhavar Sandhai ) APMC,Guava,5750.0
Tamil Nadu,Namakkal,Mohanur(Uzhavar Sandhai ) APMC,Mint(Pudina),4500.0
Tamil Nadu,The Nilgiris,Udhagamandalam(Uzhavar Sandhai ) APMC,Orange,11000.0
Tamil Nadu,The Nilgiris,Udhagamandalam(Uzhavar Sandhai ) APMC,Grapes,9000.0
Tamil Nadu,The Nilgiris,Udhagamandalam(Uzhavar Sandhai ) APMC,Cauliflower,3250.0
Tamil Nadu,The Nilgiris,Udhagamandalam(Uzhavar Sandhai ) APMC,Papaya,4750.0
Tamil Nadu,The Nilgiris,Udhagamandalam(Uzhavar Sandhai ) APMC,Cluster beans,3750.0
Tamil Nadu,The Nilgiris,Udhagamandalam(Uzhavar Sandhai ) APMC,Bitter gourd,3750.0
Tamil Nadu,The Nilgiris,Udhagamandalam(Uzhavar Sandhai ) APMC,Green Chilli,3250.0
Tamil Nadu,The Nilgiris,Udhagamandalam(Uzhavar Sandhai ) APMC,Banana - Green,4250.0
Tamil Nadu,The Nilgiris,Udhagamandalam(Uzhavar Sandhai ) APMC,Beans,6750.0
Tamil Nadu,The Nilgiris,Udhagamandalam(Uzhavar Sandhai ) APMC,Ginger(Green),7250.0
Tamil Nadu,The Nilgiris,Udhagamandalam(Uzhavar Sandhai ) APMC,Drumstick,3250.0
Tamil Nadu,The Nilgiris,Udhagamandalam(Uzhavar Sandhai ) APMC,Onion Green,3200.0
Tamil Nadu,Perambalur,Perambalur(Uzhavar Sandhai ) APMC,Grapes,10000.0
Tamil Nadu,Perambalur,Perambalur(Uzhavar Sandhai ) APMC,Onion,2600.0
Tamil Nadu,Perambalur,Perambalur(Uzhavar Sandhai ) APMC,Garlic,13500.0
Tamil Nadu,Perambalur,Perambalur(Uzhavar Sandhai ) APMC,Brinjal,2900.0
Tamil Nadu,Perambalur,Perambalur(Uzhavar Sandhai ) APMC,Mousambi(Sweet Lime),7500.0
Tamil Nadu,Perambalur,Perambalur(Uzhavar Sandhai ) APMC,Ashgourd,1500.0
Tamil Nadu,Perambalur,Perambalur(Uzhavar Sandhai ) APMC,Ginger(Green),7250.0
Tamil Nadu,Perambalur,Perambalur(Uzhavar Sandhai ) APMC,Thondekai,4000.0
Tamil Nadu,Perambalur,Perambalur(Uzhavar Sandhai ) APMC,Capsicum,5600.0
Tamil Nadu,Perambalur,Perambalur(Uzhavar Sandhai ) APMC,Pomegranate,21000.0
Tamil Nadu,Perambalur,Perambalur(Uzhavar Sandhai ) APMC,Tender Coconut,3500.0
Tamil Nadu,Perambalur,Perambalur(Uzhavar Sandhai ) APMC,Indian Beans(Seam),7600.0
Tamil Nadu,Pudukkottai,Pudukottai(Uzhavar Sandhai ) APMC,Onion,3500.0
Tamil Nadu,Pudukkottai,Pudukottai(Uzhavar Sandhai ) APMC,Papaya,2750.0
Tamil Nadu,Pudukkottai,Pudukottai(Uzhavar Sandhai ) APMC,Cluster beans,4500.0
Tamil Nadu,Pudukkottai,Pudukottai(Uzhavar Sandhai ) APMC,Green Chilli,3250.0
Tamil Nadu,Pudukkottai,Pudukottai(Uzhavar Sandhai ) APMC,Tapioca,2250.0
Tamil Nadu,Pudukkottai,Pudukottai(Uzhavar Sandhai ) APMC,Coconut,3500.0
Tamil Nadu,Pudukkottai,Pudukottai(Uzhavar Sandhai ) APMC,Sweet Potato,4250.0
Tamil Nadu,Pudukkottai,Pudukottai(Uzhavar Sandhai ) APMC,Beetroot,3250.0
Tamil Nadu,Pudukkottai,Pudukottai(Uzhavar Sandhai ) APMC,Cucumbar(Kheera),4500.0
Tamil Nadu,Pudukkottai,Pudukottai(Uzhavar Sandhai ) APMC,Ridgeguard(Tori),3500.0
Tamil Nadu,Pudukkottai,Pudukottai(Uzhavar Sandhai ) APMC,Chow Chow,2750.0
Tamil Nadu,Pudukkottai,Pudukottai(Uzhavar Sandhai ) APMC,Tender Coconut,4500.0
Tamil Nadu,Pudukkottai,Aranthangi(Uzhavar Sandhai ) APMC,Brinjal,3750.0
Tamil Nadu,Pudukkottai,Aranthangi(Uzhavar Sandhai ) APMC,Bitter gourd,3750.0
Tamil Nadu,Pudukkottai,Aranthangi(Uzhavar Sandhai ) APMC,Bottle gourd,1750.0
Tamil Nadu,Pudukkottai,Aranthangi(Uzhavar Sandhai ) APMC,Bhindi(Ladies Finger),4250.0
Tamil Nadu,Pudukkottai,Aranthangi(Uzhavar Sandhai ) APMC,Green Chilli,2750.0
Tamil Nadu,Pudukkottai,Aranthangi(Uzhavar Sandhai ) APMC,Coconut,5500.0
Tamil Nadu,Pudukkottai,Aranthangi(Uzhavar Sandhai ) APMC,Lemon,11500.0
Tamil Nadu,Pudukkottai,Aranthangi(Uzhavar Sandhai ) APMC,Onion Green,3750.0
Tamil Nadu,Pudukkottai,Alangudi(Uzhavar Sandhai ) APMC,Papaya,2750.0
Tamil Nadu,Pudukkottai,Alangudi(Uzhavar Sandhai ) APMC,Bottle gourd,1250.0
Tamil Nadu,Pudukkottai,Alangudi(Uzhavar Sandhai ) APMC,Green Chilli,2750.0
Tamil Nadu,Pudukkottai,Alangudi(Uzhavar Sandhai ) APMC,Lemon,12500.0
Tamil Nadu,Pudukkottai,Viralimalai(Uzhavar Sandhai ) APMC,Brinjal,3650.0
Tamil Nadu,Pudukkottai,Viralimalai(Uzhavar Sandhai ) APMC,Tomato,1850.0
Tamil Nadu,Pudukkottai,Viralimalai(Uzhavar Sandhai ) APMC,Cluster beans,4600.0
Tamil Nadu,Pudukkottai,Viralimalai(Uzhavar Sandhai ) APMC,Coconut,3650.0
Tamil Nadu,Pudukkottai,Viralimalai(Uzhavar Sandhai ) APMC,Green Avare(W),5500.0
Tamil Nadu,Pudukkottai,Viralimalai(Uzhavar Sandhai ) APMC,Onion Green,3650.0
Tamil Nadu,Ramanathapuram,Ramanathapuram(Uzhavar Sandhai ) APMC,Tomato,2750.0
Tamil Nadu,Ramanathapuram,Ramanathapuram(Uzhavar Sandhai ) APMC,Bitter gourd,6250.0
Tamil Nadu,Ramanathapuram,Ramanathapuram(Uzhavar Sandhai ) APMC,Amaranthus,3750.0
Tamil Nadu,Ramanathapuram,Ramanathapuram(Uzhavar Sandhai ) APMC,Coconut,6100.0
Tamil Nadu,Ramanathapuram,Ramanathapuram(Uzhavar Sandhai ) APMC,Knool Khol,4250.0
Tamil Nadu,Ramanathapuram,Ramanathapuram(Uzhavar Sandhai ) APMC,Elephant Yam(Suran)/Amorphophallus,6250.0
Tamil Nadu,Ramanathapuram,Paramakudi(Uzhavar Sandhai ) APMC,Onion,2750.0
Tamil Nadu,Ramanathapuram,Paramakudi(Uzhavar Sandhai ) APMC,Cauliflower,4750.0
Tamil Nadu,Ramanathapuram,Paramakudi(Uzhavar Sandhai ) APMC,Coriander(Leaves),6250.0
Tamil Nadu,Ramanathapuram,Paramakudi(Uzhavar Sandhai ) APMC,Cluster beans,4100.0
Tamil Nadu,Ramanathapuram,Paramakudi(Uzhavar Sandhai ) APMC,Ashgourd,1750.0
Tamil Nadu,Ramanathapuram,Paramakudi(Uzhavar Sandhai ) APMC,Chow Chow,2900.0
Tamil Nadu,Ramanathapuram,Paramakudi(Uzhavar Sandhai ) APMC,Lime,11500.0
Tamil Nadu,Ramanathapuram,Paramakudi(Uzhavar Sandhai ) APMC,Lemon,11500.0
Tamil Nadu,Salem,Sooramangalam(Uzhavar Sandhai ) APMC,Orange,7500.0
Tamil Nadu,Salem,Sooramangalam(Uzhavar Sandhai ) APMC,Papaya,3250.0
Tamil Nadu,Salem,Sooramangalam(Uzhavar Sandhai ) APMC,Tomato,1400.0
Tamil Nadu,Salem,Sooramangalam(Uzhavar Sandhai ) APMC,Cabbage,2750.0
Tamil Nadu,Salem,Sooramangalam(Uzhavar Sandhai ) APMC,Mango(Raw-Ripe),2750.0
Tamil Nadu,Salem,Sooramangalam(Uzhavar Sandhai ) APMC,Lime,3250.0
Tamil Nadu,Salem,Sooramangalam(Uzhavar Sandhai ) APMC,Marigold(Calcutta),13500.0
Tamil Nadu,Salem,Sooramangalam(Uzhavar Sandhai ) APMC,Yam(Ratalu),5750.0
Tamil Nadu,Salem,Sooramangalam(Uzhavar Sandhai ) APMC,Rose(Local),9500.0
Tamil Nadu,Salem,Sooramangalam(Uzhavar Sandhai ) APMC,Tube Rose(Loose),9500.0
Tamil Nadu,Salem,Thathakapatti(Uzhavar Sandhai ) APMC,Green Peas,10500.0
Tamil Nadu,Salem,Thathakapatti(Uzhavar Sandhai ) APMC,Cluster beans,4250.0
Tamil Nadu,Salem,Thathakapatti(Uzhavar Sandhai ) APMC,Bottle gourd,1900.0
Tamil Nadu,Salem,Thathakapatti(Uzhavar Sandhai ) APMC,Ashgourd,1300.0
Tamil Nadu,Salem,Thathakapatti(Uzhavar Sandhai ) APMC,Banana - Green,2750.0
Tamil Nadu,Salem,Thathakapatti(Uzhavar Sandhai ) APMC,Cabbage,2750.0
Tamil Nadu,Salem,Thathakapatti(Uzhavar Sandhai ) APMC,Mango(Raw-Ripe),2750.0
Tamil Nadu,Salem,Thathakapatti(Uzhavar Sandhai ) APMC,Tender Coconut,3500.0
Tamil Nadu,Salem,Thathakapatti(Uzhavar Sandhai ) APMC,Yam(Ratalu),5500.0
Tamil Nadu,Salem,Mettur(Uzhavar Sandhai ) APMC,Banana,5500.0
Tamil Nadu,Salem,Mettur(Uzhavar Sandhai ) APMC,Potato,3250.0
Tamil Nadu,Salem,Mettur(Uzhavar Sandhai ) APMC,Papaya,2500.0
Tamil Nadu,Salem,Mettur(Uzhavar Sandhai ) APMC,Amaranthus,2250.0
Tamil Nadu,Salem,Mettur(Uzhavar Sandhai ) APMC,Ginger(Green),8250.0
Tamil Nadu,Salem,Mettur(Uzhavar Sandhai ) APMC,Cucumbar(Kheera),5000.0
Tamil Nadu,Salem,Mettur(Uzhavar Sandhai ) APMC,Raddish,2000.0
Tamil Nadu,Salem,Mettur(Uzhavar Sandhai ) APMC,Elephant Yam(Suran)/Amorphophallus,3000.0
Tamil Nadu,Salem,Mettur(Uzhavar Sandhai ) APMC,Lemon,9000.0
Tamil Nadu,Salem,Mettur(Uzhavar Sandhai ) APMC,Onion Green,2400.0
Tamil Nadu,Salem,Attayampatti(Uzhavar Sandhai ) APMC,Banana,6500.0
Tamil Nadu,Salem,Attayampatti(Uzhavar Sandhai ) APMC,Onion,3000.0
Tamil Nadu,Salem,Attayampatti(Uzhavar Sandhai ) APMC,Brinjal,2600.0
Tamil Nadu,Salem,Attayampatti(Uzhavar Sandhai ) APMC,Chikoos(Sapota),3750.0
Tamil Nadu,Salem,Attayampatti(Uzhavar Sandhai ) APMC,Tomato,1500.0
Tamil Nadu,Salem,Attayampatti(Uzhavar Sandhai ) APMC,Bhindi(Ladies Finger),4800.0
Tamil Nadu,Salem,Attayampatti(Uzhavar Sandhai ) APMC,Beetroot,4900.0
Tamil Nadu,Salem,Attayampatti(Uzhavar Sandhai ) APMC,Ridgeguard(Tori),4100.0
Tamil Nadu,Salem,Attayampatti(Uzhavar Sandhai ) APMC,Lemon,5500.0
Tamil Nadu,Salem,Attayampatti(Uzhavar Sandhai ) APMC,Onion Green,3200.0
Tamil Nadu,Salem,Attayampatti(Uzhavar Sandhai ) APMC,Mint(Pudina),3000.0
Tamil Nadu,Salem,Hasthampatti(Uzhavar Sandhai ) APMC,Apple,23000.0
Tamil Nadu,Salem,Hasthampatti(Uzhavar Sandhai ) APMC,Papaya,2750.0
Tamil Nadu,Salem,Hasthampatti(Uzhavar Sandhai ) APMC,Tomato,1500.0
Tamil Nadu,Salem,Hasthampatti(Uzhavar Sandhai ) APMC,Capsicum,6250.0
Tamil Nadu,Salem,Hasthampatti(Uzhavar Sandhai ) APMC,Drumstick,3500.0
Tamil Nadu,Salem,Hasthampatti(Uzhavar Sandhai ) APMC,Elephant Yam(Suran)/Amorphophallus,3250.0
Tamil Nadu,Salem,Elampillai(Uzhavar Sandhai ) APMC,Amaranthus,2200.0
Tamil Nadu,Salem,Elampillai(Uzhavar Sandhai ) APMC,Banana - Green,2200.0
Tamil Nadu,Salem,Elampillai(Uzhavar Sandhai ) APMC,Coconut,5250.0
Tamil Nadu,Salem,Elampillai(Uzhavar Sandhai ) APMC,Mint(Pudina),2750.0
Tamil Nadu,Salem,Jalagandapuram(Uzhavar Sandhai ) APMC,Cauliflower,2250.0
Tamil Nadu,Salem,Jalagandapuram(Uzhavar Sandhai ) APMC,Papaya,2750.0
Tamil Nadu,Salem,Jalagandapuram(Uzhavar Sandhai ) APMC,Ridgeguard(Tori),4750.0
Tamil Nadu,Salem,Jalagandapuram(Uzhavar Sandhai ) APMC,Guava,5750.0
Tamil Nadu,Salem,Jalagandapuram(Uzhavar Sandhai ) APMC,Pomegranate,21000.0
Tamil Nadu,Salem,Jalagandapuram(Uzhavar Sandhai ) APMC,Tender Coconut,2750.0
Tamil Nadu,Salem,Jalagandapuram(Uzhavar Sandhai ) APMC,Mint(Pudina),2800.0
Tamil Nadu,Salem,Edapadi (Uzhavar Sandhai ) APMC,Chikoos(Sapota),2750.0
Tamil Nadu,Salem,Edapadi (Uzhavar Sandhai ) APMC,Ashgourd,1400.0
Tamil Nadu,Salem,Edapadi (Uzhavar Sandhai ) APMC,Green Chilli,3300.0
Tamil Nadu,Salem,Edapadi (Uzhavar Sandhai ) APMC,Banana - Green,1800.0
Tamil Nadu,Salem,Edapadi (Uzhavar Sandhai ) APMC,Thondekai,4750.0
Tamil Nadu,Salem,Edapadi (Uzhavar Sandhai ) APMC,Chow Chow,2800.0
Tamil Nadu,Salem,Edapadi (Uzhavar Sandhai ) APMC,Drumstick,3750.0
Tamil Nadu,Sivaganga,Sivagangai (Uzhavar Sandhai ) APMC,Onion,2700.0
Tamil Nadu,Sivaganga,Sivagangai (Uzhavar Sandhai ) APMC,Cauliflower,2900.0
Tamil Nadu,Sivaganga,Sivagangai (Uzhavar Sandhai ) APMC,Chikoos(Sapota),4700.0
Tamil Nadu,Sivaganga,Sivagangai (Uzhavar Sandhai ) APMC,Banana - Green,3000.0
Tamil Nadu,Sivaganga,Sivagangai (Uzhavar Sandhai ) APMC,Beans,6700.0
Tamil Nadu,Sivaganga,Sivagangai (Uzhavar Sandhai ) APMC,Indian Beans(Seam),5900.0
Tamil Nadu,Sivaganga,Devakottai (Uzhavar Sandhai ) APMC,Banana,3800.0
Tamil Nadu,Sivaganga,Devakottai (Uzhavar Sandhai ) APMC,Coriander(Leaves),4600.0
Tamil Nadu,Sivaganga,Devakottai (Uzhavar Sandhai ) APMC,Papaya,4100.0
Tamil Nadu,Sivaganga,Devakottai (Uzhavar Sandhai ) APMC,Bitter gourd,3700.0
Tamil Nadu,Sivaganga,Devakottai (Uzhavar Sandhai ) APMC,Ginger(Green),8900.0
Tamil Nadu,Sivaganga,Devakottai (Uzhavar Sandhai ) APMC,Coconut,5900.0
Tamil Nadu,Sivaganga,Devakottai (Uzhavar Sandhai ) APMC,Carrot,3600.0
Tamil Nadu,Sivaganga,Devakottai (Uzhavar Sandhai ) APMC,Cabbage,2100.0
Tamil Nadu,Sivaganga,Devakottai (Uzhavar Sandhai ) APMC,Beetroot,3900.0
Tamil Nadu,Sivaganga,Devakottai (Uzhavar Sandhai ) APMC,Elephant Yam(Suran)/Amorphophallus,4100.0
Tamil Nadu,Sivaganga,Karaikudi(Uzhavar Sandhai ) APMC,Cauliflower,3800.0
Tamil Nadu,Sivaganga,Karaikudi(Uzhavar Sandhai ) APMC,Papaya,4000.0
Tamil Nadu,Sivaganga,Karaikudi(Uzhavar Sandhai ) APMC,Tomato,1900.0
Tamil Nadu,Sivaganga,Karaikudi(Uzhavar Sandhai ) APMC,Cluster beans,3800.0
Tamil Nadu,Sivaganga,Karaikudi(Uzhavar Sandhai ) APMC,Bitter gourd,3500.0
Tamil Nadu,Sivaganga,Karaikudi(Uzhavar Sandhai ) APMC,Ashgourd,1800.0
Tamil Nadu,Sivaganga,Karaikudi(Uzhavar Sandhai ) APMC,Bhindi(Ladies Finger),4600.0
Tamil Nadu,Sivaganga,Karaikudi(Uzhavar Sandhai ) APMC,Carrot,3800.0
Tamil Nadu,Sivaganga,Karaikudi(Uzhavar Sandhai ) APMC,Cabbage,2200.0
Tamil Nadu,Sivaganga,Karaikudi(Uzhavar Sandhai ) APMC,Green Avare(W),7500.0
Tamil Nadu,Sivaganga,Karaikudi(Uzhavar Sandhai ) APMC,Mango(Raw-Ripe),3000.0
Tamil Nadu,Sivaganga,Tirupatthur(Uzhavar Sandhai ) APMC,Potato,3350.0
Tamil Nadu,Sivaganga,Tirupatthur(Uzhavar Sandhai ) APMC,Coriander(Leaves),4750.0
Tamil Nadu,Sivaganga,Tirupatthur(Uzhavar Sandhai ) APMC,Cluster beans,3750.0
Tamil Nadu,Sivaganga,Tirupatthur(Uzhavar Sandhai ) APMC,Sweet Potato,3750.0
Tamil Nadu,Sivaganga,Tirupatthur(Uzhavar Sandhai ) APMC,Cabbage,2250.0
Tamil Nadu,Sivaganga,Tirupatthur(Uzhavar Sandhai ) APMC,Ridgeguard(Tori),3250.0
Tamil Nadu,Sivaganga,Tirupatthur(Uzhavar Sandhai ) APMC,Drumstick,5450.0
Tamil Nadu,Sivaganga,Singampunari(Uzhavar Sandhai ) APMC,Banana,3750.0
Tamil Nadu,Sivaganga,Singampunari(Uzhavar Sandhai ) APMC,Potato,3250.0
Tamil Nadu,Sivaganga,Singampunari(Uzhavar Sandhai ) APMC,Coriander(Leaves),4500.0
Tamil Nadu,Sivaganga,Singampunari(Uzhavar Sandhai ) APMC,Chikoos(Sapota),4750.0
Tamil Nadu,Sivaganga,Singampunari(Uzhavar Sandhai ) APMC,Banana - Green,2750.0
Tamil Nadu,Sivaganga,Singampunari(Uzhavar Sandhai ) APMC,Ginger(Green),8750.0
Tamil Nadu,Sivaganga,Singampunari(Uzhavar Sandhai ) APMC,Snakeguard,3750.0
Tamil Nadu,Thanjavur,Thanjavur(Uzhavar Sandhai ) APMC,Apple,20000.0
Tamil Nadu,Thanjavur,Thanjavur(Uzhavar Sandhai ) APMC,Onion,2600.0
Tamil Nadu,Thanjavur,Thanjavur(Uzhavar Sandhai ) APMC,Brinjal,5600.0
Tamil Nadu,Thanjavur,Thanjavur(Uzhavar Sandhai ) APMC,Papaya,5000.0
Tamil Nadu,Thanjavur,Thanjavur(Uzhavar Sandhai ) APMC,Bitter gourd,4400.0
Tamil Nadu,Thanjavur,Thanjavur(Uzhavar Sandhai ) APMC,Coconut,6000.0
Tamil Nadu,Thanjavur,Thanjavur(Uzhavar Sandhai ) APMC,Beetroot,3800.0
Tamil Nadu,Thanjavur,Thanjavur(Uzhavar Sandhai ) APMC,Chow Chow,3200.0
Tamil Nadu,Thanjavur,Thanjavur(Uzhavar Sandhai ) APMC,Karbuja(Musk Melon),2500.0
Tamil Nadu,Thanjavur,Thanjavur(Uzhavar Sandhai ) APMC,Elephant Yam(Suran)/Amorphophallus,3400.0
Tamil Nadu,Thanjavur,Thanjavur(Uzhavar Sandhai ) APMC,Mashrooms,25000.0
Tamil Nadu,Thanjavur,Thanjavur(Uzhavar Sandhai ) APMC,Rose(Local),20000.0
Tamil Nadu,Thanjavur,Pattukottai(Uzhavar Sandhai ) APMC,Banana,3500.0
Tamil Nadu,Thanjavur,Pattukottai(Uzhavar Sandhai ) APMC,Brinjal,3600.0
Tamil Nadu,Thanjavur,Pattukottai(Uzhavar Sandhai ) APMC,Bitter gourd,3500.0
Tamil Nadu,Thanjavur,Pattukottai(Uzhavar Sandhai ) APMC,Pumpkin,2600.0
Tamil Nadu,Thanjavur,Pattukottai(Uzhavar Sandhai ) APMC,Amaranthus,2000.0
Tamil Nadu,Thanjavur,Pattukottai(Uzhavar Sandhai ) APMC,Ginger(Green),8900.0
Tamil Nadu,Thanjavur,Pattukottai(Uzhavar Sandhai ) APMC,Coconut,6000.0
Tamil Nadu,Thanjavur,Pattukottai(Uzhavar Sandhai ) APMC,Beetroot,3800.0
Tamil Nadu,Thanjavur,Pattukottai(Uzhavar Sandhai ) APMC,Raddish,3400.0
Tamil Nadu,Thanjavur,Pattukottai(Uzhavar Sandhai ) APMC,Green Avare(W),8400.0
Tamil Nadu,Thanjavur,Pattukottai(Uzhavar Sandhai ) APMC,Mango(Raw-Ripe),4250.0
Tamil Nadu,Thanjavur,Pattukottai(Uzhavar Sandhai ) APMC,Jack Fruit(Ripe),3000.0
Tamil Nadu,Thanjavur,Pattukottai(Uzhavar Sandhai ) APMC,Lemon,10600.0
Tamil Nadu,Thanjavur,Pattukottai(Uzhavar Sandhai ) APMC,Onion Green,4000.0
Tamil Nadu,Thanjavur,Tirukattupalli(Uzhavar Sandhai ) APMC,Onion,2600.0
Tamil Nadu,Thanjavur,Tirukattupalli(Uzhavar Sandhai ) APMC,Bottle gourd,4400.0
Tamil Nadu,Thanjavur,Tirukattupalli(Uzhavar Sandhai ) APMC,Banana - Green,4000.0
Tamil Nadu,Theni,Theni(Uzhavar Sandhai ) APMC,Grapes,15000.0
Tamil Nadu,Theni,Theni(Uzhavar Sandhai ) APMC,Cauliflower,2000.0
Tamil Nadu,Theni,Theni(Uzhavar Sandhai ) APMC,Bhindi(Ladies Finger),3750.0
Tamil Nadu,Theni,Theni(Uzhavar Sandhai ) APMC,Coconut,4800.0
Tamil Nadu,Theni,Theni(Uzhavar Sandhai ) APMC,Carrot,2250.0
Tamil Nadu,Theni,Theni(Uzhavar Sandhai ) APMC,Green Avare(W),5750.0
Tamil Nadu,Theni,Theni(Uzhavar Sandhai ) APMC,Chow Chow,2800.0
Tamil Nadu,Theni,Theni(Uzhavar Sandhai ) APMC,Drumstick,3500.0
Tamil Nadu,Theni,Theni(Uzhavar Sandhai ) APMC,Knool Khol,3200.0
Tamil Nadu,Theni,Theni(Uzhavar Sandhai ) APMC,Karbuja(Musk Melon),4000.0
Tamil Nadu,Theni,Theni(Uzhavar Sandhai ) APMC,Elephant Yam(Suran)/Amorphophallus,2800.0
Tamil Nadu,Theni,Theni(Uzhavar Sandhai ) APMC,Indian Beans(Seam),5000.0
Tamil Nadu,Theni,Theni(Uzhavar Sandhai ) APMC,Lemon,11500.0
Tamil Nadu,Theni,Theni(Uzhavar Sandhai ) APMC,Colacasia,4000.0
Tamil Nadu,Theni,Kambam(Uzhavar Sandhai ) APMC,Potato,2400.0
Tamil Nadu,Theni,Kambam(Uzhavar Sandhai ) APMC,Cauliflower,2250.0
Tamil Nadu,Theni,Kambam(Uzhavar Sandhai ) APMC,Coriander(Leaves),3500.0
Tamil Nadu,Theni,Kambam(Uzhavar Sandhai ) APMC,Tomato,1750.0
Tamil Nadu,Theni,Kambam(Uzhavar Sandhai ) APMC,Bitter gourd,2850.0
Tamil Nadu,Theni,Kambam(Uzhavar Sandhai ) APMC,Amaranthus,2250.0
Tamil Nadu,Theni,Kambam(Uzhavar Sandhai ) APMC,Ginger(Green),6400.0
Tamil Nadu,Theni,Kambam(Uzhavar Sandhai ) APMC,Betal Leaves,20000.0
Tamil Nadu,Theni,Kambam(Uzhavar Sandhai ) APMC,Ridgeguard(Tori),3400.0
Tamil Nadu,Theni,Kambam(Uzhavar Sandhai ) APMC,Raddish,2000.0
Tamil Nadu,Theni,Kambam(Uzhavar Sandhai ) APMC,Thondekai,2000.0
Tamil Nadu,Theni,Kambam(Uzhavar Sandhai ) APMC,Green Avare(W),6500.0
Tamil Nadu,Theni,Kambam(Uzhavar Sandhai ) APMC,Drumstick,3750.0
Tamil Nadu,Theni,Bodinayakanur(Uzhavar Sandhai ) APMC,Tomato,1800.0
Tamil Nadu,Theni,Bodinayakanur(Uzhavar Sandhai ) APMC,Ashgourd,1000.0
Tamil Nadu,Theni,Bodinayakanur(Uzhavar Sandhai ) APMC,Amaranthus,2500.0
Tamil Nadu,Theni,Bodinayakanur(Uzhavar Sandhai ) APMC,Raddish,2000.0
Tamil Nadu,Theni,Bodinayakanur(Uzhavar Sandhai ) APMC,Mango(Raw-Ripe),3000.0
Tamil Nadu,Theni,Bodinayakanur(Uzhavar Sandhai ) APMC,Lemon,13000.0
Tamil Nadu,Theni,Devaram(Uzhavar Sandhai ) APMC,Onion,2500.0
Tamil Nadu,Theni,Devaram(Uzhavar Sandhai ) APMC,Papaya,3000.0
Tamil Nadu,Theni,Devaram(Uzhavar Sandhai ) APMC,Bitter gourd,3000.0
Tamil Nadu,Theni,Devaram(Uzhavar Sandhai ) APMC,Green Chilli,3400.0
Tamil Nadu,Theni,Devaram(Uzhavar Sandhai ) APMC,Coconut,4800.0
Tamil Nadu,Theni,Devaram(Uzhavar Sandhai ) APMC,Beetroot,2700.0
Tamil Nadu,Theni,Chinnamanur(Uzhavar Sandhai ) APMC,Green Peas,7600.0
Tamil Nadu,Theni,Chinnamanur(Uzhavar Sandhai ) APMC,Bhindi(Ladies Finger),3500.0
Tamil Nadu,Theni,Chinnamanur(Uzhavar Sandhai ) APMC,Ridgeguard(Tori),4200.0
Tamil Nadu,Theni,Chinnamanur(Uzhavar Sandhai ) APMC,Raddish,2000.0
Tamil Nadu,Theni,Chinnamanur(Uzhavar Sandhai ) APMC,Drumstick,4400.0
Tamil Nadu,Theni,Chinnamanur(Uzhavar Sandhai ) APMC,Elephant Yam(Suran)/Amorphophallus,2800.0
Tamil Nadu,Thirunelveli,Palayamkottai(Uzhavar Sandhai ) APMC,Chikoos(Sapota),5500.0
Tamil Nadu,Thirunelveli,Palayamkottai(Uzhavar Sandhai ) APMC,Coconut,5350.0
Tamil Nadu,Thirunelveli,Palayamkottai(Uzhavar Sandhai ) APMC,Beetroot,3500.0
Tamil Nadu,Thirunelveli,Palayamkottai(Uzhavar Sandhai ) APMC,Ridgeguard(Tori),3250.0
Tamil Nadu,Thirunelveli,Palayamkottai(Uzhavar Sandhai ) APMC,Drumstick,3450.0
Tamil Nadu,Thirunelveli,Palayamkottai(Uzhavar Sandhai ) APMC,Guava,7000.0
Tamil Nadu,Thirunelveli,Palayamkottai(Uzhavar Sandhai ) APMC,Pomegranate,20000.0
Tamil Nadu,Thirunelveli,Palayamkottai(Uzhavar Sandhai ) APMC,Mint(Pudina),4400.0
Tamil Nadu,Thirunelveli,Kandiyaperi(Uzhavar Sandhai ) APMC,Ashgourd,900.0
Tamil Nadu,Thirunelveli,Melapalayam(Uzhavar Sandhai ) APMC,Cauliflower,4100.0
Tamil Nadu,Thirunelveli,Melapalayam(Uzhavar Sandhai ) APMC,Bitter gourd,3750.0
Tamil Nadu,Thirunelveli,Melapalayam(Uzhavar Sandhai ) APMC,Pumpkin,1100.0
Tamil Nadu,Thirunelveli,Melapalayam(Uzhavar Sandhai ) APMC,Amaranthus,1350.0
Tamil Nadu,Thirunelveli,Melapalayam(Uzhavar Sandhai ) APMC,Drumstick,3600.0
Tamil Nadu,Thirunelveli,Ambasamudram(Uzhavar Sandhai ) APMC,Ashgourd,900.0
Tamil Nadu,Thirunelveli,NGO Colony(Uzhavar Sandhai ) APMC,Green Peas,8750.0
Tamil Nadu,Thirunelveli,NGO Colony(Uzhavar Sandhai ) APMC,Papaya,4250.0
Tamil Nadu,Thirunelveli,NGO Colony(Uzhavar Sandhai ) APMC,Ashgourd,900.0
Tamil Nadu,Thirunelveli,NGO Colony(Uzhavar Sandhai ) APMC,Bhindi(Ladies Finger),3800.0
Tamil Nadu,Thirunelveli,NGO Colony(Uzhavar Sandhai ) APMC,Beans,7750.0
Tamil Nadu,Thirunelveli,NGO Colony(Uzhavar Sandhai ) APMC,Ginger(Green),6700.0
Tamil Nadu,Thirunelveli,NGO Colony(Uzhavar Sandhai ) APMC,Cabbage,1750.0
Tamil Nadu,Thirunelveli,NGO Colony(Uzhavar Sandhai ) APMC,Raddish,2750.0
Tamil Nadu,Thirunelveli,NGO Colony(Uzhavar Sandhai ) APMC,Chow Chow,2750.0
Tamil Nadu,Thirunelveli,NGO Colony(Uzhavar Sandhai ) APMC,Elephant Yam(Suran)/Amorphophallus,2750.0
Tamil Nadu,Thirunelveli,NGO Colony(Uzhavar Sandhai ) APMC,Onion Green,3800.0
Tamil Nadu,Thiruvellore,Tiruthani(Uzhavar Sandhai ) APMC,Cauliflower,3000.0
Tamil Nadu,Thiruvellore,Tiruthani(Uzhavar Sandhai ) APMC,Bitter gourd,3000.0
Tamil Nadu,Thiruvellore,Tiruthani(Uzhavar Sandhai ) APMC,Bottle gourd,2000.0
Tamil Nadu,Thiruvellore,Tiruthani(Uzhavar Sandhai ) APMC,Green Chilli,4000.0
Tamil Nadu,Thiruvellore,Tiruthani(Uzhavar Sandhai ) APMC,Coconut,6000.0
Tamil Nadu,Thiruvellore,Tiruthani(Uzhavar Sandhai ) APMC,Carrot,3000.0
Tamil Nadu,Thiruvellore,Tiruthani(Uzhavar Sandhai ) APMC,Snakeguard,2500.0
Tamil Nadu,Thiruvellore,Tiruthani(Uzhavar Sandhai ) APMC,Cucumbar(Kheera),3500.0
Tamil Nadu,Thiruvellore,Tiruthani(Uzhavar Sandhai ) APMC,Ridgeguard(Tori),4000.0
Tamil Nadu,Thiruvellore,Tiruthani(Uzhavar Sandhai ) APMC,Chow Chow,3000.0
Tamil Nadu,Thiruvellore,Tiruthani(Uzhavar Sandhai ) APMC,Mint(Pudina),4000.0
Tamil Nadu,Thiruvellore,Tiruvallur(Uzhavar Sandhai ) APMC,Brinjal,3000.0
Tamil Nadu,Thiruvellore,Tiruvallur(Uzhavar Sandhai ) APMC,Tomato,2000.0
Tamil Nadu,Thiruvellore,Tiruvallur(Uzhavar Sandhai ) APMC,Bitter gourd,4000.0
Tamil Nadu,Thiruvellore,Ambattur(Uzhavar Sandhai ) APMC,Brinjal,4000.0
Tamil Nadu,Thiruvellore,Paruthipattu(Uzhavar Sandhai ) APMC,Cluster beans,5000.0
Tamil Nadu,Thiruvellore,Naravarikuppam(Uzhavar Sandhai ) APMC,Papaya,5000.0
Tamil Nadu,Thiruvellore,Naravarikuppam(Uzhavar Sandhai ) APMC,Water Melon,1000.0
Tamil Nadu,Thiruvellore,Perambakkam(Uzhavar Sandhai ) APMC,Cluster beans,5000.0
Tamil Nadu,Thiruvellore,Perambakkam(Uzhavar Sandhai ) APMC,Ridgeguard(Tori),5000.0
Tamil Nadu,Thiruvarur,Tiruthuraipoondi(Uzhavar Sandhai ) APMC,Brinjal,4000.0
Tamil Nadu,Thiruvarur,Tiruthuraipoondi(Uzhavar Sandhai ) APMC,Ashgourd,2000.0
Tamil Nadu,Thiruvarur,Tiruthuraipoondi(Uzhavar Sandhai ) APMC,Banana - Green,3500.0
Tamil Nadu,Thiruvarur,Tiruthuraipoondi(Uzhavar Sandhai ) APMC,Lemon,15000.0
Tamil Nadu,Thiruvarur,Mannargudi I(Uzhavar Sandhai ) APMC,Orange,14000.0
Tamil Nadu,Thiruvarur,Mannargudi I(Uzhavar Sandhai ) APMC,Banana,7000.0
Tamil Nadu,Thiruvarur,Mannargudi I(Uzhavar Sandhai ) APMC,Grapes,11000.0
Tamil Nadu,Thiruvarur,Mannargudi I(Uzhavar Sandhai ) APMC,Garlic,16000.0
Tamil Nadu,Thiruvarur,Mannargudi I(Uzhavar Sandhai ) APMC,Brinjal,3100.0
Tamil Nadu,Thiruvarur,Mannargudi I(Uzhavar Sandhai ) APMC,Ashgourd,2000.0
Tamil Nadu,Thiruvarur,Mannargudi I(Uzhavar Sandhai ) APMC,Tapioca,4000.0
Tamil Nadu,Thiruvarur,Mannargudi I(Uzhavar Sandhai ) APMC,Elephant Yam(Suran)/Amorphophallus,4000.0
Tamil Nadu,Thiruvarur,Mannargudi I(Uzhavar Sandhai ) APMC,Lemon,16000.0
Tamil Nadu,Thiruvarur,Mannargudi I(Uzhavar Sandhai ) APMC,Onion Green,4300.0
Tamil Nadu,Thiruvarur,Needamangalam(Uzhavar Sandhai ) APMC,Coriander(Leaves),4000.0
Tamil Nadu,Thiruvarur,Needamangalam(Uzhavar Sandhai ) APMC,Ashgourd,2000.0
Tamil Nadu,Thiruvarur,Needamangalam(Uzhavar Sandhai ) APMC,Snakeguard,3000.0
Tamil Nadu,Thiruvarur,Needamangalam(Uzhavar Sandhai ) APMC,Raddish,2400.0
Tamil Nadu,Thiruvarur,Muthupettai(Uzhavar Sandhai ) APMC,Potato,3500.0
Tamil Nadu,Thiruvarur,Muthupettai(Uzhavar Sandhai ) APMC,Brinjal,3000.0
Tamil Nadu,Thiruvarur,Muthupettai(Uzhavar Sandhai ) APMC,Amaranthus,1250.0
Tamil Nadu,Thiruvarur,Muthupettai(Uzhavar Sandhai ) APMC,Green Chilli,4000.0
Tamil Nadu,Thiruvarur,Muthupettai(Uzhavar Sandhai ) APMC,Mint(Pudina),4000.0
Tamil Nadu,Thiruvarur,Mannargudi II(Uzhavar Sandhai ) APMC,Onion,3000.0
Tamil Nadu,Thiruvarur,Mannargudi II(Uzhavar Sandhai ) APMC,Potato,3200.0
Tamil Nadu,Thiruvarur,Mannargudi II(Uzhavar Sandhai ) APMC,Brinjal,3100.0
Tamil Nadu,Thiruvarur,Mannargudi II(Uzhavar Sandhai ) APMC,Tomato,1800.0
Tamil Nadu,Thiruvarur,Mannargudi II(Uzhavar Sandhai ) APMC,Bhindi(Ladies Finger),4000.0
Tamil Nadu,Thiruvarur,Mannargudi II(Uzhavar Sandhai ) APMC,Banana - Green,4000.0
Tamil Nadu,Thiruvarur,Mannargudi II(Uzhavar Sandhai ) APMC,Ridgeguard(Tori),4800.0
Tamil Nadu,Thiruvarur,Mannargudi II(Uzhavar Sandhai ) APMC,Raddish,2400.0
Tamil Nadu,Thiruvarur,Mannargudi II(Uzhavar Sandhai ) APMC,Green Avare(W),6000.0
Tamil Nadu,Thiruvarur,Mannargudi II(Uzhavar Sandhai ) APMC,Lime,2800.0
Tamil Nadu,Tuticorin,Kovilpatti(Uzhavar Sandhai ) APMC,Cauliflower,3750.0
Tamil Nadu,Tuticorin,Kovilpatti(Uzhavar Sandhai ) APMC,Papaya,2750.0
Tamil Nadu,Tuticorin,Kovilpatti(Uzhavar Sandhai ) APMC,Bottle gourd,2250.0
Tamil Nadu,Tuticorin,Kovilpatti(Uzhavar Sandhai ) APMC,Ashgourd,2250.0
Tamil Nadu,Tuticorin,Kovilpatti(Uzhavar Sandhai ) APMC,Bhindi(Ladies Finger),4750.0
Tamil Nadu,Tuticorin,Kovilpatti(Uzhavar Sandhai ) APMC,Amaranthus,1750.0
Tamil Nadu,Tuticorin,Kovilpatti(Uzhavar Sandhai ) APMC,Ridgeguard(Tori),4250.0
Tamil Nadu,Tuticorin,Kovilpatti(Uzhavar Sandhai ) APMC,Green Avare(W),10500.0
Tamil Nadu,Tuticorin,Kovilpatti(Uzhavar Sandhai ) APMC,Mango(Raw-Ripe),6750.0
Tamil Nadu,Thiruvannamalai,Tiruvannamalai(Uzhavar Sandhai ) APMC,Orange,11000.0
Tamil Nadu,Thiruvannamalai,Tiruvannamalai(Uzhavar Sandhai ) APMC,Chikoos(Sapota),4750.0
Tamil Nadu,Thiruvannamalai,Tiruvannamalai(Uzhavar Sandhai ) APMC,Bitter gourd,2750.0
Tamil Nadu,Thiruvannamalai,Tiruvannamalai(Uzhavar Sandhai ) APMC,Sweet Potato,2750.0
Tamil Nadu,Thiruvannamalai,Tiruvannamalai(Uzhavar Sandhai ) APMC,Cabbage,1750.0
Tamil Nadu,Thiruvannamalai,Tiruvannamalai(Uzhavar Sandhai ) APMC,Snakeguard,2750.0
Tamil Nadu,Thiruvannamalai,Tiruvannamalai(Uzhavar Sandhai ) APMC,Beetroot,2750.0
Tamil Nadu,Thiruvannamalai,Tiruvannamalai(Uzhavar Sandhai ) APMC,Ridgeguard(Tori),3750.0
Tamil Nadu,Thiruvannamalai,Tiruvannamalai(Uzhavar Sandhai ) APMC,Raddish,1750.0
Tamil Nadu,Thiruvannamalai,Tiruvannamalai(Uzhavar Sandhai ) APMC,Thondekai,2750.0
Tamil Nadu,Thiruvannamalai,Tiruvannamalai(Uzhavar Sandhai ) APMC,Green Avare(W),5500.0
Tamil Nadu,Thiruvannamalai,Tiruvannamalai(Uzhavar Sandhai ) APMC,Drumstick,5500.0
Tamil Nadu,Thiruvannamalai,Tiruvannamalai(Uzhavar Sandhai ) APMC,Pomegranate,21000.0
Tamil Nadu,Thiruvannamalai,Tiruvannamalai(Uzhavar Sandhai ) APMC,Marigold(Calcutta),14000.0
Tamil Nadu,Thiruvannamalai,Polur(Uzhavar Sandhai ) APMC,Cauliflower,2750.0
Tamil Nadu,Thiruvannamalai,Polur(Uzhavar Sandhai ) APMC,Cluster beans,4400.0
Tamil Nadu,Thiruvannamalai,Polur(Uzhavar Sandhai ) APMC,Bottle gourd,1800.0
Tamil Nadu,Thiruvannamalai,Polur(Uzhavar Sandhai ) APMC,Beans,4600.0
Tamil Nadu,Thiruvannamalai,Polur(Uzhavar Sandhai ) APMC,Ginger(Green),7700.0
Tamil Nadu,Thiruvannamalai,Polur(Uzhavar Sandhai ) APMC,Mango(Raw-Ripe),4600.0
Tamil Nadu,Thiruvannamalai,Polur(Uzhavar Sandhai ) APMC,Yam(Ratalu),2750.0
Tamil Nadu,Thiruvannamalai,Polur(Uzhavar Sandhai ) APMC,Onion Green,4600.0
Tamil Nadu,Thiruvannamalai,Polur(Uzhavar Sandhai ) APMC,Mint(Pudina),3650.0
Tamil Nadu,Thiruvannamalai,Arani(Uzhavar Sandhai ) APMC,Onion,2250.0
Tamil Nadu,Thiruvannamalai,Arani(Uzhavar Sandhai ) APMC,Garlic,13000.0
Tamil Nadu,Thiruvannamalai,Arani(Uzhavar Sandhai ) APMC,Brinjal,3500.0
Tamil Nadu,Thiruvannamalai,Arani(Uzhavar Sandhai ) APMC,Coriander(Leaves),4500.0
Tamil Nadu,Thiruvannamalai,Arani(Uzhavar Sandhai ) APMC,Coconut,4500.0
Tamil Nadu,Thiruvannamalai,Arani(Uzhavar Sandhai ) APMC,Sweet Potato,2750.0
Tamil Nadu,Thiruvannamalai,Arani(Uzhavar Sandhai ) APMC,Carrot,2750.0
Tamil Nadu,Thiruvannamalai,Arani(Uzhavar Sandhai ) APMC,Ridgeguard(Tori),3750.0
Tamil Nadu,Thiruvannamalai,Arani(Uzhavar Sandhai ) APMC,Thondekai,3750.0
Tamil Nadu,Thiruvannamalai,Arani(Uzhavar Sandhai ) APMC,Chow Chow,2750.0
Tamil Nadu,Thiruvannamalai,Arani(Uzhavar Sandhai ) APMC,Drumstick,3650.0
Tamil Nadu,Thiruvannamalai,Arani(Uzhavar Sandhai ) APMC,Guava,4500.0
Tamil Nadu,Thiruvannamalai,Arani(Uzhavar Sandhai ) APMC,Yam(Ratalu),2750.0
Tamil Nadu,Thiruvannamalai,Chengam(Uzhavar Sandhai ) APMC,Coriander(Leaves),3650.0
Tamil Nadu,Thiruvannamalai,Chengam(Uzhavar Sandhai ) APMC,Tomato,1350.0
Tamil Nadu,Thiruvannamalai,Chengam(Uzhavar Sandhai ) APMC,Bottle gourd,1800.0
Tamil Nadu,Thiruvannamalai,Chengam(Uzhavar Sandhai ) APMC,Pumpkin,2250.0
Tamil Nadu,Thiruvannamalai,Chengam(Uzhavar Sandhai ) APMC,Green Chilli,4600.0
Tamil Nadu,Thiruvannamalai,Chengam(Uzhavar Sandhai ) APMC,Thondekai,4600.0
Tamil Nadu,Thiruvannamalai,Chengam(Uzhavar Sandhai ) APMC,Green Avare(W),5500.0
Tamil Nadu,Thiruvannamalai,Chengam(Uzhavar Sandhai ) APMC,Drumstick,5500.0
Tamil Nadu,Thiruvannamalai,Chengam(Uzhavar Sandhai ) APMC,Mango(Raw-Ripe),4600.0
Tamil Nadu,Thiruvannamalai,Chengam(Uzhavar Sandhai ) APMC,Amla(Nelli Kai),9000.0
Tamil Nadu,Thiruvannamalai,Chengam(Uzhavar Sandhai ) APMC,Onion Green,3300.0
Tamil Nadu,Thiruvannamalai,Chengam(Uzhavar Sandhai ) APMC,Mint(Pudina),3650.0
Tamil Nadu,Thiruvannamalai,Vandavasi(Uzhavar Sandhai ) APMC,Banana,4500.0
Tamil Nadu,Thiruvannamalai,Vandavasi(Uzhavar Sandhai ) APMC,Pumpkin,2750.0
Tamil Nadu,Thiruvannamalai,Vandavasi(Uzhavar Sandhai ) APMC,Knool Khol,2750.0
Tamil Nadu,Thiruvannamalai,Vandavasi(Uzhavar Sandhai ) APMC,Guava,4500.0
Tamil Nadu,Thiruvannamalai,Vandavasi(Uzhavar Sandhai ) APMC,Onion Green,4500.0
Tamil Nadu,Thiruvannamalai,Keelpennathur(Uzhavar Sandhai ) APMC,Tomato,2250.0
Tamil Nadu,Thiruvannamalai,Keelpennathur(Uzhavar Sandhai ) APMC,Bitter gourd,5500.0
Tamil Nadu,Thiruvannamalai,Keelpennathur(Uzhavar Sandhai ) APMC,Green Chilli,5250.0
Tamil Nadu,Thiruvannamalai,Keelpennathur(Uzhavar Sandhai ) APMC,Ridgeguard(Tori),5500.0
Tamil Nadu,Thiruvannamalai,Keelpennathur(Uzhavar Sandhai ) APMC,Capsicum,5500.0
Tamil Nadu,Thiruvannamalai,Keelpennathur(Uzhavar Sandhai ) APMC,Chow Chow,2750.0
Tamil Nadu,Thiruvannamalai,Keelpennathur(Uzhavar Sandhai ) APMC,Tender Coconut,4500.0
Tamil Nadu,Thiruvannamalai,Keelpennathur(Uzhavar Sandhai ) APMC,Colacasia,4000.0
Tamil Nadu,Thiruvannamalai,Keelpennathur(Uzhavar Sandhai ) APMC,Amla(Nelli Kai),8500.0
Tamil Nadu,Thiruvannamalai,Tamarainagar(Uzhavar Sandhai ) APMC,Coriander(Leaves),4500.0
Tamil Nadu,Thiruvannamalai,Tamarainagar(Uzhavar Sandhai ) APMC,Papaya,3750.0
Tamil Nadu,Thiruvannamalai,Tamarainagar(Uzhavar Sandhai ) APMC,Amaranthus,5500.0
Tamil Nadu,Thiruvannamalai,Tamarainagar(Uzhavar Sandhai ) APMC,Beans,6600.0
Tamil Nadu,Thiruvannamalai,Tamarainagar(Uzhavar Sandhai ) APMC,Sweet Potato,2750.0
Tamil Nadu,Thiruvannamalai,Tamarainagar(Uzhavar Sandhai ) APMC,Raddish,1750.0
Tamil Nadu,Thiruvannamalai,Tamarainagar(Uzhavar Sandhai ) APMC,Guava,5500.0
Tamil Nadu,Thiruchirappalli,KKNagar(Uzhavar Sandhai ) APMC,Grapes,10000.0
Tamil Nadu,Thiruchirappalli,KKNagar(Uzhavar Sandhai ) APMC,Bhindi(Ladies Finger),6000.0
Tamil Nadu,Thiruchirappalli,KKNagar(Uzhavar Sandhai ) APMC,Green Chilli,3600.0
Tamil Nadu,Thiruchirappalli,KKNagar(Uzhavar Sandhai ) APMC,Cowpea(Veg),3000.0
Tamil Nadu,Thiruchirappalli,KKNagar(Uzhavar Sandhai ) APMC,Beans,7000.0
Tamil Nadu,Thiruchirappalli,KKNagar(Uzhavar Sandhai ) APMC,Tapioca,3000.0
Tamil Nadu,Thiruchirappalli,KKNagar(Uzhavar Sandhai ) APMC,Ginger(Green),8400.0
Tamil Nadu,Thiruchirappalli,KKNagar(Uzhavar Sandhai ) APMC,Carrot,3600.0
Tamil Nadu,Thiruchirappalli,KKNagar(Uzhavar Sandhai ) APMC,Cucumbar(Kheera),4200.0
Tamil Nadu,Thiruchirappalli,KKNagar(Uzhavar Sandhai ) APMC,Guava,10000.0
Tamil Nadu,Thiruchirappalli,KKNagar(Uzhavar Sandhai ) APMC,Tender Coconut,4000.0
Tamil Nadu,Thiruchirappalli,KKNagar(Uzhavar Sandhai ) APMC,Indian Beans(Seam),6000.0
Tamil Nadu,Thiruchirappalli,KKNagar(Uzhavar Sandhai ) APMC,Onion Green,3900.0
Tamil Nadu,Thiruchirappalli,Manapparai(Uzhavar Sandhai ) APMC,Coriander(Leaves),3000.0
Tamil Nadu,Thiruchirappalli,Manapparai(Uzhavar Sandhai ) APMC,Chikoos(Sapota),5000.0
Tamil Nadu,Thiruchirappalli,Manapparai(Uzhavar Sandhai ) APMC,Amaranthus,2000.0
Tamil Nadu,Thiruchirappalli,Manapparai(Uzhavar Sandhai ) APMC,Beetroot,3300.0
Tamil Nadu,Thiruchirappalli,Manapparai(Uzhavar Sandhai ) APMC,Indian Beans(Seam),6000.0
Tamil Nadu,Thiruchirappalli,Musiri(Uzhavar Sandhai ) APMC,Coriander(Leaves),2750.0
Tamil Nadu,Thiruchirappalli,Musiri(Uzhavar Sandhai ) APMC,Cluster beans,3750.0
Tamil Nadu,Thiruchirappalli,Musiri(Uzhavar Sandhai ) APMC,Betal Leaves,7500.0
Tamil Nadu,Thiruchirappalli,Musiri(Uzhavar Sandhai ) APMC,Carrot,3300.0
Tamil Nadu,Thiruchirappalli,Musiri(Uzhavar Sandhai ) APMC,Raddish,2300.0
Tamil Nadu,Thiruchirappalli,Musiri(Uzhavar Sandhai ) APMC,Lemon,15000.0
Tamil Nadu,Thiruchirappalli,Musiri(Uzhavar Sandhai ) APMC,Colacasia,4300.0
Tamil Nadu,Thiruchirappalli,Thiruverumbur(Uzhavar Sandhai ) APMC,Onion,1800.0
Tamil Nadu,Thiruchirappalli,Thiruverumbur(Uzhavar Sandhai ) APMC,Bhindi(Ladies Finger),5600.0
Tamil Nadu,Thiruchirappalli,Thiruverumbur(Uzhavar Sandhai ) APMC,Green Chilli,3600.0
Tamil Nadu,Thiruchirappalli,Thiruverumbur(Uzhavar Sandhai ) APMC,Cabbage,2500.0
Tamil Nadu,Thiruchirappalli,Thiruverumbur(Uzhavar Sandhai ) APMC,Thondekai,3000.0
Tamil Nadu,Thiruchirappalli,Thiruverumbur(Uzhavar Sandhai ) APMC,Indian Beans(Seam),6000.0
Tamil Nadu,Thiruchirappalli,Lalgudi(Uzhavar Sandhai ) APMC,Potato,4000.0
Tamil Nadu,Thiruchirappalli,Lalgudi(Uzhavar Sandhai ) APMC,Tomato,1800.0
Tamil Nadu,Thiruchirappalli,Lalgudi(Uzhavar Sandhai ) APMC,Amaranthus,1000.0
Tamil Nadu,Thiruchirappalli,Lalgudi(Uzhavar Sandhai ) APMC,Green Chilli,4000.0
Tamil Nadu,Thiruchirappalli,Lalgudi(Uzhavar Sandhai ) APMC,Cowpea(Veg),3000.0
Tamil Nadu,Thiruchirappalli,Lalgudi(Uzhavar Sandhai ) APMC,Beans,7000.0
Tamil Nadu,Thiruchirappalli,Lalgudi(Uzhavar Sandhai ) APMC,Ginger(Green),8000.0
Tamil Nadu,Thiruchirappalli,Lalgudi(Uzhavar Sandhai ) APMC,Sweet Potato,4000.0
Tamil Nadu,Thiruchirappalli,Lalgudi(Uzhavar Sandhai ) APMC,Lemon,16000.0
Tamil Nadu,Thiruchirappalli,Manachanallur(Uzhavar Sandhai ) APMC,Potato,3000.0
Tamil Nadu,Thiruchirappalli,Manachanallur(Uzhavar Sandhai ) APMC,Garlic,14000.0
Tamil Nadu,Thiruchirappalli,Manachanallur(Uzhavar Sandhai ) APMC,Coriander(Leaves),3000.0
Tamil Nadu,Thiruchirappalli,Manachanallur(Uzhavar Sandhai ) APMC,Pumpkin,1600.0
Tamil Nadu,Thiruchirappalli,Manachanallur(Uzhavar Sandhai ) APMC,Cowpea(Veg),3000.0
Tamil Nadu,Thiruchirappalli,Manachanallur(Uzhavar Sandhai ) APMC,Coconut,6000.0
Tamil Nadu,Thiruchirappalli,Manachanallur(Uzhavar Sandhai ) APMC,Beetroot,3000.0
Tamil Nadu,Thiruchirappalli,Manachanallur(Uzhavar Sandhai ) APMC,Mint(Pudina),3000.0
Tamil Nadu,Vellore,Gudiyatham(Uzhavar Sandhai ) APMC,Bitter gourd,2400.0
Tamil Nadu,Vellore,Gudiyatham(Uzhavar Sandhai ) APMC,Banana,5000.0
Tamil Nadu,Vellore,Gudiyatham(Uzhavar Sandhai ) APMC,Brinjal,3250.0
Tamil Nadu,Vellore,Gudiyatham(Uzhavar Sandhai ) APMC,Coriander(Leaves),3600.0
Tamil Nadu,Vellore,Gudiyatham(Uzhavar Sandhai ) APMC,Green Chilli,4000.0
Tamil Nadu,Vellore,Gudiyatham(Uzhavar Sandhai ) APMC,Cabbage,2500.0
Tamil Nadu,Vellore,Gudiyatham(Uzhavar Sandhai ) APMC,Ridgeguard(Tori),3000.0
Tamil Nadu,Vellore,Gudiyatham(Uzhavar Sandhai ) APMC,Raddish,1800.0
Tamil Nadu,Vellore,Gudiyatham(Uzhavar Sandhai ) APMC,Thondekai,4000.0
Tamil Nadu,Vellore,Gudiyatham(Uzhavar Sandhai ) APMC,Mango(Raw-Ripe),3600.0
Tamil Nadu,Vellore,Gudiyatham(Uzhavar Sandhai ) APMC,Knool Khol,3000.0
Tamil Nadu,Vellore,Kahithapattarai(Uzhavar Sandhai ) APMC,Coriander(Leaves),3500.0
Tamil Nadu,Vellore,Kahithapattarai(Uzhavar Sandhai ) APMC,Chikoos(Sapota),3500.0
Tamil Nadu,Vellore,Kahithapattarai(Uzhavar Sandhai ) APMC,Mousambi(Sweet Lime),8000.0
Tamil Nadu,Vellore,Kahithapattarai(Uzhavar Sandhai ) APMC,Tomato,1400.0
Tamil Nadu,Vellore,Kahithapattarai(Uzhavar Sandhai ) APMC,Bottle gourd,1500.0
Tamil Nadu,Vellore,Kahithapattarai(Uzhavar Sandhai ) APMC,Sweet Potato,3000.0
Tamil Nadu,Vellore,Kahithapattarai(Uzhavar Sandhai ) APMC,Ridgeguard(Tori),3250.0
Tamil Nadu,Vellore,Kahithapattarai(Uzhavar Sandhai ) APMC,Thondekai,4500.0
Tamil Nadu,Vellore,Kahithapattarai(Uzhavar Sandhai ) APMC,Green Avare(W),4500.0
Tamil Nadu,Vellore,Kahithapattarai(Uzhavar Sandhai ) APMC,Drumstick,2750.0
Tamil Nadu,Vellore,Kahithapattarai(Uzhavar Sandhai ) APMC,Tender Coconut,2750.0
Tamil Nadu,Vellore,Kahithapattarai(Uzhavar Sandhai ) APMC,Tamarind Fruit,16000.0
Tamil Nadu,Villupuram,Villupuram(Uzhavar Sandhai ) APMC,Onion,3000.0
Tamil Nadu,Villupuram,Villupuram(Uzhavar Sandhai ) APMC,Banana - Green,3000.0
Tamil Nadu,Villupuram,Villupuram(Uzhavar Sandhai ) APMC,Raddish,2500.0
Tamil Nadu,Villupuram,Villupuram(Uzhavar Sandhai ) APMC,Tender Coconut,3000.0
Tamil Nadu,Villupuram,Villupuram(Uzhavar Sandhai ) APMC,Elephant Yam(Suran)/Amorphophallus,3500.0
Tamil Nadu,Villupuram,Villupuram(Uzhavar Sandhai ) APMC,Rose(Local),30000.0
Tamil Nadu,Villupuram,Villupuram(Uzhavar Sandhai ) APMC,Sweet Corn ,4000.0
Tamil Nadu,Villupuram,Gingee(Uzhavar Sandhai ) APMC,Brinjal,3500.0
Tamil Nadu,Villupuram,Gingee(Uzhavar Sandhai ) APMC,Papaya,4000.0
Tamil Nadu,Villupuram,Gingee(Uzhavar Sandhai ) APMC,Tomato,1500.0
Tamil Nadu,Villupuram,Gingee(Uzhavar Sandhai ) APMC,Bottle gourd,2000.0
Tamil Nadu,Villupuram,Gingee(Uzhavar Sandhai ) APMC,Ridgeguard(Tori),4500.0
Tamil Nadu,Villupuram,Gingee(Uzhavar Sandhai ) APMC,Green Avare(W),4000.0
Tamil Nadu,Villupuram,Gingee(Uzhavar Sandhai ) APMC,Lemon,12000.0
Tamil Nadu,Virudhunagar,Aruppukottai(Uzhavar Sandhai ) APMC,Onion,2750.0
Tamil Nadu,Virudhunagar,Aruppukottai(Uzhavar Sandhai ) APMC,Potato,2750.0
Tamil Nadu,Virudhunagar,Aruppukottai(Uzhavar Sandhai ) APMC,Green Peas,7500.0
Tamil Nadu,Virudhunagar,Aruppukottai(Uzhavar Sandhai ) APMC,Tomato,1750.0
Tamil Nadu,Virudhunagar,Aruppukottai(Uzhavar Sandhai ) APMC,Banana - Green,3250.0
Tamil Nadu,Virudhunagar,Aruppukottai(Uzhavar Sandhai ) APMC,Ginger(Green),7500.0
Tamil Nadu,Virudhunagar,Aruppukottai(Uzhavar Sandhai ) APMC,Carrot,4000.0
Tamil Nadu,Virudhunagar,Aruppukottai(Uzhavar Sandhai ) APMC,Beetroot,2750.0
Tamil Nadu,Virudhunagar,Aruppukottai(Uzhavar Sandhai ) APMC,Tender Coconut,4500.0
Tamil Nadu,Virudhunagar,Rajapalayam(Uzhavar Sandhai ) APMC,Coriander(Leaves),4750.0
Tamil Nadu,Virudhunagar,Rajapalayam(Uzhavar Sandhai ) APMC,Chikoos(Sapota),3300.0
Tamil Nadu,Virudhunagar,Rajapalayam(Uzhavar Sandhai ) APMC,Papaya,3250.0
Tamil Nadu,Virudhunagar,Rajapalayam(Uzhavar Sandhai ) APMC,Bottle gourd,1250.0
Tamil Nadu,Virudhunagar,Rajapalayam(Uzhavar Sandhai ) APMC,Amaranthus,2750.0
Tamil Nadu,Virudhunagar,Rajapalayam(Uzhavar Sandhai ) APMC,Green Chilli,3750.0
Tamil Nadu,Virudhunagar,Rajapalayam(Uzhavar Sandhai ) APMC,Coconut,5250.0
Tamil Nadu,Virudhunagar,Rajapalayam(Uzhavar Sandhai ) APMC,Snakeguard,2250.0
Tamil Nadu,Virudhunagar,Rajapalayam(Uzhavar Sandhai ) APMC,Drumstick,4750.0
Tamil Nadu,Virudhunagar,Virudhunagar(Uzhavar Sandhai ) APMC,Bitter gourd,3750.0
Tamil Nadu,Virudhunagar,Virudhunagar(Uzhavar Sandhai ) APMC,Pumpkin,1800.0
Tamil Nadu,Virudhunagar,Virudhunagar(Uzhavar Sandhai ) APMC,Carrot,3750.0
Tamil Nadu,Virudhunagar,Virudhunagar(Uzhavar Sandhai ) APMC,Snakeguard,2250.0
Tamil Nadu,Virudhunagar,Virudhunagar(Uzhavar Sandhai ) APMC,Beetroot,2750.0
Tamil Nadu,Virudhunagar,Virudhunagar(Uzhavar Sandhai ) APMC,Raddish,2250.0
Tamil Nadu,Virudhunagar,Virudhunagar(Uzhavar Sandhai ) APMC,Green Avare(W),5750.0
Tamil Nadu,Virudhunagar,Virudhunagar(Uzhavar Sandhai ) APMC,Chow Chow,2250.0
Tamil Nadu,Virudhunagar,Virudhunagar(Uzhavar Sandhai ) APMC,Onion Green,2750.0
Tamil Nadu,Virudhunagar,Sivakasi(Uzhavar Sandhai ) APMC,Coriander(Leaves),4500.0
Tamil Nadu,Virudhunagar,Sathur(Uzhavar Sandhai ) APMC,Banana,3750.0
Tamil Nadu,Virudhunagar,Sathur(Uzhavar Sandhai ) APMC,Bitter gourd,5750.0
Tamil Nadu,Virudhunagar,Sathur(Uzhavar Sandhai ) APMC,Pumpkin,2250.0
Tamil Nadu,Virudhunagar,Sathur(Uzhavar Sandhai ) APMC,Coconut,5750.0
Tamil Nadu,Virudhunagar,Sathur(Uzhavar Sandhai ) APMC,Snakeguard,3250.0
Tamil Nadu,Virudhunagar,Sathur(Uzhavar Sandhai ) APMC,Lemon,11500.0
Tamil Nadu,Virudhunagar,Kariyapatti(Uzhavar Sandhai ) APMC,Banana,3750.0
Tamil Nadu,Virudhunagar,Kariyapatti(Uzhavar Sandhai ) APMC,Green Peas,7750.0
Tamil Nadu,Virudhunagar,Kariyapatti(Uzhavar Sandhai ) APMC,Ashgourd,1750.0
Tamil Nadu,Virudhunagar,Kariyapatti(Uzhavar Sandhai ) APMC,Snakeguard,2750.0
Tamil Nadu,Virudhunagar,Kariyapatti(Uzhavar Sandhai ) APMC,Lemon,11500.0
Tamil Nadu,Virudhunagar,Thalavaipuram(Uzhavar Sandhai ) APMC,Onion,2750.0
Tamil Nadu,Virudhunagar,Thalavaipuram(Uzhavar Sandhai ) APMC,Potato,2750.0
Tamil Nadu,Virudhunagar,Thalavaipuram(Uzhavar Sandhai ) APMC,Amaranthus,3150.0
Tamil Nadu,Virudhunagar,Thalavaipuram(Uzhavar Sandhai ) APMC,Cabbage,2750.0
Tamil Nadu,Virudhunagar,Thalavaipuram(Uzhavar Sandhai ) APMC,Raddish,2750.0
Tamil Nadu,Virudhunagar,Thalavaipuram(Uzhavar Sandhai ) APMC,Chow Chow,2850.0
Tamil Nadu,Virudhunagar,Thalavaipuram(Uzhavar Sandhai ) APMC,Onion Green,3600.0
Tamil Nadu,Nagercoil (Kannyiakumari),Myladi(Uzhavar Sandhai ) APMC,Brinjal,4750.0
Tamil Nadu,Nagercoil (Kannyiakumari),Myladi(Uzhavar Sandhai ) APMC,Papaya,3750.0
Tamil Nadu,Nagercoil (Kannyiakumari),Myladi(Uzhavar Sandhai ) APMC,Bhindi(Ladies Finger),5750.0
Tamil Nadu,Nagercoil (Kannyiakumari),Myladi(Uzhavar Sandhai ) APMC,Beans,8500.0
Tamil Nadu,Nagercoil (Kannyiakumari),Myladi(Uzhavar Sandhai ) APMC,Tapioca,3750.0
Tamil Nadu,Nagercoil (Kannyiakumari),Myladi(Uzhavar Sandhai ) APMC,Drumstick,2750.0
Tamil Nadu,Chengalpattu,Pallavaram(Uzhavar Sandhai ) APMC,Cauliflower,1750.0
Tamil Nadu,Chengalpattu,Pallavaram(Uzhavar Sandhai ) APMC,Brinjal,3750.0
Tamil Nadu,Chengalpattu,Pallavaram(Uzhavar Sandhai ) APMC,Coriander(Leaves),5500.0
Tamil Nadu,Chengalpattu,Pallavaram(Uzhavar Sandhai ) APMC,Bitter gourd,4500.0
Tamil Nadu,Chengalpattu,Pallavaram(Uzhavar Sandhai ) APMC,Bhindi(Ladies Finger),5500.0
Tamil Nadu,Chengalpattu,Pallavaram(Uzhavar Sandhai ) APMC,Ginger(Green),6500.0
Tamil Nadu,Chengalpattu,Pallavaram(Uzhavar Sandhai ) APMC,Carrot,4500.0
Tamil Nadu,Chengalpattu,Pallavaram(Uzhavar Sandhai ) APMC,Beetroot,3750.0
Tamil Nadu,Chengalpattu,Pallavaram(Uzhavar Sandhai ) APMC,Raddish,2750.0
Tamil Nadu,Chengalpattu,Pallavaram(Uzhavar Sandhai ) APMC,Chow Chow,2750.0
Tamil Nadu,Chengalpattu,Pallavaram(Uzhavar Sandhai ) APMC,Karbuja(Musk Melon),2750.0
Tamil Nadu,Chengalpattu,Pallavaram(Uzhavar Sandhai ) APMC,Elephant Yam(Suran)/Amorphophallus,6750.0
Tamil Nadu,Chengalpattu,Pallavaram(Uzhavar Sandhai ) APMC,Yam(Ratalu),4750.0
Tamil Nadu,Chengalpattu,Pallavaram(Uzhavar Sandhai ) APMC,Indian Beans(Seam),6500.0
Tamil Nadu,Chengalpattu,Medavakkam(Uzhavar Sandhai ) APMC,Bottle gourd,2750.0
Tamil Nadu,Chengalpattu,Medavakkam(Uzhavar Sandhai ) APMC,Green Avare(W),4500.0
Tamil Nadu,Chengalpattu,Nanganallur(Uzhavar Sandhai ) APMC,Banana,5500.0
Tamil Nadu,Chengalpattu,Nanganallur(Uzhavar Sandhai ) APMC,Cluster beans,5000.0
Tamil Nadu,Chengalpattu,Nanganallur(Uzhavar Sandhai ) APMC,Green Chilli,5250.0
Tamil Nadu,Chengalpattu,Nanganallur(Uzhavar Sandhai ) APMC,Ridgeguard(Tori),5000.0
Tamil Nadu,Chengalpattu,Nanganallur(Uzhavar Sandhai ) APMC,Knool Khol,3750.0
Tamil Nadu,Chengalpattu,Nanganallur(Uzhavar Sandhai ) APMC,Pomegranate,13500.0
Tamil Nadu,Chengalpattu,Nanganallur(Uzhavar Sandhai ) APMC,Lemon,7500.0
Tamil Nadu,Chengalpattu,Madhuranthagam(Uzhavar Sandhai ) APMC,Potato,3000.0
Tamil Nadu,Chengalpattu,Madhuranthagam(Uzhavar Sandhai ) APMC,Raddish,2000.0
Tamil Nadu,Chengalpattu,Jameenrayapettai(Uzhavar Sandhai ) APMC,Cauliflower,1750.0
Tamil Nadu,Chengalpattu,Jameenrayapettai(Uzhavar Sandhai ) APMC,Papaya,3750.0
Tamil Nadu,Chengalpattu,Jameenrayapettai(Uzhavar Sandhai ) APMC,Tomato,1750.0
Tamil Nadu,Chengalpattu,Jameenrayapettai(Uzhavar Sandhai ) APMC,Bhindi(Ladies Finger),5500.0
Tamil Nadu,Chengalpattu,Jameenrayapettai(Uzhavar Sandhai ) APMC,Green Chilli,3750.0
Tamil Nadu,Chengalpattu,Jameenrayapettai(Uzhavar Sandhai ) APMC,Cowpea(Veg),5500.0
Tamil Nadu,Chengalpattu,Jameenrayapettai(Uzhavar Sandhai ) APMC,Banana - Green,3750.0
Tamil Nadu,Chengalpattu,Jameenrayapettai(Uzhavar Sandhai ) APMC,Tapioca,3750.0
Tamil Nadu,Chengalpattu,Jameenrayapettai(Uzhavar Sandhai ) APMC,Ginger(Green),6500.0
Tamil Nadu,Chengalpattu,Jameenrayapettai(Uzhavar Sandhai ) APMC,Carrot,4500.0
Tamil Nadu,Chengalpattu,Jameenrayapettai(Uzhavar Sandhai ) APMC,Snakeguard,3750.0
Tamil Nadu,Chengalpattu,Jameenrayapettai(Uzhavar Sandhai ) APMC,Beetroot,3750.0
Tamil Nadu,Chengalpattu,Jameenrayapettai(Uzhavar Sandhai ) APMC,Capsicum,5500.0
Tamil Nadu,Chengalpattu,Jameenrayapettai(Uzhavar Sandhai ) APMC,Chow Chow,2750.0
Tamil Nadu,Chengalpattu,Jameenrayapettai(Uzhavar Sandhai ) APMC,Knool Khol,3750.0
Tamil Nadu,Chengalpattu,Jameenrayapettai(Uzhavar Sandhai ) APMC,Karbuja(Musk Melon),2750.0
Tamil Nadu,Chengalpattu,Jameenrayapettai(Uzhavar Sandhai ) APMC,Yam(Ratalu),4500.0
Tamil Nadu,Chengalpattu,Guduvancheri(Uzhavar Sandhai ) APMC,Apple,19000.0
Tamil Nadu,Chengalpattu,Guduvancheri(Uzhavar Sandhai ) APMC,Onion,2250.0
Tamil Nadu,Chengalpattu,Guduvancheri(Uzhavar Sandhai ) APMC,Brinjal,3750.0
Tamil Nadu,Chengalpattu,Guduvancheri(Uzhavar Sandhai ) APMC,Mousambi(Sweet Lime),7500.0
Tamil Nadu,Chengalpattu,Guduvancheri(Uzhavar Sandhai ) APMC,Tomato,1750.0
Tamil Nadu,Chengalpattu,Guduvancheri(Uzhavar Sandhai ) APMC,Cluster beans,4500.0
Tamil Nadu,Chengalpattu,Guduvancheri(Uzhavar Sandhai ) APMC,Pumpkin,1750.0
Tamil Nadu,Chengalpattu,Guduvancheri(Uzhavar Sandhai ) APMC,Banana - Green,3750.0
Tamil Nadu,Chengalpattu,Guduvancheri(Uzhavar Sandhai ) APMC,Raddish,2750.0
Tamil Nadu,Chengalpattu,Guduvancheri(Uzhavar Sandhai ) APMC,Drumstick,4500.0
Tamil Nadu,Chengalpattu,Guduvancheri(Uzhavar Sandhai ) APMC,Tender Coconut,3500.0
Tamil Nadu,Chengalpattu,Guduvancheri(Uzhavar Sandhai ) APMC,Yam(Ratalu),4500.0
Tamil Nadu,Chengalpattu,Guduvancheri(Uzhavar Sandhai ) APMC,Onion Green,4500.0
Tamil Nadu,Chengalpattu,Guduvancheri(Uzhavar Sandhai ) APMC,Mint(Pudina),2750.0
Tamil Nadu,Chengalpattu,Thirukalukundram(Uzhavar Sandhai ) APMC,Green Chilli,4500.0
Tamil Nadu,Chengalpattu,Thirukalukundram(Uzhavar Sandhai ) APMC,Drumstick,5000.0
Tamil Nadu,Chengalpattu,Thirukalukundram(Uzhavar Sandhai ) APMC,Amla(Nelli Kai),8500.0
Tamil Nadu,Ranipet,Ranipettai(Uzhavar Sandhai ) APMC,Groundnut,6500.0
Tamil Nadu,Ranipet,Ranipettai(Uzhavar Sandhai ) APMC,Banana,5500.0
Tamil Nadu,Ranipet,Ranipettai(Uzhavar Sandhai ) APMC,Grapes,12000.0
Tamil Nadu,Ranipet,Ranipettai(Uzhavar Sandhai ) APMC,Brinjal,2250.0
Tamil Nadu,Ranipet,Ranipettai(Uzhavar Sandhai ) APMC,Bhindi(Ladies Finger),3250.0
Tamil Nadu,Ranipet,Ranipettai(Uzhavar Sandhai ) APMC,Ginger(Green),7000.0
Tamil Nadu,Ranipet,Ranipettai(Uzhavar Sandhai ) APMC,Beetroot,3000.0
Tamil Nadu,Ranipet,Ranipettai(Uzhavar Sandhai ) APMC,Cucumbar(Kheera),2750.0
Tamil Nadu,Ranipet,Ranipettai(Uzhavar Sandhai ) APMC,Green Avare(W),4000.0
Tamil Nadu,Ranipet,Ranipettai(Uzhavar Sandhai ) APMC,Mango(Raw-Ripe),3500.0
Tamil Nadu,Ranipet,Ranipettai(Uzhavar Sandhai ) APMC,Indian Beans(Seam),4250.0
Tamil Nadu,Ranipet,Ranipettai(Uzhavar Sandhai ) APMC,Lemon,11000.0
Tamil Nadu,Ranipet,Ranipettai(Uzhavar Sandhai ) APMC,Amla(Nelli Kai),5500.0
Tamil Nadu,Ranipet,Ranipettai(Uzhavar Sandhai ) APMC,Sweet Corn ,3000.0
Tamil Nadu,Ranipet,Arcot(Uzhavar Sandhai ) APMC,Beans,5300.0
Tamil Nadu,Ranipet,Arcot(Uzhavar Sandhai ) APMC,Raddish,2750.0
Tamil Nadu,Ranipet,Arcot(Uzhavar Sandhai ) APMC,Capsicum,5000.0
Tamil Nadu,Ranipet,Arcot(Uzhavar Sandhai ) APMC,Mango(Raw-Ripe),4500.0
Tamil Nadu,Ranipet,Arcot(Uzhavar Sandhai ) APMC,Knool Khol,3000.0
Tamil Nadu,Ranipet,Arcot(Uzhavar Sandhai ) APMC,Marigold(Calcutta),22000.0
Tamil Nadu,Thirupur,Palladam(Uzhavar Sandhai ) APMC,Banana,3500.0
Tamil Nadu,Thirupur,Palladam(Uzhavar Sandhai ) APMC,Brinjal,2750.0
Tamil Nadu,Thirupur,Palladam(Uzhavar Sandhai ) APMC,Coriander(Leaves),4500.0
Tamil Nadu,Thirupur,Palladam(Uzhavar Sandhai ) APMC,Bitter gourd,4500.0
Tamil Nadu,Thirupur,Palladam(Uzhavar Sandhai ) APMC,Snakeguard,2750.0
Tamil Nadu,Thirupur,Palladam(Uzhavar Sandhai ) APMC,Raddish,2250.0
Tamil Nadu,Thirupur,Tiruppur (South) (Uzhavar Sandhai ) APMC,Cauliflower,2750.0
Tamil Nadu,Thirupur,Tiruppur (South) (Uzhavar Sandhai ) APMC,Brinjal,2750.0
Tamil Nadu,Thirupur,Tiruppur (South) (Uzhavar Sandhai ) APMC,Bitter gourd,4250.0
Tamil Nadu,Thirupur,Tiruppur (South) (Uzhavar Sandhai ) APMC,Green Chilli,3750.0
Tamil Nadu,Thirupur,Tiruppur (South) (Uzhavar Sandhai ) APMC,Banana - Green,2250.0
Tamil Nadu,Thirupur,Tiruppur (South) (Uzhavar Sandhai ) APMC,Carrot,2750.0
Tamil Nadu,Thirupur,Tiruppur (South) (Uzhavar Sandhai ) APMC,Mango(Raw-Ripe),4500.0
Tamil Nadu,Thirupur,Tiruppur (South) (Uzhavar Sandhai ) APMC,Mint(Pudina),1750.0
Tamil Nadu,Thirupur,Dharapuram(Uzhavar Sandhai ) APMC,Cauliflower,3250.0
Tamil Nadu,Thirupur,Dharapuram(Uzhavar Sandhai ) APMC,Coriander(Leaves),4650.0
Tamil Nadu,Thirupur,Dharapuram(Uzhavar Sandhai ) APMC,Bottle gourd,1400.0
Tamil Nadu,Thirupur,Dharapuram(Uzhavar Sandhai ) APMC,Green Chilli,4250.0
Tamil Nadu,Thirupur,Dharapuram(Uzhavar Sandhai ) APMC,Cabbage,2750.0
Tamil Nadu,Thirupur,Dharapuram(Uzhavar Sandhai ) APMC,Green Avare(W),6250.0
Tamil Nadu,Thirupur,Dharapuram(Uzhavar Sandhai ) APMC,Chow Chow,2750.0
Tamil Nadu,Thirupur,Dharapuram(Uzhavar Sandhai ) APMC,Mango(Raw-Ripe),4750.0
Tamil Nadu,Thirupur,Dharapuram(Uzhavar Sandhai ) APMC,Guava,4750.0
Tamil Nadu,Thirupur,Tiruppur (North) (Uzhavar Sandhai ) APMC,Onion,2250.0
Tamil Nadu,Thirupur,Tiruppur (North) (Uzhavar Sandhai ) APMC,Cauliflower,3250.0
Tamil Nadu,Thirupur,Tiruppur (North) (Uzhavar Sandhai ) APMC,Bottle gourd,1650.0
Tamil Nadu,Thirupur,Tiruppur (North) (Uzhavar Sandhai ) APMC,Sweet Potato,4750.0
Tamil Nadu,Thirupur,Tiruppur (North) (Uzhavar Sandhai ) APMC,Cabbage,1800.0
Tamil Nadu,Thirupur,Tiruppur (North) (Uzhavar Sandhai ) APMC,Snakeguard,2250.0
Tamil Nadu,Thirupur,Tiruppur (North) (Uzhavar Sandhai ) APMC,Drumstick,3000.0
Tamil Nadu,Thirupur,Tiruppur (North) (Uzhavar Sandhai ) APMC,Yam(Ratalu),4750.0
Tamil Nadu,Thirupur,Tiruppur (North) (Uzhavar Sandhai ) APMC,Onion Green,2750.0
Tamil Nadu,Thirupur,Kangayam(Uzhavar Sandhai ) APMC,Coriander(Leaves),4250.0
Tamil Nadu,Thirupur,Kangayam(Uzhavar Sandhai ) APMC,Papaya,2750.0
Tamil Nadu,Thirupur,Kangayam(Uzhavar Sandhai ) APMC,Pumpkin,1750.0
Tamil Nadu,Thirupur,Kangayam(Uzhavar Sandhai ) APMC,Bhindi(Ladies Finger),5300.0
Tamil Nadu,Thirupur,Kangayam(Uzhavar Sandhai ) APMC,Amaranthus,2250.0
Tamil Nadu,Thirupur,Kangayam(Uzhavar Sandhai ) APMC,Green Chilli,4400.0
Tamil Nadu,Thirupur,Kangayam(Uzhavar Sandhai ) APMC,Snakeguard,3500.0
Tamil Nadu,Thirupur,Kangayam(Uzhavar Sandhai ) APMC,Raddish,2600.0
Tamil Nadu,Thirupathur,Natrampalli(Uzhavar Sandhai ) APMC,Garlic,19000.0
Tamil Nadu,Thirupathur,Natrampalli(Uzhavar Sandhai ) APMC,Coriander(Leaves),3500.0
Tamil Nadu,Thirupathur,Natrampalli(Uzhavar Sandhai ) APMC,Amaranthus,1750.0
Tamil Nadu,Thirupathur,Natrampalli(Uzhavar Sandhai ) APMC,Banana - Green,2750.0
Tamil Nadu,Thirupathur,Natrampalli(Uzhavar Sandhai ) APMC,Beans,6500.0
Tamil Nadu,Thirupathur,Vaniyampadi(Uzhavar Sandhai ) APMC,Garlic,18000.0
Tamil Nadu,Thirupathur,Vaniyampadi(Uzhavar Sandhai ) APMC,Coriander(Leaves),3000.0
Tamil Nadu,Thirupathur,Vaniyampadi(Uzhavar Sandhai ) APMC,Beans,6000.0
Tamil Nadu,Thirupathur,Vaniyampadi(Uzhavar Sandhai ) APMC,Ginger(Green),7000.0
Tamil Nadu,Thirupathur,Vaniyampadi(Uzhavar Sandhai ) APMC,Beetroot,4000.0
Tamil Nadu,Thirupathur,Vaniyampadi(Uzhavar Sandhai ) APMC,Raddish,2500.0
Tamil Nadu,Thirupathur,Vaniyampadi(Uzhavar Sandhai ) APMC,Green Avare(W),4000.0
Tamil Nadu,Thirupathur,Vaniyampadi(Uzhavar Sandhai ) APMC,Drumstick,3000.0
Tamil Nadu,Thirupathur,Vaniyampadi(Uzhavar Sandhai ) APMC,Colacasia,6000.0
Tamil Nadu,Tenkasi,Tenkasi(Uzhavar Sandhai ) APMC,Tapioca,3500.0
Tamil Nadu,Tenkasi,Tenkasi(Uzhavar Sandhai ) APMC,Beetroot,3250.0
Tamil Nadu,Tenkasi,Tenkasi(Uzhavar Sandhai ) APMC,Green Avare(W),7000.0
Tamil Nadu,Tenkasi,Tenkasi(Uzhavar Sandhai ) APMC,Tender Coconut,3250.0
Tamil Nadu,Tenkasi,Sankarankoil(Uzhavar Sandhai ) APMC,Onion,2750.0
Tamil Nadu,Tenkasi,Sankarankoil(Uzhavar Sandhai ) APMC,Bottle gourd,1000.0
Tamil Nadu,Tenkasi,Sankarankoil(Uzhavar Sandhai ) APMC,Banana - Green,3250.0
Tamil Nadu,Tenkasi,Sankarankoil(Uzhavar Sandhai ) APMC,Onion Green,3250.0
Tamil Nadu,Kallakuruchi,Kallakurichi(Uzhavar Sandhai ) APMC,Groundnut,8000.0
Tamil Nadu,Kallakuruchi,Kallakurichi(Uzhavar Sandhai ) APMC,Coriander(Leaves),6000.0
Tamil Nadu,Kallakuruchi,Kallakurichi(Uzhavar Sandhai ) APMC,Cluster beans,4000.0
Tamil Nadu,Kallakuruchi,Kallakurichi(Uzhavar Sandhai ) APMC,Bottle gourd,2000.0
Tamil Nadu,Kallakuruchi,Kallakurichi(Uzhavar Sandhai ) APMC,Sweet Potato,3000.0
Tamil Nadu,Kallakuruchi,Kallakurichi(Uzhavar Sandhai ) APMC,Snakeguard,3000.0
Tamil Nadu,Kallakuruchi,Kallakurichi(Uzhavar Sandhai ) APMC,Ridgeguard(Tori),4000.0
Tamil Nadu,Kallakuruchi,Kallakurichi(Uzhavar Sandhai ) APMC,Knool Khol,5000.0
Tamil Nadu,Kallakuruchi,Kallakurichi(Uzhavar Sandhai ) APMC,Guava,5000.0
Tamil Nadu,Kallakuruchi,Kallakurichi(Uzhavar Sandhai ) APMC,Lemon,10000.0
Tamil Nadu,Kallakuruchi,Sankarapuram(Uzhavar Sandhai ) APMC,Onion,3000.0
Tamil Nadu,Kallakuruchi,Sankarapuram(Uzhavar Sandhai ) APMC,Water Melon,2500.0
Tamil Nadu,Kallakuruchi,Sankarapuram(Uzhavar Sandhai ) APMC,Ashgourd,3000.0
Tamil Nadu,Kallakuruchi,Sankarapuram(Uzhavar Sandhai ) APMC,Cucumbar(Kheera),6000.0
Tamil Nadu,Kallakuruchi,Sankarapuram(Uzhavar Sandhai ) APMC,Yam(Ratalu),4000.0
Rajasthan,Jaipur,Bassi APMC,Barley(Jau),2125.0
Rajasthan,Jaipur,Bassi APMC,Dhaincha,8901.0
Rajasthan,Jaipur,Bassi APMC,Onion,1900.0
Rajasthan,Jaipur,Bassi APMC,Mustard,6728.0
Tamil Nadu,Tuticorin,Tuticorin(Uzhavar Sandhai ) APMC,Green Peas,6750.0
Tamil Nadu,Tuticorin,Tuticorin(Uzhavar Sandhai ) APMC,Chikoos(Sapota),3750.0
Tamil Nadu,Tuticorin,Tuticorin(Uzhavar Sandhai ) APMC,Cowpea(Veg),3250.0
Tamil Nadu,Tuticorin,Tuticorin(Uzhavar Sandhai ) APMC,Ginger(Green),9500.0
Tamil Nadu,Tuticorin,Tuticorin(Uzhavar Sandhai ) APMC,Coconut,6750.0
Tamil Nadu,Tuticorin,Tuticorin(Uzhavar Sandhai ) APMC,Beetroot,3250.0
Tamil Nadu,Tuticorin,Tuticorin(Uzhavar Sandhai ) APMC,Thondekai,4750.0
Tamil Nadu,Tuticorin,Tuticorin(Uzhavar Sandhai ) APMC,Onion Green,3750.0
Madhya Pradesh,Shivpuri,Magroni(F&V) APMC,Brinjal,800.0
Madhya Pradesh,Ujjain,Ujjain APMC,Onion,988.93
Madhya Pradesh,Ujjain,Ujjain APMC,Methi Seeds,5610.0
Madhya Pradesh,Ujjain,Ujjain APMC,Garlic,2600.0
Madhya Pradesh,Datia,Bhander APMC,Wheat,2270.0
Madhya Pradesh,Satna,Satna APMC,Wheat,2175.0
Madhya Pradesh,Vidisha,Ganjbasoda APMC,Mustard,6380.0
Madhya Pradesh,Katni,Katni APMC,Wheat,2250.0
Madhya Pradesh,Morena,Morena APMC,Arhar(Tur/Red Gram)(Whole),5000.0
Madhya Pradesh,Morena,Morena APMC,Onion,800.0
Karnataka,Davangere,Harappana Halli APMC,Ragi(Finger Millet),2828.0
Madhya Pradesh,Raisen,Raisen APMC,Wheat,2380.0
Madhya Pradesh,Hoshangabad,Itarsi APMC,Paddy(Common),3715.0
Madhya Pradesh,Dhar,Dhar APMC,Maize,1630.0
Madhya Pradesh,Dhar,Dhar APMC,Wheat,2120.0
Madhya Pradesh,Khargone,Khargone APMC,Wheat,2200.0
Madhya Pradesh,Khargone,Khargone APMC,Bengal Gram(Gram)(Whole),5011.0
Madhya Pradesh,Khargone,Khargone APMC,Maize,1325.0
Tamil Nadu,Nagercoil (Kannyiakumari),Vadaseri APMC,Banana,3750.0
Tamil Nadu,Nagercoil (Kannyiakumari),Vadaseri APMC,Potato,3050.0
Tamil Nadu,Nagercoil (Kannyiakumari),Vadaseri APMC,Coriander(Leaves),4750.0
Tamil Nadu,Nagercoil (Kannyiakumari),Vadaseri APMC,Cabbage,3250.0
Tamil Nadu,Nagercoil (Kannyiakumari),Vadaseri APMC,Lime,3750.0
Tamil Nadu,Nagercoil (Kannyiakumari),Vadaseri APMC,Kakada,172500.0
Tamil Nadu,Nagercoil (Kannyiakumari),Vadaseri APMC,Elephant Yam(Suran)/Amorphophallus,4250.0
Tamil Nadu,Nagercoil (Kannyiakumari),Vadaseri APMC,Lemon,12500.0
Madhya Pradesh,Indore,Mhow APMC,Maize,1680.0
Madhya Pradesh,Burhanpur,Burhanpur APMC,Maize,1425.0
Madhya Pradesh,Burhanpur,Burhanpur APMC,Wheat,2150.0
Madhya Pradesh,Morena,Kailaras APMC,Bajra(Pearl Millet/Cumbu),1850.0
Madhya Pradesh,Chhatarpur,Chhatarpur APMC,Wheat,2250.0
Tamil Nadu,Pudukkottai,Karambakkudi(Uzhavar Sandhai ) APMC,Banana,7500.0
Tamil Nadu,Pudukkottai,Karambakkudi(Uzhavar Sandhai ) APMC,Papaya,2750.0
Tamil Nadu,Pudukkottai,Karambakkudi(Uzhavar Sandhai ) APMC,Bottle gourd,1900.0
Tamil Nadu,Pudukkottai,Karambakkudi(Uzhavar Sandhai ) APMC,Snakeguard,2250.0
Tamil Nadu,Pudukkottai,Karambakkudi(Uzhavar Sandhai ) APMC,Mango(Raw-Ripe),5500.0
Tamil Nadu,Pudukkottai,Karambakkudi(Uzhavar Sandhai ) APMC,Onion Green,3750.0
Madhya Pradesh,Harda,Harda APMC,Wheat,2220.0
Madhya Pradesh,Dhar,Dhamnod APMC,Soanf,8000.0
Madhya Pradesh,Dhar,Dhamnod APMC,Wheat,2125.0
Madhya Pradesh,Dewas,Sonkatch APMC,Wheat,2200.0
Madhya Pradesh,Shajapur,Agar APMC,Wheat,2220.0
Madhya Pradesh,Shajapur,Agar APMC,Wheat,2105.0
Madhya Pradesh,Bhind,Gohad APMC,Bengal Gram(Gram)(Whole),5285.0
Madhya Pradesh,Sagar,Khurai APMC,Wheat,2600.0
Madhya Pradesh,Dindori,Dindori APMC,Kutki,3500.0
Madhya Pradesh,Dindori,Dindori APMC,dhawai flowers,3800.0
Madhya Pradesh,Umariya,Umariya APMC,Wheat,2305.0
Tamil Nadu,Vellore,Vellore APMC,Chikoos(Sapota),3500.0
Tamil Nadu,Vellore,Vellore APMC,Cluster beans,3500.0
Tamil Nadu,Vellore,Vellore APMC,Bitter gourd,3000.0
Tamil Nadu,Vellore,Vellore APMC,Tapioca,3500.0
Tamil Nadu,Vellore,Vellore APMC,Beetroot,2400.0
Tamil Nadu,Vellore,Vellore APMC,Cucumbar(Kheera),3000.0
Tamil Nadu,Vellore,Vellore APMC,Capsicum,3500.0
